id,precio_soles,precio_dolares,mantenimiento,direccion,ubicacion,area_total,dormitorios,banos,estacionamientos,descripcion,url,site
14793,666600,199000,350,no informado,"Valle Hermoso, Santiago de Surco",132,3,3,2,"Se vende departamento en estreno de 3 dormitorios con zona de parrilla y piscina. * Incluye estacionamiento doble lineal + depósito. Precio: usd 199, 000. no paga alcabala. venta de departamento en santiago de surco en un espectacular buen precio de mercado. Departamento N°802 y N°902. Cuenta con 3 dormitorios amplios. Área construida: 132. 20 m2. Este increíble departamento de 132m² te ofrece la combinación perfecta de amplitud, iluminación natural y tranquilidad. Aquí, cada rincón está diseñado para brindarte el máximo confort y calidad de vida. Características principales del departamento: - Ascensor directo al departamento, brindándote una entrada privada y exclusiva cada vez que llegues a casa. - Sala Comedor: Un espacio amplio con una vista exterior y con ventanas que aíslan el ruido. - Cocina abierta: Estilo americano con muebles altos y bajos con encimera de cuarzo y un lavadero tipo isla. - Dormitorio principal con walk in closet y baño incluido. - Dormitorio secundario 1 con closet. - Dormitorio secundario 2 con closet. - 3 Baños Completos. - Estacionamiento doble lineal. - Gas Calidda: 2 puntos (cocina y lavandería). - Mantenimiento: S/ 350. Áreas comunes: El edificio cuenta con: Lobby doble altura, Terraza con zona de parrillas y Piscina. Departamento N°802 y N°902. Cuenta con 3 dormitorios amplios. Área techada: 132. 20m2. Precio $ 199, 000. Este departamento es más que una vivienda, es un estilo de vida. ¡Contáctanos para más información y agenda tu visita hoy mismo! Contacto: Miguel Morales - Agente inmobiliario. Cel: 947*291*769",https://urbania.pe/inmueble/clasificado/veclapin-venta-de-departamento-en-valle-hermoso-santiago-de-surco-3-dormitorios-146702574?n_src=Listado&n_pills=Parrilla&n_pg=132&n_pos=28,urbania
14794,455000,135000,300,no informado,"Ate Vitarte, Lima",81,3,2,1,"Se vende dúplex de excelente distribución, ubicado frente a parque, ideal para quienes valoran comodidad, buena iluminación natural y una ubicación privilegiada en Salamanca. Cuenta con una ubicación estratégica, cerca a supermercado, a solo 5 minutos del Jockey Plaza - U. Lima y con fácil acceso al Trébol de Javier Prado, lo que asegura una conectividad eficiente hacia distintos distritos de la ciudad. El inmueble dispone de mamparas en ambos niveles con vista directa al parque, que aportan amplitud visual, luminosidad y una agradable conexión con el entorno verde. Adicionalmente, incluye lavandería en el último piso, brindando mayor practicidad y una mejor organización de los espacios.",https://urbania.pe/inmueble/clasificado/veclappa-venta-de-departamento-en-ate-vitarte-lima-3-dormitorios-148731946?n_src=Listado&n_pills=Frente+a+parque&n_pg=132&n_pos=29,urbania
15101,0,120000,0,"Departamento en Av. Del Ejército 459, Magdalena Del Mar, Perú","Magdalena del Mar, Lima",67.5,3,2,0,🏡Departamento en Magdalena cerca a Malecón 📍Ubicado en Av. Del Ejército cuadra 4 - Piso 7 Al frente de D'Gañia 📐Área...,https://www.laencontre.com.pe/inmueble/4869-88eb-1985cec-3fd26b99a53a-7761,laencontre
14795,226000,66990,80,no informado,"Lince, Lima",50,1,1,0,"Visite “hoy”. Lindo dpto totalmente remodelado como “nuevo dpto”. Ideal para vivir o para inversion. 1 dormitorio con closet Grande + 1 sala comedor amplia + 1 cocina americana +1 baño completo con agua caliente. Entrada independiente. Unico propietario. Excelente oportunidad. Documentos en regla para la venta de la propiedad. . I) ubicación: - A la derecha, a 3 cuadras de la ave. Arequipa, ave. Petit thouars, ave. Arenales. -Hacia abajo, a 4 cuadras a la avenida javier prado. - A la izquierda, a 4 cuadras de la via expresa-metropilatano, avenida prolongacion de iquitos. - Hacia arriba, a 3 cuadras de la avenida canevaro (juan pardo de zela). - Cerca a todo medio de Transporte, Mercado, Bodegas, Bancos, etc. . Ii) caracteristicas: -1er dormitorio entra cama 2 Plazas / queen. Tiene closet grande para guardar muchas pertenencias. - 1 cocina kitchennete americana: Totalmente Remodelado. Tiene Reposteros altos y bajos. Mesa y lavadero. - 1 sala comedor grande: Hermoso piso tratado con dd lo que le da un brillo elegante y vistoso para cuando tenga visitas. Bastante iluminación y ventilación para cuando usted quiera tener su sala comedor bien iluminada y ventilada. - 1 baño completo: Con Ducha. Agua Caliente. Espejos grandes. 3. Esta en 3er piso. Edificio con estructura antisísmico. 4. Pisos de buena calidad. Anti alérgicos, higiénico, Fácil de limpiar. 5. Dentro del edificio respire tranquilidad, seguridad. El condominio se da mantenimiento diario. 6. Tiene toda la Luminaria en todo el dpto (sala, cocina, dormitorios, baños, etc). Modernos, en excelentes condiciones.",https://urbania.pe/inmueble/clasificado/veclapin-venta-de-departamento-en-lince-lima-1-dormitorio-149412706?n_src=Listado&n_pills=Cerca+a+colegios&n_pg=132&n_pos=30,urbania
14796,0,0,0,no informado,"Liguria, Santiago de Surco",92,2,2,1,"Entrega inmediata · Piso 3. A veces el espacio justo es exactamente lo que se necesita. Este flat de 92m² en el tercer piso tiene terraza propia, dos dormitorios bien resueltos y una ubicación en uno de los rincones más tranquilos de Santiago de Surco, listo para entrar a vivir. 92. 71m² totales Terraza propia · 2 dormitorios · 2 baños completos · Dormitorio principal con baño incorporado · Baño de visita independiente · Sala comedor · Cocina · Certificación edge · Gym · parrilla · coworking · pet zone · lobby · el precio incluye 1 estacionamiento y deposito. Financia bbva. Santiago de Surco, frente al parque, cerca a Av. Alfredo Benavides. Y Tomas Marsano. También disponibles en este mismo edificio: piso 4 · 2 dormitorios · 92. 72m² Otras unidades de 2, 3 y 4 dormitorios desde S/802, 503. Consulta disponibilidad por WhatsApp. El precio incluye 1 estacionamiento + deposito",https://urbania.pe/inmueble/clasificado/veclapin-venta-de-departamento-en-liguria-santiago-de-surco-2-dormitorios-149262643?n_src=Listado&n_pills=Gimnasio&n_pg=133&n_pos=1,urbania
14797,175000,52000,150,no informado,"Los Parques De Villa El Salvador, Villa el Salvador",63,3,2,0,"Lindo departamento en venta. Ubicado en Av. Los Algarrobos N° 1440 - Cerca al Mercado Unicachi de vs. Condominio Los Parques de Villa el Salvador 2 - Edificio B. Area de 63 m2. Precio de venta 175, 000 Soles. - Quinto piso con vista externa. - Descripción: - Sala - Comedor con vista externa. - Cocina abierta con reposteros altos y bajos, tiene instalación a gas cálida. - 03 Habitaciones con amplios ventanales, excelente iluminación y ventilación.. 1 Dormitorio principal con baño incorporado.. 2 Dormitorios secundarios. - 02 Baños.. 01 Baño de uso compartido.. 01 Baño dentro de la habitación principal. - Área de Lavandería. Detalle: Condominio Los Parques de Villa el Salvador 2. - Lugar seguro y tranquilo. - Pórtico de ingreso con Cámaras de videovigilancia. - Vigilancia las 24 horas. Bonitas áreas comunes que hacen de la convivencia un ambiente grato y familiar.: - Hermoso parque interior. - Áreas Verdes. - Sala de reuniones de dos pisos.. Primer piso cerrado.. Segundo piso con sombra y área de parrillas. - Zona infantil con juegos para niños. Beneficios: Su proximidad a colegios, universidades, supermercados, centros de salud y a la Panamericana Sur lo hacen el lugar ideal para vivir junto a tu familia. Ubicación estratégica: - En Avenida Los Algarrobos. - A pocas cuadras del Mercado Unicachi. - A pocas cuadras del Mega-plaza de Villa El Salvador. - A 3 cuadras de la Av. El Sol. - Cerca de paraderos del alimentador del Metropolitano. - A pasos de losas deportivas y zonas de recreación. - A 5 minutos de Real Plaza, Unicachi y Hospital Solidaridad. - A 7 minutos del Centro Bancario, Municipalidad de ves. - Cerca a la Universidad Autónoma. - Cerca a la Universidad utp. - Cerca a la Carretera Panamericana Sur. - Cerca de Avenidas y Parques. Contáctanos. 9. 5. 6*5. 3. 5*9. 5. 0. Gloria Jauregui Rojas. agente inmobiliario",https://urbania.pe/inmueble/clasificado/veclapin-venta-de-departamento-en-los-parques-de-villa-el-salvador-villa-el-salvador-3-dormitorios-148571555?n_src=Listado&n_pills=%C3%81rea+de+lavander%C3%ADa&n_pg=133&n_pos=2,urbania
14798,682500,195000,420,no informado,"Liguria, Santiago de Surco",117,3,2,2,"Departamento ubicado en Avenida Ayacucho cuadra 14, a sólo 3 cuadras de la avenida Benavides. Distrito de Santiago de Surco. Acogedor departamento en venta, cuenta con área de 117 M2, en tercer piso con vista a calle. El ingreso es directo con ascensor y además cuenta con puerta super segura. Sala - comedor con mamparas de pared a pared las cuales brindan gran iluminación y ventilación. Baño de visitas. El departamento tiene tres dormitorios. El dormitorio principal de amplio tamaño con baño completo incluído. Buenos closets con cajonería. Dos dormitorios secundarios, con closet y de muy buen tamaño. 1 baño completo para los dos dormitorios secundarios. El hall cuenta con un closet, para guardar ropa blanca. Cocina con muebles altos y bajos, tableros de granito, cocina empotrada a gas, espacio para refrigeradora de dos puertas. Puerta falsa. Lavandería, cuarto y baño de servicio. El edificio de 5 pisos tiene 9 años de construido, en total son 8 departamentos. Dos cocheras lineales, con ascensor (montacarga), ubicadas en el primer sótano. Un amplio depósito en el mismo sótano. El mantenimiento es aproximadamente S/. 420 soles mensuales. Incluye el agua (con medidor). Con portero de lunes a viernes de de 7: 00 am. A 9: 00 pm. Sábados de 7: 00 am. A 8: 00 pm. Se acepta mascota. Perfecta ubicación: Colegios muy cerca como Cristo Salvador, Von Humbolt, Colegio Champagnat, André Malraux, etc. A pocas cuadras de la Av. Benavides cuadra 40. A una cuadra de un pequeño centro comercial con botica, un Tambo, panadería y restaurantes. A dos cuadras de un amplio y hermoso parque con juegos para niños. El departamento se encuentra en muy buen estado. La inversión es $195, 000 dólares americanos. Precio conversable. Es una excelente oportunidad para vivir y disfrutar con su familia en este inmueble tranquilo y seguro. visitas al Ver datos",https://urbania.pe/inmueble/clasificado/veclapin-venta-de-departamento-en-liguria-santiago-de-surco-3-dormitorios-148220781?n_src=Listado&n_pills=Guardian%C3%ADa%2FSeguridad+privada&n_pg=133&n_pos=3,urbania
14799,3277500,950000,0,no informado,"Miraflores, Lima",313,3,3,0,"Venta de Dúplex exclusivo departamento frente al mar en Miraflores. ¡¡Malecón de la Marina, Miraflores!! Te presentamos este espectacular dúplex 2001 de area ocupada 311. 38m² y area techada 235. 40m², dúplex 2002 de area ocupada 311. 84m² y area techada 233. 96m² ubicado en una de las zonas más privilegiadas de Lima. Disfruta de una impresionante vista al mar y al malecón, ideal para quienes buscan vivir con estilo, confort y una conexión única con el entorno. **Distribución y características: - 3 amplias habitaciones. - Habitación principal con baño interno y finos acabados en mármol. - 2 habitaciones secundarias cada uno con baños completos. - 1/2 Baño de visitas. - Amplia sala comedor con excelente iluminación natural. - Balcón. - Sala de estar ideal para compartir en familia. - Cocina con elegante encimera de cuarzo. - Área de lavandería. - Área de servicio. - Terraza. - Área de Jardin. **Además, el departamento se entrega sin equipar, perfecto para que puedas diseñarlo y personalizarlo completamente a tu gusto. **Dúplex de area ocupada 311. 38m² y area techada 235. 40m²** 3 Dormitorios. Dpto. 2001: Precio desde: $1'350, 000 (lo dejan $950, 000 dólares) **Dúplex 2002 de area ocupada 311. 84m² y area techada 233. 96m²** 3 Dormitorios. Dpto. 2002: Precio desde: $1'350, 000 (lo dejan $950, 000 dólares) amenidades: Zona de parrilla, salón de reuniones, piscina. Vive cada día con el sonido del mar y atardeceres inigualables. Una oportunidad perfecta tanto para vivienda como inversión en una zona de alta valorización. **Adicionales. Estacionamiento simple: $17, 000. Estacionamiento doble: $25, 000. Deposito: $5, 000. Estacionamiento de Bicicletas: $1, 000. Entrega Julio 2026. *Contáctame para más información o agenda tu visita. ¡¡Tu próximo hogar frente al mar te espera!! Ag. Wendy Saldivar 9*3*2*5*5*9*6*8*6",https://urbania.pe/inmueble/clasificado/veclapin-venta-de-departamento-en-miraflores-lima-3-dormitorios-149401368?n_src=Listado&n_pills=Guardian%C3%ADa%2FSeguridad+privada&n_pg=133&n_pos=4,urbania
14809,1190000,350000,900,no informado,"Santiago de Surco, Lima",186,3,2,2,"Departamento en venta en santiago de surco. Calle las agatas - 4 piso. venta: us$ 350, 000. 00. A. O. : 186. 00 m2, A. C. : 186. 00 m2. Mant.: S/ 850. 00 x mes. Sin muebles, 15 años de antigüedad, vista a jardínes, en muy buen estado, piso 4, guardianía, flat. Hall de ingreso, sala, comedor, comedor de diario, cocina, sala de estar, 3 dormitorios, 2. 5 baños, 1 baño incorporado, 1 cuarto de servicio, 1 baño de servicio, lavandería, 1 depósito. Terraza, piscina, 2 cocheras tipo en línea en sótano, ascensor. Areas comunes, permite mascotas, walk-in closet, areas verdes. Cocheras en primer sotano, juegos recreacionales para niños. precio referencial en soles",https://urbania.pe/inmueble/clasificado/veclapin-venta-de-departamento-en-santiago-de-surco-lima-3-dormitorios-4257222?n_src=Listado&n_pills=%C3%81rea+de+lavander%C3%ADa&n_pg=133&n_pos=14,urbania
15102,0,290000,0,"Departamento en Av. Gral. Eugenio Garzón, Jesús María, Perú","Jesus Maria, Lima",143,3,4,0,VENDO EDIFICIO DE 3 PISOS C/AZOTEA y AIRES con minis departamentos para renta o modificación del inmueble para vivienda...,https://www.laencontre.com.pe/inmueble/cb6c-b917-19507bf-3b9af1cbfbfa-73c5,laencontre
14800,857500,250000,350,no informado,"Miraflores, Lima",85,2,2,1,"Se ofrece en venta acogedor y funcional departamento ubicado en una de las zonas más exclusivas y demandadas de Miraflores, sobre el Malecón 28 de Julio, ideal para quienes buscan comodidad, seguridad y una excelente ubicación cerca al mar. El inmueble cuenta con un área total de 84. 53 m², distribuido de manera eficiente en 2 dormitorios y 2 baños completos, brindando ambientes cómodos y bien iluminados. Se encuentra en el 2° piso de un edificio de 14 niveles, con ascensor y guardianía las 24 horas, lo que garantiza seguridad y tranquilidad. La cocina funciona con gas de balón y dispone de terma eléctrica. Además, el departamento incluye lavandería y un estacionamiento externo (N° 10A). El edificio presenta un mantenimiento aproximado de S/ 350, cuenta con áreas comunes como recibidor, escaleras y ascensor, y es pet friendly, ideal para quienes tienen mascotas. Con 36 años de antigüedad (independizado en 1990), esta propiedad representa una excelente oportunidad tanto para vivienda como inversión. Precio de venta: us$ 250, 000 (incluye estacionamiento) Gestiona Exploria Grupo Inmobiliario. Cod. 0512",https://urbania.pe/inmueble/clasificado/veclapin-venta-de-departamento-en-miraflores-lima-2-dormitorios-149490649?n_src=Listado&n_pills=Guardian%C3%ADa%2FSeguridad+privada&n_pg=133&n_pos=5,urbania
14801,0,0,250,no informado,"La Calera, Surquillo",87,4,3,0,"Hermoso duplex con tecnologia smart de 4 dormitorios de estreno. Parece casita de 2 pisos! No paga alcabala. Inscrito en registros publicos. Características: vista externa. Área ocupada: 87mt² Piso 8 con ascensor. Primer nivel: Amplia sala comedor con pisos de porcelanato premium. Medio baño de visita. Cocina abierta con precioso tablero de cuarzo blanco, reposteros altos y bajos con diseño minimalista. Luces led decorativas en reposteros. Viene equipada con encimera de hornillas, campana y un moderno lavadero multifuncional con 8 diferentes chorros de agua para el lavado de vajilla y otros usos. 1 habitación clóset. Medio baño de visita con elegantes acabados. Elegante escalera iluminada con luces led con pasos de madera. Segundo Nivel: 4 dormitorios, el principal con baño incorporado y finos acabados. Grifería importada con ducha española. 1 baño completo compartido. Todas las habitaciones tienen clóset con cajonería y gozan de vista externa, muy iluminados. 1 área de lavandería independiente. Iluminación Smart con interruptores digitales compatibles con aplicaciones como Siri, Hey Google o Alexa. Chapa digital Smart con lector de huella y clave en puerta principal. Video Portero con pantalla táctil. Edificio preparado con intalaciones para gas natural. En el primer piso hay estacionamiento para bicicletas. Estacionamientos en sótano desde S/69, 000. 00. No está incluído en el precio del duplex. Zona de áreas comunes en el décimo piso como salón de usos múltiples y elegante zona de bbq. A 1 cuadra de parque, cerca a colegios, centros de abasto, farmacias, cc Open Plaza, Real Plaza y a avenidas de mucha conectividad como la Av Aviación, Av Villarán, Tomás Marsano y Av Principal. Ven a conocerlo!",https://urbania.pe/inmueble/clasificado/veclapin-venta-de-departamento-en-la-calera-surquillo-4-dormitorios-144730250?n_src=Listado&n_pills=Cerca+a+colegios&n_pg=133&n_pos=6,urbania
14802,775905,224900,150,no informado,"Las Gardenias, Santiago de Surco",166,3,3,1,"Departamento en 1er piso con jardincitos, en calle tranquila, pero a pasos de todo. Este departamento en primer piso lo tiene todo: espacio, luz natural, terrazas y una distribución perfecta para la vida en familia. 166. 25 m² de comodidad. 3 dormitorios (principal con baño y terraza) Jardín interior + patios que iluminan todo el depa. Cocina amplia + lavandería con patio. Cuarto y baño de servicio. 1 estacionamiento con puerta eléctrica. Edificio familiar de solo 3 pisos. Ubicación privilegiada en Surco: cerca de supermercados, restaurantes, bancos, gimnasios y con salidas rápidas a las principales avenidas. A minutos de: Parque de la Amistad, Loma Amarilla y Parque Tradición. Escríbeme y agenda tu visita. Este tipo de propiedades no aparece todos los días.",https://urbania.pe/inmueble/clasificado/veclapin-venta-de-departamento-en-las-gardenias-santiago-de-surco-3-dormitorios-149065804?n_src=Listado&n_pills=%C3%81rea+de+lavander%C3%ADa&n_pg=133&n_pos=7,urbania
14803,929162,274900,300,no informado,"Surquillo, Lima",188,3,3,1,"Vive en este acogedor Penthouse con amplia terraza y vista panorámica. Disfruta privacidad, luz natural y el espacio ideal para compartir. Además, acceso directo a un lindo parque privado.. Ubicado en el corazón del Barrio Médico, con acceso inmediato a Miraflores, San Borja y Surco, cerca de clínicas, centros empresariales y servicios. Precio de oportunidad: us$ 274, Ver datos. 71 m² Totales (145 m² techados): Mantenimiento: S/300. Cochera + depósito. Con Ascensor directo al departamento en el piso 8. Distribución: Disfruta de una gran terraza privada de 25 m² aproximadamente, con vista panorámica 180° a la ciudad: - Con Sol y sombra. - Vidrio templado sobre el parapeto perimetral para disfrutar de la vista panorámica. - Zona bbq con parrilla de acero inoxidable. - Zona lounge o comedor exterior. Todo para gozar de momentos únicos con excelente luz natural. Sala-comedor amplia e iluminada. - Mamparas de pared a pared. - Excelente ventilación natural. - Pisos spc de alta resistencia (100% resistentes al agua) nuevos. Cocina moderna recientemente remodelada. - Tablero de granito negro. - Muebles altos con acabado high gloss, y bajos en Melamina tropicalizada (anti-humedad) - Iluminación led indirecta. - Piso de Porcelanato. - Diseño funcional y contemporáneo. Dormitorio principal. - Con ambiente adicional ideal para home office, sala privada o dormitorio para niño. - Baño privado con jacuzzi. - Amplios closets. 2 Dormitorios secundarios. - Con closets y baño familiar con ducha y vidrio templado. Baño de visitas. Área de servicio completa. - Lavandería independiente. - Cuarto y baño de servicio. Incluye: - 1 cochera. - 1 depósito amplio. ventaja competitiva. Los departamentos de estreno en la zona ofrecen mucho menos espacio por precios similares. Aquí obtienes más metros, privacidad y un verdadero penthouse. Contáctanos para reservar tu visita vía email y en el más breve plazo te atenderemos.. #penthouse surquillo. #departamento con terraza. #barrio médico. #departamento amplio. #cerca san isidro. #departamento con home office",https://urbania.pe/inmueble/clasificado/veclapin-venta-de-departamento-en-surquillo-lima-3-dormitorios-149525808?n_src=Listado&n_pills=Cuartos+de+servicio&n_pg=133&n_pos=8,urbania
14804,1112200,332000,500,no informado,"San Borja Sur, San Borja",190,3,3,2,"Se Vende Hermoso y Amplio Departamento en la Urbanización san borja sur - Tercera Etapa en san borja. Exclusivo Edificio de sólo 06 departamentos. Zona muy linda y residencial, muy cerca a avenidas principales como: Av. Parque Sur, Av. Gálvez Barrenechea, Av. San Borja Sur, a una cuadra de lindo Parque. También se encuentra muy cerca al distrito de San Isidro, zona de Corpac, cerca a Clínica Ricardo Palma, Colegio San Agustín, Centro financiero de San Isidro. El Edificio cuenta adicionalmente con Ascensor a pasillo y recepción. El Departamento se encuentra ubicado en el primer piso, sus ambientes son amplios, cómodos, muy iluminados, ventilados, cuenta con lindos acabados y excelente distribución. Área Ocupada: 189. 60m2. Área Construida: 146. 87m2. Antigüedad: 2019 - paga alcabala! Precio de Venta: us$334, 000. 00 dólares americanos. distribución: -Amplia Sala - Comedor, la cual se conecta con linda y amplia terraza social. -Amplia Terraza Social, con techo Sol y Sombra y zona de bbq. -01 Estacionamiento ideal para una camioneta. -Baño de visitas. -Amplia Cocina Cerradaa con comedor de diario cuenta con tableros de granito, muebles altos y bajos, cuenta con mucho espacio para almacenamiento, espacio para una refrigeradora de 02 puertas con conexión de agua. -Área de servicio completa: Lavandería, Cuarto y baño de servicio. -Terraza donde se ha desarrollado un depósito en drywall. -Pasillo de distribución, cuenta con closet para ropa de cama y blancos. -01 Amplio Dormitorio Principal con amplio closets de pared a pared y baño incorporado con doble lavadero y mueble bajo, con puertas en vidrio templado en la ducha; en el dormitorio entra una cama king size y conecta con un ambiete de Oficina y Waling Closet. -02 Dormitorios Secundarios con closets, de regular tamaño (en ambos entran camas de 02 plazas) -01 Baño completo que comparten las 02 habitaciones secundarias, cuenta con vidrio templado en la ducha. sótano: -01 Amplio Estacionamiento (entra una Pic Up) documentos en regla! Se puede financiar con cualquier banco!! Contacta a nuestra Agente Inmobiliario: Carolina zecenarro. Celular/WhatsApp -9. 9. 2. 0. 5. 0. 4. 3. 8. **El Tipo de Cambio (T. C) utilizado en esta publicación es de 3. 45, el Precio de Venta en Soles es sólo referencial, ya que el Inmueble se vende en dólares ** **",https://urbania.pe/inmueble/clasificado/veclapin-venta-de-departamento-en-san-borja-sur-san-borja-3-dormitorios-148198525?n_src=Listado&n_pills=Cuartos+de+servicio&n_pg=133&n_pos=9,urbania
14805,1370650,395000,500,no informado,"Las Magnolias, Santiago de Surco",303,3,3,2,"Penthouse rodeado de impresionantes terrazas con vistas a parque. 3 dormitorios, cada uno con baño incorporado y walk-in closet. Cocina cerrada, área de lavandería con patio. Cuarto y baño de servicio. 2 cocheras en línea techadas. Piso 5, 2 pisos, 2 departamentos por piso, 10 departamentos en total. Se permiten mascotas, duplex, 14 años de antigüedad, frente a parque, moderno. Sin muebles, 1 sala, comedor, cocina cerrada, lavandería, 3 dormitorios, walk-in closet, 3. 5 baños, 3 baños incorporados, 1 cuarto de servicio, 1 baño de servicio, 2 cocheras tipo en línea techadas, pisos de madera en área privada, pisos de madera en área social, 1 ascensor, ascensor, terraza de 100. 00 m2, patio.",https://urbania.pe/inmueble/clasificado/veclapin-venta-de-departamento-en-las-magnolias-santiago-de-surco-3-dormitorios-149210591?n_src=Listado&n_pills=%C3%81rea+de+lavander%C3%ADa&n_pg=133&n_pos=10,urbania
14806,870000,260000,100,no informado,"Mayorazgo, Ate Vitarte",204,2,2,2,"Contáctame al 996*120*572. Se vende todo amoblado y equipado! Vive una experiencia que combina la comodidad de un hogar listo para entrar a vivir con el lujo de tener tu propio espacio de entretenimiento privado en las alturas. Ubicación estratégica Y privilegiada. • Ubicado en la tranquila y consolidada Urbanización Mayorazgo, límite con La Molina. • A pocos pasos del Centro Pre-Universitario de la Universidad de Lima y de avenidas principales como Huarochirí y Javier Prado. • Conectividad perfecta para familias académicas y profesionales exigentes. Tu hogar llave en mano, con todo incluido. Este no es un departamento cualquiera. Es un producto premium listo para crear memorias desde el primer día, sin gastos extra ni trámites de mudanza. Características principales: • Área total: 203. 87 m² | Área techada: 118. 03 m² • 2 dormitorios con baño privado. • 2 cocheras con portón eléctrico enrollable. Distribución Y equipamiento de alta gama en primer piso: • Sala-Comedor: Amoblada y equipada con tv 50"". • Cocina Integrada (Kitchenette): Totalmente equipada con cocina eléctrica y a gas empotrada, horno, microondas, campana, refrigeradora de dos puertas y vajilla completa. • Baño de visita. • Dormitorio Principal con Suite de Lujo: Incluye cama, roperos de pared a pared, jacuzzi incorporado, aire acondicionado/calefacción y terraza. • Dormitorio Secundario Amplio: Con baño privado y espacio para escritorio. • Lavandería. • Sistema de seguridad y alarma integrado. La joya de la propiedad: tu terraza-azotea privada (área de entretenimiento exclusiva) Sube a tu refugio personal en el 5to Piso. Un espacio de más de 85 m² que es el verdadero diferencial de esta propiedad. Equipamiento Completo para el Entretenimiento: • Zona de Lounge: Con 2 juegos de sala casual y mesas de centro. • Área de Parrillas y Gastronomía: Equipada con parrilla con mesa de cuarzo, caja china, horno de barro y cocina eléctrica. • Bar Completo y comedor exterior para 8 personas. • Comodidades Adicionales: Congeladora, lavadero, baño de visita y estufas para todo clima. Este inmueble es perfecto para:  Familias con hijos preuniversitarios/universitarios que valoran la proximidad a la Universidad de Lima y un hogar completo sin complicaciones.  Profesionales y ejecutivos que buscan un ""hogar-llave en mano"" con amenidades de lujo, privacidad y espacios para socializar.  Inversionistas inteligentes que visualizan un activo listo para alquiler corporativo o de lujo de alto rendimiento. Precio Negociable. Si este estilo de vida singular es lo que has estado buscando ¡Agenda Tu Visita Privada! Contáctame al 996*120*572",https://urbania.pe/inmueble/clasificado/veclapin-venta-de-departamento-en-mayorazgo-ate-vitarte-2-dormitorios-148501380?n_src=Listado&n_pills=Cerca+a+colegios&n_pg=133&n_pos=11,urbania
14807,1446520,430000,700,no informado,"Chacarilla Del Estanque, Santiago de Surco",179,3,4,3,"Departamento en venta Chacarilla- Surco | Velasco Astete cdra. 11. Amplio y exclusivo departamento ubicado en zona residencial de Santiago de Surco, con excelente distribución, seguridad y comodidad. Área: 178. 93 m² Piso: 4. Ascensor: Directo al departamento. Terraza amplia -Vista externa. Antigüedad: 11 años. Distribución: - Sala y comedor amplios e iluminados. - Zona de bar. - 3 dormitorios, todos con baño completo. - Sala de estar ( tv, escritorio, oficina) - Cocina remodelada con muebles altos y bajos. - Gas Cálidda. - Lavandería con centro de lavado. - Terma a gas. - Cuarto y baño de servicio. - Baño de visitas. Estacionamientos: - 3 cocheras(2 lineales y 1 paralela) - 1 depósito. Edificio: - Seguridad 24/7. - pet friendly. - Mantenimiento: S/ Ver datos. (incluye agua, limpieza del edificio y seguridad) Documentación: - Sin hipoteca. - Papeles en regla. Ubicación estratégica, cerca de avenidas principales, colegios y comercios.",https://urbania.pe/inmueble/clasificado/veclapin-venta-de-departamento-en-chacarilla-del-estanque-santiago-de-surco-3-dormitorios-148515227?n_src=Listado&n_pills=Seguridad&n_pg=133&n_pos=12,urbania
15103,0,119000,0,"Departamento en Santiago De Surco, Lima","Santiago de Surco, Lima",82,3,3,0,"SURCO - VENTA DEPARTAMENTO 1ER PISO - 3 DORM - 3 BAÑOS - A/SERVICIO - 1 ESTACIONAMIENTO BAJO DE PRECIO!!!!!!!! A US $ 120,000...",https://www.laencontre.com.pe/inmueble/1ac2-a81c-952735ec-3d1619a9c8-4a42,laencontre
14810,415000,120000,225,no informado,"Chorrillos, Lima",86,3,2,1,"Departamento remodelado en Chorrillos, a dos cuadras del Malecón GrauSe vende bonito departamento totalmente remodelado, ubicado en una excelente zona de Chorrillos, a solo dos cuadras del Malecón Grau, cerca de supermercados como Plaza Vea, comercios y restaurantes. El departamento se encuentra en el cuarto piso de un edificio con ascensor y acceso para personas con discapacidad, con solo tres departamentos por piso, lo que brinda mayor privacidad. La propiedad ha sido completamente remodelada, destacando sus pisos spc tipo madera de alta resistencia, ventanas antirruido y muebles empotrados modernos en los dormitorios. Distribución: • Sala comedor con buena iluminación natural• Cocina moderna con encimera de piedra• 3 dormitorios con closets y mobiliario empotrado• Dormitorio principal con baño incorporado• Segundo baño completo• Área de lavandería• 1 estacionamientoUn departamento listo para mudarse, ideal para quienes buscan vivir cerca al mar y disfrutar de una excelente ubicació",https://urbania.pe/inmueble/clasificado/veclapin-venta-de-departamento-en-chorrillos-lima-3-dormitorios-149176417?n_src=Listado&n_pills=%C3%81rea+de+lavander%C3%ADa&n_pg=133&n_pos=15,urbania
14811,525383,155900,0,no informado,"La Calera, Surquillo",87,2,3,0,"La calera - surquillo. dúplex de estreno. Frente al parque. Listo para entrega inmediata! No paga alcabala! Conexión a Gas Calidda. Excelente ubicación fácil acceso a la Av. Aviación, Av. Angamos, Av. Caminos del Inca, Estación tren Angamos, Chacarilla. Límite Surco y San Borja!! 1. *Departamento 901 - Dúplex. - *Metraje: * 87 m² *descripción: 1er nivel: - Sala comedor. Vista a parque. - ½ baño de visita. - Cocina abierta equipada. Encimera, campana, horno marca Sole. - Lavandería cerrada con poza y clóset. 2do nivel: - 02 dormitorios. - Principal con baño y terraza, vista al parque. - Habitación secundaria con clóset. - 01 baño completo. - *Precio: * 155, 900 usd. opcional: Estacionamiento desde us$ 14, 000 mil dólares. Liberado lo puedes financiar con cualquier entidad financiera. Sino cuentas con tu carta, te ayudo a obtenerla. Visitas y consultas: Milagros Paredes A.",https://urbania.pe/inmueble/clasificado/veclapin-venta-de-departamento-en-la-calera-surquillo-2-dormitorios-147997014?n_src=Listado&n_pills=Guardian%C3%ADa%2FSeguridad+privada&n_pg=133&n_pos=16,urbania
14812,346000,99000,250,no informado,"San Eugenio, Lince",71,2,2,0,"Ocasión para adquirir un departamento de 71 m², con vista interior, ubicado en el distrito de Lince, en excelente zona límite con San Isidro, cerca de avenidas principales, comercios, bancos y con fácil acceso al transporte. Características del departamento: * Área: 71 m² * ️ 2 dormitorios. * 2 baños completos. * ️ Vista interior, ambientes tranquilos y bien distribuidos. * Zona residencial de alta demanda y buena valorización. Precio: usd 99, 000. Ideal para vivienda propia o inversión por su ubicación estratégica y atractivo precio. Informes y visitas:   (9*9*7*1*0*8*7*6*8)",https://urbania.pe/inmueble/clasificado/veclappa-venta-de-departamento-en-san-eugenio-lince-2-dormitorios-149326040?n_src=Listado&n_pg=133&n_pos=17,urbania
14813,867000,255000,400,no informado,"Miraflores, Lima",122,2,2,1,"Se vende departamento en Miraflores en edificio con áreas comunes (gimnasio, sala de reuniones y salón para niños) Piso: 11. Antigüedad: 8 años. Metraje: 122 m2. Sala/comedor con balcón. Baño de visita. Cocina cerrada. 2 dormitorios (habitación principal con baño incorporado y walk-in closet, habitación secundaria con walk-in closet y baño afuera) Lavandería. Cuarto y baño de servicio. 1 cochera en sótano. Mantenimiento: S/. 400. Precio: us$255, 000",https://urbania.pe/inmueble/clasificado/veclapin-venta-de-departamento-en-miraflores-lima-2-dormitorios-149399094?n_src=Listado&n_pills=Guardian%C3%ADa%2FSeguridad+privada&n_pg=133&n_pos=18,urbania
14814,856000,255000,390,no informado,"San Antonio, Miraflores",126,3,3,1,"Departamento de 126m2 Ubicado en Av. Paseo de la República 6237 - Miraflores. Esta ubicado en piso 11, Vista al exterior. Consta de: ︎ - Sala y Comedor con balcón con vista a la via expresa. ︎ - 1 Medio Baño de visita. ︎- Cocina con muebles altos y bajos ( cocina, horno y campana empotrada) ︎ - Cuarto de lavandería. ︎- 1 Baño completo de servicio. - 2 Dormitorios ( 2 dormitorios con walk in closet, un tercer dormitorio con opción a cierre en área de lavandería) ︎ - 3 Baños completos. - Chochera en tercer sótano. Valor total de venta: $ 260, 000. ︎ El edificio cuenta con: ︎ Gimnasio. ︎ 1 Sala de reuniones para 20 Personas aprox. ︎ 1 Cuarto de juegos para niños menos de 6 años. ︎ Vigilancia 24 hrs. ︎ Cámaras de seguridad. ︎ 2 Ascensores. ︎ Escaleras de Emergencia",https://urbania.pe/inmueble/clasificado/veclapin-venta-de-departamento-en-san-antonio-miraflores-3-dormitorios-146032625?n_src=Listado&n_pills=%C3%81rea+de+lavander%C3%ADa&n_pg=133&n_pos=19,urbania
14815,535000,155000,200,no informado,"San Borja, Lima",100,3,2,1,"Oportunidad Única en San Borja – A 1 cuadra del Liceo Naval y del Centro Naval. Si buscas un departamento con excelente ubicación, comodidad y potencial familiar, ¡este es el indicado! Ubicado en una de las zonas más tranquilas y mejor conectadas de San Borja, entre las avenidas Aviación y San Luis, este departamento es ideal para familias que valorizan seguridad, accesibilidad y una vida práctica cerca de todo. Características del Departamento. Área: 100 m² muy bien distribuidos. 4to piso – edificio familiar y tranquilo (sin ascensor) 1 estacionamiento. 1 Depósito. Distribución perfecta para familias: 3 dormitorios (el principal con baño incorporado) 1 baño completo adicional. Baño de visitas. Baño de servicio. Sala y comedor iluminados. Sala de estar / escritorio ideal para home office o zona de estudio. Cocina funcional con excelente ventilación. Ubicación Estratégica. A 1 cuadra del Liceo Naval Almirante Guise. A 1 cuadra del Centro Naval – ideal para socios que desean vivir cerca. A 2 cuadras del Tren Eléctrico (Estación La Cultura y/o San Borja Sur, según tramo) Rodeado de parques, tiendas, supermercados, bancos y servicios. Zona muy tranquila y residencial, perfecta para familias. Ideal para: Familias con hijos en el Liceo Naval. Socios del Centro Naval. Inversionistas que buscan alta rentabilidad en San Borja. Parejas o familias que buscan vivir en un distrito seguro y céntrico. #VentaDepartamento #SanBorja #DepartamentoEnVenta #InmobiliariaPerú #OportunidadInmobiliaria #DptoEnVenta #LiceoNaval #CentroNaval #FamiliasSanBorja #InversionInmobiliaria #VivirEnSanBorja #DepartamentoLima #VentaDeInmuebles #PropiedadEnVenta #ZonaTranquila #DepartamentoFamiliar #Cercanoatodo #RealEstatePeru #AgenteInmobiliario #Dpto100m2",https://urbania.pe/inmueble/clasificado/veclapin-venta-de-departamento-en-san-borja-lima-3-dormitorios-148263665?n_src=Listado&n_pills=Cerca+a+colegios&n_pg=133&n_pos=20,urbania
14816,221000,65000,0,no informado,"Covida, Los Olivos",67,2,1,0,"Departamento en venta – Los Olivos | A 1 cuadra de Av. Palmeras. Se vende departamento de 67 m², ubicado en tercer piso, dentro de un edificio privado de pocos departamentos, lo que garantiza tranquilidad, privacidad y buena convivencia. - Sala comedor. - Cocina de concepto cerrado con muebles altos y bajos. - 2 habitaciones amplias. - 1 baño completo. - Área de lavandería y tendal independiente. Ubicación estratégica: a solo 2 cuadras de la Av. Palmeras, cerca de transporte, comercios, colegios y servicios. Precio: $65, 000. Documentación 100% en regla – Listo para la venta inmediata. No esperes más y agenda tu visita",https://urbania.pe/inmueble/clasificado/veclapin-venta-de-departamento-en-covida-los-olivos-2-dormitorios-148777768?n_src=Listado&n_pills=%C3%81rea+de+lavander%C3%ADa&n_pg=133&n_pos=21,urbania
15104,0,188000,0,"Departamento en Avenida San Martín, Barranco, Perú","Barranco, Lima",87,1,2,0,"Acogedor departamento en venta ubicado en el primer piso, a pasos del Malecón Paul Harris, cerca de cafés, librerías, bares...",https://www.laencontre.com.pe/inmueble/f0e8-b55b-198ab6d-2a6efafee554-733a,laencontre
14819,354000,95000,0,no informado,"Chiclayo, Chiclayo",80,3,2,0,"Venta de departamento en el centro de chiclayo. departamento en el cuarto piso ubicado en el centro de chiclayo, frente a la universidad de lambayeque Y al costado del centro pre de la unprg. A pocos minutos de la plaza de armas, catedral, banco de la nación, fiscalía Y poder judicial de chiclayo. Muy cerca de Supermercados – Instituciones – Hospitales – Clínicas y varios negocios comerciales. Cuenta con un área de 80 m2. Año de construcción es del 2012. Precio del departamento es de 95 mil dólares. Constan de la siguiente distribución: • sala comedor amplio. • balcón con vista a la calle. • cocina con reposteros Altos y bajos. • 3 habitaciones. • 1 habitación de servicio O depósito. • 2 baños. • lavandería. • azotea. *Tiene cámaras de vigilancia externas E internas. *Contáctanos para realizar una visita.",https://urbania.pe/inmueble/clasificado/veclapin-venta-de-departamento-en-chiclayo-chiclayo-3-dormitorios-145670833?n_src=Listado&n_pills=Cerca+a+colegios&n_pg=133&n_pos=24,urbania
14820,837500,250000,300,no informado,"Lima Polo Hunt Club, Santiago de Surco",169,3,3,2,"Vendo hermoso e impecable departamento en la mejor zona de Santiago de Surco, en la Urbanización Polo Hunt frente al Club Lima Polo a pocas cuadras de la Embajada de los Estados Unidos, el Fundo Odría y el Club Árabe Palestino. Si tienes hijos en etapa universitaria este departamento es tu mejor opción ya que se encuentra a pocas cuadras de la Universidad upc, esan, Universidad de Piura y de Lima, y tendrás todo a tu alcance como el Centro Comercial Jockey Plaza y El Polo; y en donde encontrarás supermercados, bancos, farmacias, restaurantes, pastelerías, grifos y mucho más! El departamento está en excelentes condiciones de habitabilidad, cuenta con una excelente distribución, iluminación natural y una linda vista exterior del Club Lima Polo, se encuentra en el 2do piso, mide 169 m2 y tiene dos estacionamientos paralelos con control remoto. Las mascotas son bienvenidas!! Características específicas: * Sala y comedor amplios con hermosa vista exterior del Club Lima Polo. * Baño de visitas. * Cocina cerrada con muebles altos y bajos. Espacio para comedor de diario. Alacena empotrado. * Área de servicio completa (Lavandería, cuarto y baño de servicio completo). Mueble para depósito y útiles de aseo. * Family room o sala de estar. * Dormitorio principal amplio con balcón y closet de pared a pared. Cuenta con vista externa. Tiene baño incorporado. * Dos dormitorios secundarios amplios con closet de pared a pared. * Baño completo para los dormitorios secundarios. * Dos estacionamientos paralelos. - Además incluye: - Cortinas y luminarias en todos los ambientes. - Therma. ¡Necesitas verlo ya!! Te aseguro que te encantará este hermoso y acogedor departamento!! Anímate Y agenda una cita al 9*4*6*2*4*6*3*5*7 ó 9*8*3*4*2*4*2*9*0. gladys gutiérrez. Código: mvcs-pn Ver datos",https://urbania.pe/inmueble/clasificado/veclapin-venta-de-departamento-en-lima-polo-hunt-club-santiago-de-surco-3-dormitorios-147923137?n_src=Listado&n_pills=Seguridad&n_pg=133&n_pos=25,urbania
14821,523600,154000,90,no informado,"Los Cedros De Villa, Chorrillos",141,4,2,0,"Características destacadas: • 3 dormitorios amplios con closet, todos con excelente iluminación natural y balcón interno cada uno. • Cocina con muebles altos y bajos de fino acabado. • Biblioteca o estudio ideal para home office. • Amplia terraza, perfecta para zona de parrilla y reuniones familiares con sol y sombra. • Balcón con vista directa a la calle con sol y sombra. • Sala y comedor con excelente distribución. • Sala de estar independiente. • Lavandería amplia y funcional. • 2 baños con finos acabados. Características del inmueble y entorno: • Ubicado en una zona residencial tranquila y segura. • Seguridad y vigilancia las 24 horas. • Cercano a colegios reconocidos (Trilce, Pamer, Casita de Cartón, entre otros). • Próximo a supermercados, gimnasios y comercios. • Excelente conectividad y acceso a transporte público. • Cerca a lindos parques. Una excelente oportunidad para vivir con comodidad, seguridad y calidad de vida. Nota: Trato directo, favor de abstenerse corredores.",https://urbania.pe/inmueble/clasificado/veclappa-venta-de-departamento-en-los-cedros-de-villa-chorrillos-4-dormitorios-148738620?n_src=Listado&n_pills=Seguridad&n_pg=133&n_pos=26,urbania
14822,700999,205000,400,no informado,"Chacarilla Del Estanque, Santiago de Surco",85,2,2,1,"¡vive en una de las zonas más exclusivas tranquilas Y seguras de lima. perfecto para familias parejas O inversión inmobiliaria! ¡oportunidad en chacarilla del estanque! Vendo acogedor Y amplio departamento en primer piso. ubicación privilegiada en chacarilla del estanque. cerca A av primavera panamericana sur Y av aviación. rodeado de centros comerciales como cc monterrico. cc chacarilla del estanque Y real plaza primavera. área total 85 M² sala comedor iluminada. 2 habitaciones más 1 habitación de servicio. 2 baños completos. cocina con buena distribución. amplia lavandería independiente. ambiente adicional multiuso para escritorio depósito U otro uso. 1 cocheras paralela con ingreso independiente. + cochera opcional 15, 000 dolares. contacta para más información Y agendar una visita 9. 9. 0. 0. 7. 4. 2. 4. 5",https://urbania.pe/inmueble/clasificado/veclapin-venta-de-departamento-en-chacarilla-del-estanque-santiago-de-surco-2-dormitorios-149233400?n_src=Listado&n_pills=Guardian%C3%ADa%2FSeguridad+privada&n_pg=133&n_pos=27,urbania
14823,672750,195000,350,no informado,"Miraflores, Lima",67,1,1,1,"Se vende departamento de 1 dormitorio y 1 baño y medio, en 5to piso en Miraflores en Av. La Paz Cdra. 14 a espaldas del Parque Melitón Porras. A solo 2 cuadras del malecón y walking distance de Larcomar, cafés, restaurantes, tiendas y supermercados. -Metraje: 67. 75 m2. -Antigüedad: 18 años. ️Ascensor directo. ️Sala–comedor amplia y luminosa. ️Cocina equipada. ️Lavandería. ️Baño de visita. ️Dormitorio principal con walk-in closet y baño incorporado. ️cochera. -Mantenimiento: S/. 350. -Precio de venta: us$195, 000",https://urbania.pe/inmueble/clasificado/veclapin-venta-de-departamento-en-miraflores-lima-1-dormitorio-149476506?n_src=Listado&n_pills=%C3%81rea+de+lavander%C3%ADa&n_pg=133&n_pos=28,urbania
14824,459000,135000,215,no informado,"Pueblo Libre, Lima",85,3,2,0,"¡oportunidad única en pueblo libre! ️ Si buscas ubicación, vista y comodidad, este depa es para ti. 85 m² remodelados. ️Súper luminoso + vista panorámica desde el piso 20. ️3 dormitorios. 2 baños (principal incorporado) ️Balcones con vista exterior. ️Sala–comedor amplia. Cocina + lavandería. Calentador eléctrico nuevo (sistema de agua completo) ️11 años de construido. Rodeado de parques y zonas de estacionamiento. Sin cochera. Mantenimiento S/215. Vive en una de las mejores zonas de Pueblo Libre. Vive alto, vive mejor. Precio: usd 135, 000. Agenda tu visita hoy. Jorge Salas G. Ver datos. Lm",https://urbania.pe/inmueble/clasificado/veclapin-venta-de-departamento-en-pueblo-libre-lima-3-dormitorios-148664744?n_src=Listado&n_pills=Seguridad&n_pg=133&n_pos=29,urbania
14825,435500,130000,0,no informado,"La Victoria, Lima",14145,3,2,0,"Te presentamos este acogedor y bien ubicado departamento dúplex, ideal tanto para uso familiar como para emprendimientos comerciales. ¡Una excelente oportunidad para quienes buscan comodidad, ubicación estratégica y gran conectividad! Sala amplia y luminosa. Comedor independiente. Cocina funcional con excelente distribución. Lavandería separada. 1 baño completo remodelado. 1 dormitorio. Amplia sala-comedor. Cocina. Lavandería. 2 dormitorios. 1 baño completo",https://urbania.pe/inmueble/clasificado/veclapin-venta-de-departamento-en-la-victoria-lima-3-dormitorios-148698105?n_src=Listado&n_pills=Cerca+a+colegios&n_pg=133&n_pos=30,urbania
14826,1225000,350000,700,no informado,"Las Gardenias, Santiago de Surco",265,3,4,2,"Vendo hermoso departamento duplex de 265 mt2, ubicado en Jiron Las Gardenias 180, dpto 501 de la Urbanizacion Las Gardenias, Surco. Como referencia esta frente a parque casuarianas (hay juegos para niños, amplias zonas para practicar deportes y gimnasio), cerca a colegio casuarinas, la inmaculada, plaza vea, bancos y comercios. El edificio de 10 departamentos, tiene ascensor, seguridad porteria 24 horas, mantenimiento es de s/ 700 soles (que incluye el agua, seguridad las 24 horas, limpieza y mantenimiento de ascensor). Este hermoso departamento duplex tiene la siguiente distribución: Quinto piso: amplia y hermosa sala comedor, baño de visita, cocina, alacena, dormitorio principal con baño completo incorporado, walking closet, aire acondicionado y una terreza, otro dormitorio con baño completo incorporado, armario y aire acondicionado. Amplias escaleras para sexto piso. Sexto piso: hermoso bar, amplia zona de pariillas y area de reunión, baño de visita, amplio estudio, dormitorio con baño completo incorporado, lavandería, cuarto y baño de servicio. Viene además con 2 cocheras lineales, 01 deposito de 4 mt2. Precio en soles referencial",https://urbania.pe/inmueble/clasificado/veclapin-venta-de-departamento-en-las-gardenias-santiago-de-surco-3-dormitorios-90254815?n_src=Listado&n_pills=Cuartos+de+servicio&n_pg=134&n_pos=1,urbania
14831,562350,163000,280,no informado,"Magdalena, Lima",77,3,2,1,"Se vende moderno departamento ubicado en piso 4, en una de las zonas más atractivas de Magdalena del Mar, con privilegiada vista al mar y a la Bahía de Lima. Características del departamento. - Área total: 77 m². - Sala y comedor con hermosa vista al mar, excelente iluminación natural. - Cocina tipo kitchenette equipada con encimera, cocina y campana extractora. - Dormitorio principal con vista al mar, baño incorporado y amplio clóset (espacio para cama king size). - Dormitorio secundario con clóset (ideal para cama de plaza y media). - Tercer ambiente multifuncional adaptable como dormitorio adicional, home office o sala de estudio. - Lavandería independiente cerrada. - 1 cochera techada. - 1 depósito. Características del edificio. - Edificio residencial con excelente ubicación. - Vista panorámica al mar. - 2 ascensores. - Áreas comunes: salón de reuniones con vista al mar, zona de parrilla y piscina. Una excelente oportunidad para vivir o invertir en una ubicación estratégica, cerca del malecón, con fácil acceso a vías principales y servicios. Precio de venta: usd 165, 000 dólares. Mantenimiento: S/ 280 mensuales",https://urbania.pe/inmueble/clasificado/veclapin-venta-de-departamento-en-magdalena-lima-3-dormitorios-149090726?n_src=Listado&n_pills=Frente+a+parque&n_pg=134&n_pos=6,urbania
14832,0,0,0,no informado,"Santa Victoria, Chiclayo",155,4,3,1,"Venta de departamento en tercer piso en urb. Santa victoria de chiclayo. Departamento Moderno ubicado en la Urbanización santa victoria – chiclayo, frente al colegio trilce de av. Grau. Muy cerca de Supermercados – Instituciones – Hospitales – Clínicas y varios negocios comerciales. Cuenta con un área de 155 m2. Inscrito en registros públicos, libre de hipotecas. Precio del departamento es de 450 mil soles. Constan de la siguiente distribución: • sala comedor con luminaria. • cocina con reposteros Altos y Bajos. • 4 habitaciones. • 3 baños. • cuarto de servicio. • lavandería. • estacionamiento. *Contáctanos para realizar una visita.",https://urbania.pe/inmueble/clasificado/veclapin-venta-de-departamento-en-santa-victoria-chiclayo-4-dormitorios-148500176?n_src=Listado&n_pills=Cerca+a+colegios&n_pg=134&n_pos=7,urbania
14833,1686861,495000,750,no informado,"Santa Teresa, Santiago de Surco",268,4,4,2,"Contacto para info & visitas aquí: 9. 0. 6. 8. 8. 6. 2. 8. 4 - sandra. Espectacular departamento Dúplex, con vista exterior, amplio e iluminado y con muy buenos acabados. Ubicado cerca a Av. Primavera, Centro Comercial Caminos del Inca, bancos, colegios, farmacias, Plaza Vea, Wong, parques. At: 268m2. - 4° y 5 ° piso. -12 años de antiguëdad. Distribución. 1º nivel: -Amplia sala comedor con ventanal doble altura con vista exterior. -3 dormitorios con closet (1 con baño incorporado) - 1 baño compartido para dormitorios secundarios. - medio baño de visitas. - Cocina independiente con muebles altos y bajos, mesa de granito, barra. - Family room. 2° nivel: -1 habitación con baño incorporado. -1 Salita de tv y/o Bar (con salida a gran terraza) -1 baño de visita. -Lavandería. -Cuarto y baño de servicio. Terraza con piscina de concreto y sistema de recirculación, área de parrilla con sol y sombra equipada. *Extras: Aire acondicionado central para salas de primer y segundo piso. Control de iluminación y cortinas con domótica. El precio viene incluido con 2 estacionamientos (lineales) y 1 Depósito. Edificio con Vigilancia 24/7. precio de venta: $495, 000. Mantenimiento: S/. 700",https://urbania.pe/inmueble/clasificado/veclapin-venta-de-departamento-en-santa-teresa-santiago-de-surco-4-dormitorios-143114769?n_src=Listado&n_pills=Guardian%C3%ADa%2FSeguridad+privada&n_pg=134&n_pos=8,urbania
14834,0,0,0,no informado,"San Borja, Lima",76,3,2,0,"Exclusivo edificio que cuenta con un total de 43 departamentos entre flats y dúplex de 2 y 3 dormitorios, distribuidos en 11 pisos cuyas áreas van desde los 51 m2 hasta los 112 m2. Cuenta con elegante recepción, estacionamiento de bicicletas, moderno ascensor y en la azotea con áreas comunes como piscina, gimnasio, terraza y zona bar. Departamentos flats y dúplex que gozan de espacios amplios e iluminados con vistas al parque. Los ambientes cuentan con piso laminado de alto tránsito y porcelanato, ventanales y lunas de vidrio templado, muebles de melamina en cocina y dormitorios y mesa de granito en cocina, sensores de luz, luces led, 3 puntos de gas natural y griferías e inodoros ahorradores. Departamento de 76. 58 m2 que cuenta con sala comedor con ingreso de luz natural, moderna cocina de concepto semi abierto amoblada con reposteros altos y bajos y tablero de granito, área de lavandería, dormitorio principal con walk in closet, baño incorporado y terraza, dos dormitorios secundarios, un baño completo y compartido y área de escritorio. #Ubicado en la Av. Del Parque Sur, en el distrito de San Borja, rodeado de parques y con rápido acceso a avenidas principales como: San Borja Sur, Av. José Gálvez Barrenechea, cerca de supermercados, centros comerciales, clínicas, bancos, farmacias, restaurantes y más. #Departamentos disponibles: Dpto. 1 (72. 63m2) S/ 622, 670. 00 (2 hab, vista externa) Dpto. 1005 - 1205 (76. 58m2) S/ 654, 165. 00 (3 hab + terraza, vista interna) Dpto. 1104 (83. 34m2) S/ 703, 710. 00 (3 hab + terraza, vista externa) Dpto. 805 (84. 36m2) desde S/721, 905. 00 (3 dorm + terraza, vista interior) Dpto. 106 (84. 65m2) S/614, 690. 00 (2 hab + terraza, vista interior) Dpto. Tipo 5 piso 6 al 2 (88. 77m2) desde S/758, 100. 00 (3 hab + terraza, vista interior) Dpto. 105 (119. 46m2) S/885, 505. 00 (3 hab + terraza, vista interior) Cocheras desde: S/67, 000. 00Depósitos desde: S/10, 580. 00#Estreno/No se paga alcabala! #Entrega Inmediata#Informes: Angie Wong: *9*5*6*2*9*2*7*4*4*Julia Balarezo: 9*6*0*4*1*2*8*4*0*Si quieres conocer otras propiedades en Lima, comprar o vender, ponte en contacto con nosotros.",https://urbania.pe/inmueble/clasificado/veclapin-venta-de-departamento-en-san-borja-lima-3-dormitorios-149128229?n_src=Listado&n_pills=Parrilla&n_pg=134&n_pos=9,urbania
14835,808800,240000,400,no informado,"Miraflores, Lima",104,2,1,1,"La ubicacion del edificio en la calle Las Dalias sustenta la inversion en ella, se trata de una calle tranquila pero super centrica, a un par de cuadras de Larco Mar y del Malecon de la Reserva. El dpto se puede vender amoblado y equipado incluida la programacion de los proximos alquileres de airbnb en caso que el comprador tenga esa visión. Es un edificio moderno, el duplex esta en 4to piso con vista a la calle desde todos sus ambientes. El 1er piso del duplex muy iluminado y ventilado con un bonito balcon, moderna cocina cerrada, lavanderia separada y cuarto y baño de servicio. En el segundo piso dos dormitorios de buen tamaño, ambos para cama king y c/u con su balcon. Los acabados de los dos niveles muy buenos. El precio incluye Cochera de 14m2 en el sotano. En cuanto al edificio se trata de uno de 7 pisos, 3 departamentos por piso, 20 departamentos en total. Guardianía, se permiten mascotas, 15 años de antigüedad, en muy buen estado. Pisos de porcelanato en área privada, pisos de porcelanato en área social, con 1 ascensor,",https://urbania.pe/inmueble/clasificado/veclapin-venta-de-departamento-en-miraflores-lima-2-dormitorios-148129197?n_src=Listado&n_pills=Seguridad&n_pg=134&n_pos=10,urbania
14844,684657,187065,350,no informado,"Barranco, Lima",83,2,2,0,"Jiron 2 de mayo – dpto. 312, barranco. A. O. 83. 14m2. Vista interna, flat, estreno. Sala comedor, cocina abierta. Baño de visita. Closet de lavanderia. Dormitorio secundario con closet y baño. Dormitorio principal con closet y baño completo. Areas comunes: Sum, coworking, gimnasio. Mantenimiento: S/. 350 soles aprox. (*) No paga alcabala. Independizado. Se venden por separado, 1 cochera por us$ 15, 000",https://urbania.pe/inmueble/clasificado/veclapin-venta-de-departamento-en-barranco-lima-2-dormitorios-145676971?n_src=Listado&n_pills=Seguridad&n_pg=134&n_pos=19,urbania
15105,0,253000,0,"Departamento en Miraflores, Lima","Miraflores, Lima",110,2,2,0,Lindo Departamento A.T: 126m2 A.C: 110m2 Vista a jardines - Living comedor - Cocina americana con mesada de cuarzo blanco...,https://www.laencontre.com.pe/inmueble/ff97-83f4-dcc5f106-23226d3e6a8f-1273,laencontre
14836,357000,105000,160,no informado,"La Campiña, Chorrillos",70,3,2,0,"Vendo departamento todo de estreno totalmente remodelado en chorrillos condominio cerrado 3er piso sin ascensor amplia sala comedor con un gran ventana que super ilumina la sala una cocina con reposteros altos Y bajos campana extractora lavadero de acero Y meson de granito esta integrada al comedor con meson barra Y dicroicos tiene empotrada la encimera de 4 hornillas con horno cuenta con gas natural calida Y lavanderia separada con lavadero de una poza terma tres dormitorios con closet nuevos todos con ventanas amplias dos baños completos con puertas de vidrio templado en las duchas uno en el dormitorio principal techos super altos todo completamente recien remodelado cableado electrico pisos closets baños cocina etc. $105, 000. 00 dolares intercomunicador con camaras Y vigilancia 24 horas A media cuadra de la av. El sol av. Faisanes etc",https://urbania.pe/inmueble/clasificado/veclapin-venta-de-departamento-en-la-campina-chorrillos-3-dormitorios-149120154?n_src=Listado&n_pills=Seguridad&n_pg=134&n_pos=11,urbania
14837,1745323,495000,0,no informado,"Golf, San Isidro",185,3,3,2,"Venta | tríplex moderno – el golf, San Isidro | no paga alcabalamoderno tríplex ubicado a pasos del Golf y de la zona comercial, en una de las zonas más exclusivas de San Isidro. Ideal para personas con estilo de vida moderno, parejas contemporáneas o familias con hijos independientes que buscan amplitud, privacidad y diseño funcional. Se ingresa directamente a la sala–comedor, que cuenta con baño de visita, cocina integrada y acceso a una terraza muy amplia, conformando una zona social luminosa y cómoda. La escalera interior conecta los ambientes de manera fluida, manteniendo independencia entre áreas. La propiedad dispone de 3 dormitorios, todos con baño incorporado: – Dos dormitorios ubicados en un mismo nivel, ideales para hijos o invitados. – Dormitorio principal en nivel independiente, con baño incorporado y área de servicio (dormitorio y baño). Incluye 2 estacionamientos en línea y 1 depósito. Edificio moderno que ofrece área común con increíbles vistas, perfecta para disfrutar del entorno y la vida urbana. Zona de parrillas, lounge. Acabados de primer nivel y distribución que funciona como una casa, con la seguridad de un edificio. Contacto:",https://urbania.pe/inmueble/clasificado/veclapin-venta-de-departamento-en-golf-san-isidro-3-dormitorios-148626863?n_src=Listado&n_pills=Guardian%C3%ADa%2FSeguridad+privada&n_pg=134&n_pos=12,urbania
14838,1496400,430000,750,no informado,"Chacarilla Del Estanque, San Borja",290,4,3,4,"Venta de lindo duplex con vista exterior, muy cerca de colegio Santísimo Nombre de Jesús, con terraza y bbq. Primer Nivel: Sala-comedor, baño de visita, cocina, comedor de diario, 3 dormitorios, principal con walk-in closet, 2 baños completos, 1 incorporado. Segundo Nivel: Enorme family room, amplia terraza con estar, techo sol y sombra y bbq. Dormitorio secundario, baño completo. Lavandería, cuarto y baño de servicios. Sótano: 4 parqueos en línea, 1 depósito. Ao: 291m2, ac: 211m2. Piso 3, 3 pisos, 3 departamentos por piso, 8 departamentos en total. Guardianía, se permiten mascotas, duplex, 12 años de antigüedad, vista a la calle, impecable. Sin muebles, 1 sala, chimenea, living-comedor, comedor de diario, cocina cerrada, lavandería, estar familiar, 4 dormitorios, walk-in closet, 3. 5 baños, 1 baño incorporado, 1 cuarto de servicio, 1 baño de servicio, 4 cocheras tipo en línea en sótano, 1 depósito, pisos de madera en área privada, pisos de madera en área social, 1 ascensor, ascensor, terraza de 50. 00 m2, parrilla.",https://urbania.pe/inmueble/clasificado/veclapin-venta-de-departamento-en-chacarilla-del-estanque-san-borja-4-dormitorios-147967100?n_src=Listado&n_pills=Cuartos+de+servicio&n_pg=134&n_pos=13,urbania
14839,716219,212528,0,no informado,"Barranco, Lima",82,2,2,0,"Flat de 81. 71m² con Amplia Terraza/patios/2 Habitaciones/ Pisos disponibles 2do y 3er piso y 4to piso. ¡Vive con amplitud y tranquilidad en el corazón de Barranco! Departamento en venta en Mosaic, un exclusivo edificio de solo 4 pisos con pocos vecinos y departamentos amplios. Ubicado en una calle silenciosa y llena de luz, a pocos pasos del prestigioso restaurante Central y a solo dos cuadras del Parque Municipal de Barranco. Área total: 81. 71m² 2 habitaciones. Sala amplia con excelente iluminación. Patios privados ideales para disfrutar en familia. Mosaic ofrece áreas comunes de primer nivel: gimnasio, sala de yoga, bello lobby, lavandería, dos ascensores y más. Para más información, comunícate con Crece Inmobiliaria. Maritza Valencia – 9. 6. 4. 3. 3. 8. 3. 6. 0.",https://urbania.pe/inmueble/clasificado/veclapin-venta-de-departamento-en-barranco-lima-2-dormitorios-146446296?n_src=Listado&n_pills=Cerca+a+colegios&n_pg=134&n_pos=14,urbania
14840,750000,220000,450,no informado,"Miraflores, Lima",105,3,2,1,"Cómodo departamento, remodelado en el corazón de Miraflores, está ubicado en Piso 8, zona céntrica y turística, a una cuadra de Larcomar, por altura del departamento, que es el último piso del edificio, tiene linda vista al mar. Sala comedor super amplia, cocina cerrada, lavandería, cuarto y baño de servicio. 3 dormitorios; principal con closet de pared y baño incorporado, 2 dormitorios secundarios con closet de pared comparten baño completo. Vigilancia y recepción 24 hrs. 1 cochera independiente techada. Mantenimiento S/. 450. Se permiten mascotas. Se permite Airbnb",https://urbania.pe/inmueble/clasificado/veclapin-venta-de-departamento-en-miraflores-lima-3-dormitorios-148821614?n_src=Listado&n_pills=%C3%81rea+de+lavander%C3%ADa&n_pg=134&n_pos=15,urbania
14841,351900,103500,0,no informado,"Las Brisas De Villa, Chorrillos",90,2,2,1,"Departamento en venta en brisas de villase vende acogedor departamento de 90 m², ubicado en 1 er piso, en la tranquila zona de Brisas de Villa. Características:? 2 habitaciones? Habitación principal con baño incorporado? Baño de visita completo? Sala – comedor? Cocina tipo americana? Lavandería? Incluye cocheraExcelente iluminación y distribución funcional. Ideal para familia o inversión.",https://urbania.pe/inmueble/clasificado/veclapin-venta-de-departamento-en-las-brisas-de-villa-chorrillos-2-dormitorios-148911797?n_src=Listado&n_pills=%C3%81rea+de+lavander%C3%ADa&n_pg=134&n_pos=16,urbania
14842,199650,59000,0,no informado,"Chorrillos, Lima",60,2,1,0,"Ocasión, Departamento en venta en Chorrillos- Características Destacadas: - Área: 60 m2- 2 habitaciones- Sala y comedor- Zona de lavandería- 1 baño completo-1 estacionamiento- Piso 3- Vista interna- Sin ascensor con escaleras descansadas. - Antigüedad 30 años- Precio de venta usd $59, 000Beneficios Impuestos predial y arbitrios, pagado todo el año 2025- Frente a parque, cerca a plaza vea, restaurantes y bodegas, a pocas cuadras de la granja Villa.",https://urbania.pe/inmueble/clasificado/veclapin-venta-de-departamento-en-chorrillos-lima-2-dormitorios-148097442?n_src=Listado&n_pills=%C3%81rea+de+lavander%C3%ADa&n_pg=134&n_pos=17,urbania
14843,388000,110000,120,no informado,"San Borja, Lima",55,1,1,1,A. C. 55 m2. 1 dormitorio. 1 Baño. Piso 3 sin ascensor (escaleras descansadas) 1 Cochera. Edificio cuenta con Bomba hidroneumático y Cisterna. Mantenimiento 120 soles,https://urbania.pe/inmueble/clasificado/veclapin-venta-de-departamento-en-san-borja-lima-1-dormitorio-146526553?n_src=Listado&n_pg=134&n_pos=18,urbania
14845,553320,159000,240,no informado,"Lince, Lima",76,2,1,1,"Departamento en 1er piso + cochera + depósito (lince límite con jesús maría) Vive en una ubicación estratégica, céntrica y con todo al alcance. Este acogedor departamento combina comodidad, funcionalidad y excelente conectividad en una de las zonas más prácticas de Lima. Ubicado en Jr. Almirante Martín Guisse, a solo minutos de la Av. Salaverry, Av. Arequipa y Av. Canevaro, y a 2 cuadras del Hospital Edgardo Rebagliati Martins. Características principales. Área: 76. 15 m² 2 habitaciones cómodas. Sala–comedor amplia e iluminada. Cocina cerrada con acabados de alta calidad. Patio posterior con acceso directo desde la cocina. Área de lavandería independiente. 1 baño completo. 1/2 baño adicional con bidet. Piso de parquet en excelente estado. beneficios adicionales. Cochera de muy buen tamaño. Depósito amplio incluido. Ubicación en primer piso (ideal para fácil acceso) Documentación totalmente saneada. Listo para mudarse. precio: us$ 159, 000. ¿por qué es una gran oportunidad? Ubicación céntrica con alta demanda. Excelente distribución y estado de conservación. Ideal para vivienda o inversión. Primer piso: comodidad y practicidad. Vive en una ubicación estratégica, céntrica y con todo al alcance. Este acogedor departamento combina comodidad, funcionalidad y excelente conectividad en una de las zonas más prácticas de Lima.",https://urbania.pe/inmueble/clasificado/veclapin-venta-de-departamento-en-lince-lima-2-dormitorios-149321222?n_src=Listado&n_pills=Guardian%C3%ADa%2FSeguridad+privada&n_pg=134&n_pos=20,urbania
14846,881000,263000,450,no informado,"Miraflores, Lima",192,4,3,1,"Esta es una excelente oportuinidad de poder tener un departamento Dúplex (Penthouse) de 4 dormitorios ubicado en la Calle Francia cuadra 5 a pasos del Parque Bolognesi, y a pocas cuadras del Malecón Cisneros y de la Av. Pardo y distribuído de tal manera que puede convertirse en el hogar de 2 familias o poder rentar todo o parte. La primera planta de 95. 88 m2 conformada por sala/ comedor, cocina cerrada con área de comedor de diario y patio de lavanderia, 3 dormitorios, 2 baños (1 incorporado) , baño de servicio. La segunda planta también de 95. 88 m2 teniendo entre ambas plantas 191. 76 m2 de {área ocupada de uso exclusivo del departamento) , se accede tanto por la cocina como por el pasadizo de la primera planta y está conformada por una cocina abierta, lavanderia, una sala de estar muy amplia, baño completo con doble acceso, un dormitorio con walk in closet y una acogedora terraza que de día o noche permite disfrutar de un encantador ambiente. La madera de pino oregón utilizada tanto en la escalera de acceso como en la carpintaria de la segunda planta le da un toque muy especial y encantador a la segunda planta. Cuenta con 1 cochera. Conseguir vivir en Miraflores en un departamento de 4 dormitorios por menos de us$ 280. 000 y con terraza es una excelente oportunidad de inversión. Precio en dolares negociable",https://urbania.pe/inmueble/clasificado/veclapin-venta-de-departamento-en-miraflores-lima-4-dormitorios-148248467?n_src=Listado&n_pills=%C3%81rea+de+lavander%C3%ADa&n_pg=134&n_pos=21,urbania
14847,199000,54900,0,no informado,"Sol De Huampani, Chaclacayo",65,2,2,1,"Precio de ocacion A $54, 900. 65 m² | 2 Dormitorios | 2 Baños. Hermoso departamento en venta en zona tranquila, con todos los servicios cerca, con excelente clima todo el año y rodeado de áreas verdes. Ubicación: Sol de Huampaní – Chaclacayo. Fácil acceso por Av. Balaguer, Carretera Central y Nueva Autopista Ramiro Prialé. Sala - comedor iluminada. Cocina independiente. Lavandería. 2 dormitorios. 2 baños completos. Muy ventilado e iluminado. Instalación de agua caliente. Cableado listo para internet y tv. Jardín exterior y espacio para estacionamiento. Zona con vigilancia y tranqueras. sin pago de mantenimiento. Documentos en regla (sunarp, sin cargas, independizado, impuestos al día) ️ venta urgente – precio de ocasión. Contacto por WhatsApp para más información y visitas: Ver datos",https://urbania.pe/inmueble/clasificado/veclappa-venta-de-departamento-en-sol-de-huampani-chaclacayo-2-dormitorios-149519582?n_src=Listado&n_pills=%C3%81rea+de+lavander%C3%ADa&n_pg=134&n_pos=22,urbania
14848,402000,120000,80,no informado,"Santa Cruz, Miraflores",61,1,1,0,"Funcional departamento de 1 dormitorio en zona tranquila de Miraflores, esquina Av. Santa Cruz. Piso 3, cuenta con ascensor. Dormitorio con closet, un baño completo. Kitchenette integrado con la sala comedor. Sin muebles, vista interior. no cocheraportero 24hr / Mantenimiento s/ 80",https://urbania.pe/inmueble/clasificado/veclapin-venta-de-departamento-en-santa-cruz-miraflores-1-dormitorio-148851103?n_src=Listado&n_pg=134&n_pos=23,urbania
14849,560000,166200,350,no informado,"Barranco, Lima",73,2,2,0,"Vendo de ocasiÒN lindo departamento en barranco, excelente oportunidad de inversión ubicado en av grau con calle fedelli, A pocos metros del malecón, estadio galvez chipoco, mac, A 5 minutos de larco mar, 2 minutos del parque municipal, restaurante central, galerias de arte, etc. El departamento tiene techos de altura mayor A lo convencional, ventanas herméticas, cuenta con 73M2 en piso 16 con una lindisima vista A la piscina, (no A ventanas de vecinos) distribuidos en sala comedor, kitchenet equipado con torre de hornos Y cocina empotrada, con amplios muebles altos Y bajos, 2 dormitorios con closet Y walkingcloset, 2 baños, area de lavanderia. el edificio cuenta con elegante lobby de visitas, recepción Y seguridad 24 horas, 3 ascensores, piscina, gimnasio, parrillas, salas de eventos con magnifica vista al mar, salas de coworking, lavanderia equipada, etc., sólo 4 años de antiguedad Y excelente estado de mantenimiento. Precio de oportunidad: S/560, 000 soles. mantenimiento: S/. 350 soles mensuales",https://urbania.pe/inmueble/clasificado/veclapin-venta-de-departamento-en-barranco-lima-2-dormitorios-90133051?n_src=Listado&n_pills=Parrilla&n_pg=134&n_pos=24,urbania
14850,0,0,300,no informado,"Jesús María, Lima",79,2,2,0,"Venta departamento en jesus maria. vive en la mejor zona y con mayor valoración de Jesús Maria!! Características. Depas de estreno, de 3 torres ya lista para habitar. Dos habitaciones, la principal con baño incluido. Cocina abierta integrada a la Sala comedor. Lindas áreas comunes que puedes compartir con la familia o amigos. Quedan solo pocas unidades. Hay cocheras disponibles. Piso 8. Precios: S/ 643, 250. Cochera: S/ 67, 000 aprox. listo de vivir y mudarte a tu nuevo hogar! Agenda tu visita ahora mismo",https://urbania.pe/inmueble/clasificado/veclapin-venta-de-departamento-en-jesus-maria-lima-2-dormitorios-149326081?n_src=Listado&n_pills=Cerca+a+colegios&n_pg=134&n_pos=25,urbania
14862,0,219174,0,"Departamento en Avenida Alejandro Velasco Astete, Surco, Perú","Santiago de Surco, Lima",104,1,2,0,"Primer piso: Ingreso, sala, comedor, cocina abierta con tablero, closet para lavadora, baño de visita. Segundo piso: Dormitorio...",https://www.laencontre.com.pe/inmueble/10046-8a76-19d2d9a-5dc1209b9256-711f,laencontre
14863,0,780000,0,"Departamento en Santiago De Surco, Lima","Santiago de Surco, Lima",360,4,35,0,"Hermoso Penthouse duplex en parque cerrado, lindo duplex amplio en buen estado ubicado en parque cerrado en calle Don Diego...",https://www.laencontre.com.pe/inmueble/5263-a85a-19d0dbf-9df1f8d98e04-73be,laencontre
14851,1960000,574900,1100,no informado,"Miraflores, Lima",198,3,4,2,"Dúplex Exclusivo en Malecón Armendáriz: Elegancia y Vista al Mar. Vive con distinción en este sofisticado dúplex de 198 m², ubicado en la zona más exclusiva de Miraflores. Un hogar diseñado para quienes valoran el diseño moderno, la amplitud y una ubicación privilegiada frente a la brisa marina. Lo que hace único a este departamento: Área Social Premium: Amplia sala con ascensor directo y una terraza ideal para disfrutar de la vista lateral al mar. Cocina Remodelada con acabados en negro mate, granito, torre de hornos con Airfryer e iluminación led integrada. Privacidad Total: 3 dormitorios amplios, cada uno con baño incorporado y acabados en mármol/granito. El principal cuenta con balcón privado y vista al mar. Detalles de Lujo: Escalera decorativa de mármol y madera, espejos retroiluminados y closets con conexiones eléctricas. Funcionalidad: Área de servicio completa, lavandería independiente y un depósito de gran tamaño. Cocheras: Incluye 2 estacionamientos techados. Datos Clave: Precio: usd 574, 900 (S/ 1, 983, 400) Mantenimiento: S/ 1, 100. Ubicación: Malecón Armendáriz Miraflores. ¡Una joya inmobiliaria lista para mudarse! Agenda una visita y descubre tu próximo hogar en el corazón de Miraflores.",https://urbania.pe/inmueble/clasificado/veclapin-venta-de-departamento-en-miraflores-lima-3-dormitorios-149347705?n_src=Listado&n_pills=Cerca+a+colegios&n_pg=134&n_pos=26,urbania
14852,0,0,0,no informado,"Prolong. Benavides, Santiago de Surco",89,2,2,0,"Departamento en 3er piso. Ubicado en edificio moderno de solo 4 pisos, frente a parque, de excelente ubicación: - A 3 cuadras de Loma Amarilla (Nueva Municipalidad de Surco) - A 2 cuadras de Av. Velasco Astete. - A 10 min de la Estación Ayacucho del Metro (costado de Wong) - Comercio cercano: mercados, panaderías, restaurantes, salones de belleza y parques cada 1 o 2 manzanas. - A 4 cuadras de skatepark de Loma Amarilla. sobre el edificio. - 2 años y medio de antigüedad. - 1 departamento por piso (4 en total) - Azotea compartida para zona de parrillas o tendal. - Dos estacionamientos (sujetos a disponibilidad) ambientes del departamento. - Sala – comedor – cocina integrados (estilo americano) - Lavandería + zona de terma (integrados) - Dormitorio principal con baño completo incorporado. - Dormitorio secundario. - Baño completo de visitas. - Buena iluminación y ventilación natural. Departamento independizado. (Agua, desagüe, luz y título inscrito) valor de inversión $178'000. para mayor información Y visitas, contactarse A whatsapp. 9 5 1 5 4 9 8 5 5 ó 9 9 6 3 9 8 6 3 4. trato directo l precio negociable",https://urbania.pe/inmueble/clasificado/veclapin-venta-de-departamento-en-prolong-benavides-santiago-de-surco-2-dormitorios-149338792?n_src=Listado&n_pills=%C3%81rea+de+lavander%C3%ADa&n_pg=134&n_pos=27,urbania
14853,584500,175000,150,no informado,"San Miguel, Lima",107,2,2,0,"Amplio departamento de 107 m², con excelente distribución ideal para pareja o familia pequeña. Espacios funcionales que facilitan una sala-comedor cómoda y. Dormitorios con privacidad y dos baños completos y un medio baño o baño de visitas. Edificio consolidado en San Miguel, ubicación estratégica con fácil acceso a comercios, servicios, transporte, con una vista estratégica al parque para una relajación profunda en contacto con la naturaleza. Por qué te conviene: - Espacio real para adaptar según tu estilo (home office, zona de estar, etc.) ️ - Ubicación práctica en San Miguel: vida urbana y conveniencia diaria cerca a la Av. La Marina-Faucett -Precursores- Escardo. Rápido acceso al Aeropuerto y Callao️",https://urbania.pe/inmueble/clasificado/veclapin-venta-de-departamento-en-san-miguel-lima-2-dormitorios-149028516?n_src=Listado&n_pills=Frente+a+parque&n_pg=134&n_pos=28,urbania
14854,0,0,250,no informado,"Jesús María, Lima",75,3,2,1,"Excelente ubicación cerca a todo! Cuenta con 3 dormitorios, 2 baños completos (principal incorporado) más baño de visita, ideal para familias que buscan comodidad y funcionalidad. La sala y comedor gozan de excelente iluminación natural y se integran con una moderna cocina americana, generando un ambiente amplio y acogedor. Dispone además de lavandería independiente y espaciosa, brindando practicidad en el día a día. El edificio ofrece completas áreas comunes: Piscina. Zona de parrillas. Salas para eventos. Juegos para niños. Ubicación estratégica, a pocos minutos de supermercados como Plaza Vea y Metro, además de restaurantes, mercados, clínicas y centros comerciales. Excelente conectividad y todo lo necesario para una vida cómoda sin largos desplazamientos. Una oportunidad ideal para vivir o invertir en una de las zonas más prácticas de Jesús María.",https://urbania.pe/inmueble/clasificado/veclappa-venta-de-departamento-en-jesus-maria-lima-3-dormitorios-148804619?n_src=Listado&n_pills=%C3%81rea+de+lavander%C3%ADa&n_pg=134&n_pos=29,urbania
14855,270000,80000,60,no informado,"La Molina, Lima",85,3,2,0,Ubicación: Urb. Las Colinas altura de la cuadra 29 del corregidor. Departamento consta de 3 dormitorios 2 baños. Cocina abierta. Sala comedor. Zona para tender en la azotea. No cochera. Precio: 85 mil dólares.,https://urbania.pe/inmueble/clasificado/veclapin-venta-de-departamento-en-la-molina-lima-3-dormitorios-146871121?n_src=Listado&n_pg=134&n_pos=30,urbania
14856,0,319000,0,"Departamento en Av. Paseo La Castellana 163, Santiago De Surco, Perú","Santiago de Surco, Lima",205,3,4,0,983*457*929 ✅Último dúplex en venta disponible de 3 dormitorios listo para entrega inmediata de 205m2 vista POSTERIOR en ...,https://www.laencontre.com.pe/inmueble/1de4-ab03-237955d6-3d0e5dc3e274-1fa1,laencontre
14857,0,319000,0,"Departamento en Av. Paseo La Castellana 163, Surco, Perú","Santiago de Surco, Lima",205,3,5,0,983*457*929 ✅Hermoso departamento DÚPLEX en Santiago de Surco límite con Miraflores (a 1 cdra del Óvalo Higuereta) de 3 dormitorios...,https://www.laencontre.com.pe/inmueble/ebb2-b3e1-12378356-d9e53338d2bc-1fa0,laencontre
14858,0,319000,0,"Departamento en Av. Paseo La Castellana 163, Santiago De Surco, Perú","Santiago de Surco, Lima",205,3,5,0,983*457*929 ✅Lindo departamento tipo DÚPLEX en Santiago de Surco límite con Miraflores (a 1 cdra del Óvalo Higuereta) de ...,https://www.laencontre.com.pe/inmueble/f32a-8973-416f7246-ab6f0d39f2ab-1fa8,laencontre
14859,0,319000,0,"Departamento en Av. Paseo La Castellana 163, Santiago De Surco, Perú","Santiago de Surco, Lima",205,3,5,0,983*457*929 ✅Lindo departamento tipo DÚPLEX en Santiago de Surco límite con Miraflores (a 1 cdra del Óvalo Higuereta) de ...,https://www.laencontre.com.pe/inmueble/442d-94f1-198ea34-bf54a8b4b500-74f7,laencontre
14860,0,319000,0,"Departamento en Av. Paseo La Castellana 163, Santiago De Surco, Perú","Santiago de Surco, Lima",205,3,5,0,983*457*929 ✅Hermoso departamento DÚPLEX en Santiago de Surco límite con Miraflores (a 1 cdra del Óvalo Higuereta) de 3 dormitorios...,https://www.laencontre.com.pe/inmueble/ded7-9126-35667d06-772396934c32-1fa0,laencontre
14861,0,88728,0,"Departamento en El Golfo, Pucusana, Perú","Pucusana, Lima",73,3,2,0,"Disfruta de lindos departamentos de playa de estreno, diseñados para brindarte comodidad, tranquilidad y la mejor conexión...",https://www.laencontre.com.pe/inmueble/70b6-9147-19d1226-2d1ef6582e4f-7381,laencontre
15109,0,570000,0,"Departamento en Av. Circunvalación Del Golf Los Incas 1033, Santiago De Surco, Perú","Santiago de Surco, Lima",271,3,3,0,AO. 271.25 m2 AT. 270.59 m2 Terraza con vista a jardines hall de ingreso Sala - comedor Baño de Visita Sala de estar 3 Dormitorios...,https://www.laencontre.com.pe/inmueble/244-94aa-19be848-5bfa2b8cf9ea-7337,laencontre
15110,0,66000,0,"Departamento en Avenida Alfredo Mendiola 6821, Lima, Perú","Los Olivos, Lima",74,3,2,0,"Se vende departamento ubicado en el Condominio Las Torres de Los Olivos con vista a la Panamericana, en piso 7 con ascensor...",https://www.laencontre.com.pe/inmueble/62f9-a540-19bebf6-5a3ec01821f9-7447,laencontre
15111,0,289000,0,"Departamento en Jirón Los Amancaes 351, Santiago De Surco, Perú","Santiago de Surco, Lima",215,3,2,0,"Ubicación privilegiada zona segura zona, cerca de colegios, supermercados y con fácil acceso a las principales vías. Muy ...",https://www.laencontre.com.pe/inmueble/c026-8acd-19bcdd1-41f8e81c129e-7413,laencontre
15112,0,192700,0,"Departamento en Magdalena Del Mar, Lima","Magdalena del Mar, Lima",93.82,2,2,0,"🏢 Vive con estilo en Magdalena del Mar Venta de moderno e iluminado departamento tipo Duplex con terraza, de 1 dormitorio...",https://www.laencontre.com.pe/inmueble/dfe5-8f58-19cbbab-c7a27e242c24-7103,laencontre
15113,0,450000,0,"Departamento en Orrantia, Lima","Orrantia, San Isidro, Lima",238,2,2,0,🌳 EDIFICIO PARQUE ACOSTA – SAN ISIDRO (LÍMITE CON MAGDALENA) 🌳 ✨ Venta de exclusivos departamentos con vista al Parque...,https://www.laencontre.com.pe/inmueble/54ab-86f2-199537f-ebedabcea98a-7740,laencontre
15114,0,449000,0,"Departamento en Santiago De Surco, Lima","Santiago de Surco, Lima",275,3,2,0,Lindo dpto. en condominio. Primer piso con vista al Golf Los Inkas. Área de Terreno 275.65 Área Techada. 184.95 3 dormitorios...,https://www.laencontre.com.pe/inmueble/e821-913a-1931dfa-1b09594ba215-7aea,laencontre
15115,0,203159,0,"Departamento en Magdalena Del Mar, Lima","Magdalena del Mar, Lima",79.79,2,2,0,"Venta de modernos e iluminados departamentos de 2 dormitorios de estreno, vista de calle, en Magdalena del Mar, listos para...",https://www.laencontre.com.pe/inmueble/79a6-ad83-199537d-37e8075c562d-759d,laencontre
15116,0,108000,0,"Departamento en Calle Santa Teresa, Chorrillos, Perú","Santiago de Surco, Lima",92,2,2,0,"LINDO DUPLEX, MUY BIEN UBICADO, CERCA A RESTAURANTS Y COMERCIOS EN GENERAL, CERCA A LA COSTA VERDE. PRIMER NIVEL: SALA COMEDOR...",https://www.laencontre.com.pe/inmueble/92b4-ae3e-197eb73-f2c4eeee6111-753f,laencontre
15117,0,216370,0,"Departamento en Magdalena Del Mar, Lima","Magdalena del Mar, Lima",90,3,3,0,🏢 Vive con estilo en Magdalena del Mar Venta de moderno e iluminado departamento de 3 dormitorios en una excelente ubicación...,https://www.laencontre.com.pe/inmueble/9d1b-b4cc-19cbb8f-2e7ec8cb57b8-71ad,laencontre
15118,0,195620,0,"Departamento en Magdalena Del Mar, Lima","Magdalena del Mar, Lima",77.69,3,2,0,🏢 Vive con estilo en Magdalena del Mar Venta de moderno e iluminado departamento de 3 dormitorios en una excelente ubicación...,https://www.laencontre.com.pe/inmueble/79a4-8eb6-19cbb26-95fc4a6cc9c1-73c2,laencontre
15119,0,120000,0,"Departamento en Jirón Marte 447a-325a, Lima, 15088, Per","Cercado de Lima, Lima",96.71,3,2,0,"AMPLIO DEPARTAMENTO EN TERCER PISO 📍Jr. Marte con Av. La Alborada, Alt. Av.- Mariano Cornejo, Cercado de Lima. A ESPALDA...",https://www.laencontre.com.pe/inmueble/1d8a-bf64-19d8886-40b276ef9828-7204,laencontre
15120,0,84900,0,"Departamento en Los Limoncillos 4076, Lima, Perú","Los Olivos, Lima",63.59,2,1,0,"Se vende acogedor departamento ubicado en el Jr. Los Limoncillos, a pocos minutos de la Municipalidad de Los Olivos. Una ...",https://www.laencontre.com.pe/inmueble/732e-95e3-19cca08-e3bb4a232656-770f,laencontre
15121,0,675000,0,"Departamento en San Borja, Lima","San Borja, Lima",368,3,4,0,DUPLEX ESTRENO 3ER Y 4TO PISO / VISTA EXTERIOR / Área Total: 368 M2 EDIFICIO DE 4 PISOS / 2 DPTOS POR PISO = TOTAL 8 DPTOS...,https://www.laencontre.com.pe/inmueble/27b8-be32-19b00fc-2df5f5b7fbb9-765b,laencontre
15122,0,226000,0,"Departamento en Pasaje Pimentel 160, Santiago De Surco, Perú","Santiago de Surco, Lima",126,3,3,0,"Lindo departamento en 5to piso todo en pisos de porcelanato.. Living comedor con mamparas salida a terraza balcón, 1/2 baño...",https://www.laencontre.com.pe/inmueble/404-a45a-196ad16-26911dd7363c-782f,laencontre
15123,0,340000,0,"Departamento en Jirón Tomasal 8, Surco, Perú","Santiago de Surco, Lima",253,3,4,0,"Ubicada en 4to piso, cerca centros de comercio, parques y colegios en Calle Tomasal - Surco A.C: 253 Mts - PRECIO VENTA: ...",https://www.laencontre.com.pe/inmueble/eb6b-b884-1949497-664d1aaaeb3e-790c,laencontre
15124,0,168000,0,"Departamento en Jesus Maria, Lima","Jesus Maria, Lima",77,3,2,0,"Vendo dpto en Jesús María, Piso 9 ESTRENO!!! Edificio frente a canal 2 ( Av. San Felipe) muy cerca a universidades ( Pacifico...",https://www.laencontre.com.pe/inmueble/f256-95fb-2035ed96-3f812cd24ece-1273,laencontre
15125,0,97279,0,"Departamento en Mayorazgo, Lima","Mayorazgo, Ate, Lima",64,2,2,0,¿Listo para comenzar una nueva vida en tu propio departamento de estreno? Últimos departamentos disponibles de 2 dormitorios...,https://www.laencontre.com.pe/inmueble/8a5b-95e0-19ce04e-5f48d9962992-7677,laencontre
15126,0,248000,0,"Departamento en Calle Doña Consuelo 129, Urbanización Los Rosales, Santiago De Surco, Lima, 15049, Per","Santiago de Surco, Lima",189,4,3,0,"SURCO VENTA DEPARTAMENTO 378 M2 (2do Piso 189 m2 + Aires 189 m2) US $ 263,000 DÓLARES * Departamento grande en 2do Piso...",https://www.laencontre.com.pe/inmueble/378435,laencontre
15127,0,700000,0,"Departamento en Av. Tudela Y Varela, San Isidro, Perú","El Olivar, San Isidro, Lima",417,3,3,0,Dúplex con ascensor directo Area Total: 417.57 m2 Area Construida: 253.27 m2 Area Libre (Terrazas): 164.3 m2 Primera Planta...,https://www.laencontre.com.pe/inmueble/ccde-91eb-19aad3a-3e022166e521-770f,laencontre
15128,0,220000,0,"Departamento en Calle Jose Granda, San Isidro, Perú","Country Club, San Isidro, Lima",100,2,1,0,"Dúplex totalmente remodelado, ubicado en una de las zonas más exclusivas de Lima. Frente a la Embajada de China, al costado...",https://www.laencontre.com.pe/inmueble/1002a-8c62-19a804b-27817f998ab5-73ea,laencontre
15129,0,36657,0,"Departamento en Avenida San Martín 350, Pueblo Joven Pampa De Comas, Comas, Lima, 15328, Per","Comas, Lima",102.4,4,1,0,"Valor Comercial: S/165,000 --> ¡PRECIO NEGOCIABLE! PRECIO DE CAMPAÑA (25% de descuento): S/123,600 CARACTERÍSTICAS: -Área...",https://www.laencontre.com.pe/inmueble/c354-b4ba-19c4d6f-52ff0c00f6eb-77ee,laencontre
15130,0,1109000,0,"Departamento en Avenida Angamos Oeste 1660, Miraflores, Perú","Orrantia, San Isidro, Lima",486,4,6,0,"📍 Av. Angamos Oeste, cuadra 16 – Miraflores 📐 Área total: 486.57 m² (377.97 m² techada + 108.60 m² terraza) 🔑 Único ...",https://www.laencontre.com.pe/inmueble/b29-910f-198c9a7-7dc46d8ef545-70a1,laencontre
15133,0,308000,0,"Departamento en Malecón Armendáriz 133, Miraflores, Perú","Armendáriz, Miraflores, Lima",128,3,2,0,"Lindo departamento en tercer piso, puerta principal, living comedor super iluminado con pisos de parquetón de pumaquiro grandes...",https://www.laencontre.com.pe/inmueble/1678-c021-19aa740-873100113671-73a8,laencontre
15134,0,189000,0,"Departamento en Jirón Giuseppe Verdi 245, Santiago De Surco, Perú","Santiago de Surco, Lima",111,3,4,0,"Venta de acogedor e impecable dpto. en Alto Mirador en los Alamos de Monterrico, entrada desde la calle con control de ingreso...",https://www.laencontre.com.pe/inmueble/7056-97d2-e9620e60-812601c3eff7-4fbf,laencontre
15135,0,350000,0,"Departamento en Jirón Augusto Wiese 428, Lima, Perú","Santiago de Surco, Lima",180,3,4,0,"Espectacular dúplex de estreno, ubicado en una zona residencial tranquila y segura, en la cuadra 4 del Jr. Augusto Wiese ...",https://www.laencontre.com.pe/inmueble/5a01-85fb-199a600-e7996a173b2a-754d,laencontre
15136,0,130000,0,"Departamento en Avenida Simón Bolívar, Pueblo Libre, Perú","Pueblo Libre, Lima",85,3,2,0,"🔥 ¡𝗢𝗣𝗢𝗥𝗧𝗨𝗡𝗜𝗗𝗔𝗗❗ 🏙️ 𝗗𝗲𝗽𝗮𝗿𝘁𝗮𝗺𝗲𝗻𝘁𝗼 𝗱𝗲 𝗘𝘀𝘁𝗿𝗲𝗻𝗼 – 𝟴𝟱 𝗺² 𝗮 $ 𝟭𝟯𝟬,𝟬𝟬𝟬 🚪 Ascensor privado...",https://www.laencontre.com.pe/inmueble/1c19-9920-19b5df5-a7fcdf10edd6-724b,laencontre
15137,0,279000,0,"Departamento en Santiago De Surco, Lima","Santiago de Surco, Lima",160,3,3,0,"Lindo DÚPLEX con Balcón en estupenda zona de Chacarilla, Surco. > Cerca al parque César Vallejo, colegio Virgen Inmaculada...",https://www.laencontre.com.pe/inmueble/729a-8b84-19ca0d1-ca0d332cd8c3-778d,laencontre
15138,0,429000,0,"Departamento en Armendáriz, Lima","Armendáriz, Miraflores, Lima",217,2,3,0,"📢Nuevo Ingreso : vendo lindo Duplex piso 7 con terraza 217 m2 en pleno corazón de Miraflores a pocos pasos del malecón ,...",https://www.laencontre.com.pe/inmueble/32fe-baf6-19b49b0-25c235245c3a-8057,laencontre
15139,0,829000,0,"Departamento en Country Club, Lima","Country Club, San Isidro, Lima",417,3,4,0,Nuevo Ingreso : Vendo Exclusivo Pent house 417 m2 con una vista espectacular al Golf y mar en pleno corazón de San isidro...,https://www.laencontre.com.pe/inmueble/1d49-ad61-19b34b9-516b07e81c84-70b1,laencontre
15140,0,829000,0,"Departamento en Country Club, Lima","Country Club, San Isidro, Lima",395,3,6,0,"Nueva Captación : 🎯Vendo espectacular Triplex Pent House Triplex piso ( 14 ) vista calle, parque y Golf en zona exclusiva...",https://www.laencontre.com.pe/inmueble/d823-bcf1-1993047-e837d4650c8d-7b56,laencontre
15141,0,159000,0,"Departamento en Teodosio Parreño 260, Barranco, Perú","San Luis, Lima",62,2,2,0,BELLO DEPARTAMENTO EN VENTA EN BARRANCO Excelente para vivir o para invertir Edificio MOOD tiene una ubicación estratégica...,https://www.laencontre.com.pe/inmueble/e44e-bf10-19b1ad0-f9b529ec8585-75e3,laencontre
15142,0,228000,0,"Departamento en Jesus Maria, Lima","Jesus Maria, Lima",128,4,4,0,"🏡 Vive en una de las zonas más tranquilas y residenciales de Jesús María 🌳, frente a áreas verdes y a solo una cuadra de...",https://www.laencontre.com.pe/inmueble/6f0-9778-19c3081-ba21e61c3ba0-75b0,laencontre
15143,0,199000,0,"Departamento en Miraflores, Lima","Miraflores, Lima",103,3,3,0,"BAJO DE PRECIO ANTES $ 265,000 AHORA $ 235,000 NEGOCIABLE !!!📢 Nuevo Ingreso : Vendo lindo departamento en paseo de la República...",https://www.laencontre.com.pe/inmueble/9049-a3b4-19cd492-5b7ee145592f-71a9,laencontre
15144,0,239000,0,"Departamento en La Molina, Lima","La Molina, Lima",158,3,3,0,Nuevo Ingreso : 📢 Vendo departamento 1 er piso vista calle 158 m2 en los Albaricoques 3xx La Molina con las siguientes...,https://www.laencontre.com.pe/inmueble/b42a-b3e7-19b9b50-54ccfe00c505-7d99,laencontre
15145,0,229000,0,"Departamento en Miraflores, Lima","Miraflores, Lima",185,3,3,0,"BAJO DE PRECIO ANTES $ 265,000 AHORA $ 239,000 NEGOCIABLE !!!📢 Nuevo Ingreso : Vendo lindo departamento en paseo de la República...",https://www.laencontre.com.pe/inmueble/1af6-99f9-19b2efb-6fe394ac9923-791b,laencontre
15146,0,1200000,0,"Departamento en Calle David Samanez, San Isidro, Perú","Country Club, San Isidro, Lima",380,3,3,0,Lindo departamento en Boulevard Roosevelt - Diseño del Arq. Josip Vuskovic Impecable dúplex en piso 5 con vista frontal ...,https://www.laencontre.com.pe/inmueble/462760,laencontre
15147,0,140000,0,"Departamento en Calle Río Mapocho 178, Asociación Las Praderas, La Molina, Lima, 15024, Per","La Molina, Lima",116,3,3,0,"lindísimo departamento 2do piso, ingreso principal al living comedor con pisos cerámicos decorativos con vista a la calle...",https://www.laencontre.com.pe/inmueble/3469-8651-1977f3e-88ed6001fd24-7bf5,laencontre
15148,0,150000,0,"Departamento en Avenida Almirante Miguel Grau, Barranco, Perú","Barranco, Lima",35,1,1,0,Mide 35 mts Íntegramente amoblado se vende con todo hecho por decoradora 1 dormitorio 1 Baño completo Sala (con sofá cama...,https://www.laencontre.com.pe/inmueble/5eb1-b6b2-199ef84-47e33bbac7f6-7371,laencontre
15149,0,1440000,0,"Departamento en Orrantia, Lima","Orrantia, San Isidro, Lima",309.34,3,4,0,"Lujoso Dpto de estreno en Av. Coronel Portillo, con increíble Vista Panorámica al Golf de San Isidro. Vive en la zona más...",https://www.laencontre.com.pe/inmueble/d241-89d7-1972a1b-cd095d0d8594-72a6,laencontre
15150,0,577656,0,"Departamento en San Borja, Lima","San Borja, Lima",270.66,4,4,0,"Exclusivo dúplex a una cuadra de la Av. La Floresta y a espaldas del parque Aramburú, en la mejor zona de Chacarilla,San...",https://www.laencontre.com.pe/inmueble/f95-9e63-1971450-872a74947714-75d9,laencontre
15151,0,390000,0,"Departamento en Calle Los Cisnes, San Isidro, Perú","Corpac, San Isidro, Lima",222.56,4,4,0,Moderno y muy iluminado penthouse de estreno 100% smart en calle muy tranquila a media cuadra del parque Bustamante y Rivero...,https://www.laencontre.com.pe/inmueble/2532-8845-1948fc0-e2c5b2d3bfb8-72b1,laencontre
15152,0,480000,0,"Departamento en Calle 39, San Borja, Perú","San Borja, Lima",230,4,4,0,"Area Ocupada: 230 m2 Distribución: Primer Piso: Sala, Comedor, Baño Visita, Dormitorio Principal con baño incluido, 2 dormitorio...",https://www.laencontre.com.pe/inmueble/283d-993e-19aad54-4d6e6bdff828-7204,laencontre
15153,0,220000,0,"Departamento en Pomalca 303, Surco, Perú","Santiago de Surco, Lima",101,3,3,0,"EDIFICIO EN ESQUINA MUY BIEN MANTENIDO, 4 PISOS, 5 DPTOS. SALA COMEDOR QUE SE INTEGRA CON BALCÓN CON LINDA VISTA A PARQUE...",https://www.laencontre.com.pe/inmueble/bc23-8bfc-196be59-57a1f6b20a67-7b2a,laencontre
15154,0,425000,0,"Departamento en Avenida Jorge Basadre Grohmann 840, San Isidro, Perú","Orrantia, San Isidro, Lima",207,3,3,0,"VENDO ELEGANTE DEPARTAMENTO EN SAN ISIDRO Precio : $425,000 Área : 207m2 Antigüedad: 16 años Mantenimiento: s/800 Piso 2 ...",https://www.laencontre.com.pe/inmueble/a1c-a321-1973242-f911515d4d7e-7e0e,laencontre
15155,0,340000,0,"Departamento en Avenida Los Conquistadores, San Isidro, Perú","El Olivar, San Isidro, Lima",180,2,3,0,"Precioso departamento completamente remodelado en San Isidro, límite con Miraflores, a pasos de parques cerrados y muy cerca...",https://www.laencontre.com.pe/inmueble/f211-b8ca-19cb4c2-a21fe2053e07-77de,laencontre
15156,0,279000,0,"Departamento en Jirón Paseo Del Bosque, Ur. Mariscal Castilla, San Borja, Lima, 15037, Per","San Borja, Lima",135,3,2,0,Ascensor directo Antigüedad 8 años 3 dormitorios 2 1/2 baños Living- Comedor Terraza chica Cocina Lavandería Cuarto y baño...,https://www.laencontre.com.pe/inmueble/e9d7-a350-3d769e46-2f3102e899b0-1273,laencontre
15157,0,380000,0,"Departamento en Avenida Ernesto Diez Canseco, Miraflores, Perú","Miraflores, Lima",180,3,4,0,"Lindo departamento moderno con gran terraza de 78 mts. Distribución: Piso 1: Sala y comedor, baño de visitas, cocina cerrada...",https://www.laencontre.com.pe/inmueble/6648-96d8-c98f0912-383dbaa80565-4273,laencontre
15158,0,410000,0,"Departamento en Calle San Martín, Miraflores, Perú","Barranco, Lima",434,3,4,0,"• Calle San Martin cdra 8 Piso 13 Duplex • A.C.327m2 + 107 m2 azotea Piso 13 • A.C.188.94m2 • Sala, comedor, • Amplia...",https://www.laencontre.com.pe/inmueble/c59a-9301-19885cc-43fdea5e776a-7264,laencontre
15159,0,266924,0,"Departamento en Av. Tomás Marsano 1623, Surquillo, Perú","Surquillo, Lima",172,3,3,0,"Vive en las alturas con la sensación de un departamento como una casa propia en Surquillo, límite con Miraflores Descubre...",https://www.laencontre.com.pe/inmueble/7464-82a5-19d55a4-da017dbb014-75e0,laencontre
15160,0,84526,0,"Departamento en Calle Cinco, San Martín De Porres, Lima, 15112, Per","Cercado de Lima, Lima",103,2,1,0,Triplex de estreno con amplia terraza en el último nivel para disfrutar momentos de amistad y familiares con vista panoramica...,https://www.laencontre.com.pe/inmueble/5e46-82c5-19cbd0f-9175a63a869-71f9,laencontre
15161,0,265000,0,"Departamento en General Ernesto Montagne 214, Miraflores, Perú","Miraflores, Lima",110,3,2,0,"Vendo acogedor departamento en La Aurora, Miraflores. Zona tranquila y residencial, calle Ernesto Montagne. Cuenta con un...",https://www.laencontre.com.pe/inmueble/25b5-a066-1958cd9-bc32b816302-73d0,laencontre
15162,0,387850,0,"Departamento en Velásquez 263, San Borja, Perú","San Borja, Lima",214.03,3,2,0,Eleva tu estándar de vida en la unidad más imponente de Velásquez 263. Este Dúplex ubicado en el cuarto piso redefine el ...,https://www.laencontre.com.pe/inmueble/778b-ad22-19d69d1-ae1787fa5d27-7781,laencontre
15163,0,590000,0,"Departamento en Avenida Cerros De Camacho 980, Santiago De Surco, Perú","Santiago de Surco, Lima",420,4,5,0,"Venta de exclusivo y amplio departamento en Los Cerros de Camacho, piso 19, donde podrás disfrutar de una increíble vista...",https://www.laencontre.com.pe/inmueble/603076,laencontre
15164,0,181200,0,"Departamento en Velásquez 263, San Borja, Perú","San Borja, Lima",88.39,2,2,0,Descubre el equilibrio perfecto entre sofisticación cosmopolita y calidez residencial. Este exclusivo departamento Flat en...,https://www.laencontre.com.pe/inmueble/1cdd-9016-19d69ad-7b795fe46c99-7615,laencontre
15165,0,465000,0,"Departamento en Avenida Cerros De Camacho 1050, Santiago De Surco, Perú","Santiago de Surco, Lima",263,3,4,0,LINDO DPTO. MUY BIEN CONSERVADO E ILUMINADO CON VISTA ESPECTACURLAR AL GOLF. EL DPTO. CONSTA DE: AREA OCUPADA 281 M2 AREA...,https://www.laencontre.com.pe/inmueble/cb1d-8135-197f85e-8d04967654d7-74de,laencontre
15166,0,465000,0,"Departamento en Avenida Cerros De Camacho 1050, Santiago De Surco, Perú","Santiago de Surco, Lima",281,3,4,0,LINDO DPTO. MUY BIEN CONSERVADO E ILUMINADO CON VISTA ESPECTACURLAR AL GOLF. EL DPTO. CONSTA DE: AREA OCUPADA 281 M2 AREA...,https://www.laencontre.com.pe/inmueble/328b-a335-19322d3-428ac2ad3517-7a1b,laencontre
15167,0,720000,0,"Departamento en Avenida General Pezet, San Isidro, Perú","Orrantia, San Isidro, Lima",339,4,4,0,"Distribución: Piso 5 : Recibo, sala comedor, balcón con vista a la calle, cocina con granito negro, comedor de diario, lavandería...",https://www.laencontre.com.pe/inmueble/94ad-9989-6236ccfa-4acb1a7d2fc8-4672,laencontre
15168,0,443131,0,"Departamento en Jirón Galeón 150, San Borja, Perú","San Borja, Lima",181,3,4,0,"EXCLUSIVO EDIFICIO EN JR. GALEON A 10 METROS DEL PARQUE SAN FRANCISCO DE ASIS, FRENTE A IGLESIA SANTISIMO NOMBRE DE JESUS...",https://www.laencontre.com.pe/inmueble/1719-99fc-19a88c9-f91bc2370cc3-7202,laencontre
15169,0,95203,0,"Departamento en Jirón Hermilio Valdizán 210, Jesús María, Perú","Jesus Maria, Lima",42.1,1,1,0,BELLO DEPARTAMENTO DE ESTRENO EN VENTA EN JESÚS MARÍA Edificio de 16 pisos de ubicado en la zona residencial de Jesús María...,https://www.laencontre.com.pe/inmueble/7421-b890-19b4cc2-39cadeffa42c-753b,laencontre
15170,0,88974,0,"Departamento en Cercado De Lima, Lima","Cercado de Lima, Lima",64,2,1,0,"Santa Beatriz: departamento con gran potencial, cerca a San Isidro y Jesús María 📐 𝗔𝗿𝗲𝗮: 𝟲𝟰 𝗺²💰 𝗣𝗿𝗲𝗰𝗶𝗼:...",https://www.laencontre.com.pe/inmueble/48b2-9a3c-19d3d5a-ef683584fb51-7ed2,laencontre
15171,0,355000,0,"Departamento en San Borja, Lima, Per","Santiago de Surco, Lima",259.92,3,4,0,"VENTA DE PENTHOUSE DUPLEX , en San Borja frente al Pentagonito!, cerca a hermosos parques zona privilegiada , comercios ,...",https://www.laencontre.com.pe/inmueble/c963-8fd4-19cb237-ac8632dda8c4-7741,laencontre
15172,0,195000,0,"Departamento en Ocean Reef San Bartolo Beach Condos, Las Palmeras, San Bartolo, Perú","San Bartolo, Lima",98.43,2,2,0,"Duplex con vista al mar en el Condominio Club Ocean Reef de San Bartolo , torre E primera fila, 2 dormitorios y 2 baños. ...",https://www.laencontre.com.pe/inmueble/a9bc-a6df-1919a93-86b44836ec1f-7f67,laencontre
15173,0,175000,0,"Departamento en Jirón Málaga, Higuereta, Santiago De Surco, Perú","Santiago de Surco, Lima",65.3,2,1,0,"Edificio de diseño exclusivo, en la mejor zona de Higuereta, departamento ubicado a pocos minutos del C.C Caminos del Inca...",https://www.laencontre.com.pe/inmueble/937-877d-19c1095-5e9d654fb64-7381,laencontre
15174,0,175000,0,"Departamento en Magdalena Del Mar, Lima","Magdalena del Mar, Lima",76.33,2,2,0,Lindo departamento nuevo y moderno. Cuenta con vista interior a jardines. Ubicación Magdalena límite con San Isidro. El departamento...,https://www.laencontre.com.pe/inmueble/1861-bf28-1981989-5a889285d3fd-7104,laencontre
15175,0,650000,0,"Departamento en Andalucia 189, Lima, Perú","San Borja, Lima",400,3,6,0,"excepcional duplex 200m2 por planta, ascensor directo al living (4º piso) y a la suite principal (5º piso). amplísima sala...",https://www.laencontre.com.pe/inmueble/11ff-96cf-19620be-4d2b602c51a2-7a8b,laencontre
15176,0,262000,0,"Departamento en Avenida Tomasal, Urbanización Los Huertos De San Antonio, Santiago De Surco, Lima, 15023, Per","Santiago de Surco, Lima",106,3,3,0,¡DEPARTAMENTO DE ESTRENO EN 1er PISO! VENDO ESPECTACULAR DEPARTAMENTO DE ESTRENO EN SURCO Ubicado a pocos metros de la intersección...,https://www.laencontre.com.pe/inmueble/fd0d-9504-19a80fb-e51174e3f135-7af2,laencontre
15177,0,180000,0,"Departamento en Jirón Coronel Domingo Casanova 151, Lince, Perú","Lobatón, Lince, Lima",80,3,2,0,"Descubre este moderno departamento ubicado en Jr. Domingo Casanova, a un par de cuadras de Javier Prado y muy cerca de la...",https://www.laencontre.com.pe/inmueble/19c7-ad75-19a38b0-1dd11ec348f7-7570,laencontre
15178,0,498000,0,"Departamento en Miraflores, Lima","Miraflores, Lima",134.9,3,3,0,"Espectacular dpto de lujo ubicado en el Malecón Cisneros, con arquitectura vanguardista y vista directa al mar. Este proyecto...",https://www.laencontre.com.pe/inmueble/2292-b607-19a5cb3-9f7b5ecf34a4-77c1,laencontre
15179,0,378000,0,"Departamento en Miraflores, Lima","Miraflores, Lima",78.71,2,2,0,"Espectacular dpto de lujo ubicado en el Malecón Cisneros, con arquitectura vanguardista y vista directa al mar. Este proyecto...",https://www.laencontre.com.pe/inmueble/911e-ab6a-19a5cab-9ee021c5c35a-74f2,laencontre
15180,0,564000,0,"Departamento en Orrantia, Lima","Orrantia, San Isidro, Lima",151,2,3,0,"Lujoso Dpto de estreno en Av. Pezet, con increible Vista Panoramica al mar. Vive en la zona más exclusiva y moderna de Lima...",https://www.laencontre.com.pe/inmueble/ff46-89d7-1972a2a-d25836e49ac0-72a6,laencontre
15181,0,102500,0,"Departamento en Doña Nora, Lima, Perú","Santiago de Surco, Lima",87.6,2,2,0,VENDO BONITO DEPARTAMENTO EN URB. LOS ROSALES SURCO Bonito y cómodo departamento en un segundo piso con excelente distribución...,https://www.laencontre.com.pe/inmueble/f8fc-895b-199e48f-ace84d235962-7834,laencontre
15182,0,240000,0,"Departamento en Av. Reducto 1580, Miraflores, Perú","Armendáriz, Miraflores, Lima",150,3,2,0,"UBICACION PRIVILEGIADA Muy céntrico, ubicado a pasos de zonas de negocio, restaurantes, cafés, supermercados, tiendas y parques...",https://www.laencontre.com.pe/inmueble/272e-971b-19aa00e-c577151f3947-777e,laencontre
15183,0,1200000,0,"Departamento en Malecón Grau, Chorrillos, Perú","Chorrillos, Lima",683,3,5,0,**Precioso PH – DUPLEX en venta** Chorrillos **Linda vista al mar** • Malecón Grau cdra 2 Piso 7 • Techos altos • Ascensor...,https://www.laencontre.com.pe/inmueble/4a65-95c9-19d0cb4-78a1fc771d41-77d1,laencontre
15184,0,380000,0,"Departamento en Ernesto Diez Canseco, Miraflores, Perú","Miraflores, Lima",258,3,4,0,"Lindo penthouse dúplex con ambientes amplios, muy cálido y con excelente iluminación. Cuenta con acabados de primera y dormitorios...",https://www.laencontre.com.pe/inmueble/a427-8fa6-196f8f6-e4bb8c248992-7d49,laencontre
15185,0,550000,0,"Departamento en 28 De Julio, Avenida 28 De Julio, Miraflores, Perú","Miraflores, Lima",350,3,4,0,"Departamento Flat en Venta – Vista al Mar | Puente Mellizo Amplio y exclusivo departamento flat de 350 m², con excelente...",https://www.laencontre.com.pe/inmueble/2fcd-9d56-19d3041-9b79c02fbd5a-7343,laencontre
15186,0,334000,0,"Departamento en Jirón Monte Real, Chacarilla Del Estanque, Lima, Perú","Santiago de Surco, Lima",185,3,4,0,"Exclusivo departamento dúplex de 185 m², con diseño moderno y excelente iluminación natural. Cuenta con vista a la calle,...",https://www.laencontre.com.pe/inmueble/d5e4-92b9-19be5f1-2cfe4a4eb961-7481,laencontre
15187,0,344000,0,"Departamento en Calle 10, San Borja, Perú","San Borja, Lima",210,4,5,0,"OCASION! Venta DUPLEX en San Borja limite con SURCO, cerca del Pentagonito, ULima, Javier Prado, Salida a la Panamericana...",https://www.laencontre.com.pe/inmueble/e8cb-9647-19a7e85-db7daa7f39d9-70e5,laencontre
15188,0,450000,0,"Departamento en Alameda Monte Umbroso, Surco, Perú","Santiago de Surco, Lima",285,3,3,0,Duplex con Ascensor Directo a Ambos Niveles y con Piscina Privada VIVE EL LUJO EN MONTE UMBROSO - CHACARILLA ¿Buscas un...,https://www.laencontre.com.pe/inmueble/3828-816d-19cf80f-6b0efe76dbe5-7592,laencontre
15189,0,550000,0,"Departamento en Las Garzas, Lima, Perú","San Borja, Lima",284,3,4,0,*Lindo departamento en venta* **Primer piso Tipo Casita** *Chacarilla – San Borja* • Calle Las Garzas Cdra 1 - Primer Piso...,https://www.laencontre.com.pe/inmueble/d703-8a4e-19a1d0a-df240bced6cb-7196,laencontre
15190,0,550000,0,"Departamento en Jirón Allamanda, Surco, Perú","Santiago de Surco, Lima",377.4,3,0,0,VENTA- DUPLEX - Jiron ALLAMANDA - MONTERRICO Venta- Dúplex (5to y 6to piso ) Jiron Allamanda cdra. 2…. Monterrico Frente...,https://www.laencontre.com.pe/inmueble/e056-a6ba-639b5f86-e6983df9ed07-4e8c,laencontre
15191,0,590000,0,"Departamento en Calle Toribio Pacheco 155, Miraflores, Lima, 15074, Per","Santa Cruz, Miraflores, Lima",295.06,3,3,0,"Descubre este exclusivo y moderno Penthouse Dúplex ubicado en la Calle Toribio Pacheco, entre la Calle Contralmirante Villar...",https://www.laencontre.com.pe/inmueble/e325-b0f0-19a9056-61b15a42889c-7602,laencontre
15192,0,825000,0,"Departamento en Country Club, Lima","Country Club, San Isidro, Lima",417,3,3,0,Nuevo Ingreso : Vendo Exclusivo Pent house 417 m2 con una vista espectacular al Golf y mar en pleno corazón de San isidro...,https://www.laencontre.com.pe/inmueble/f895-bf2e-19cd49f-3f224238c813-723c,laencontre
15193,0,445000,0,"Departamento en Miraflores, Lima","Miraflores, Lima",217,3,3,0,"📢Nuevo Ingreso : vendo lindo Duplex piso 7 con terraza 217 m2 en pleno corazón de Miraflores a pocos pasos del malecón ,...",https://www.laencontre.com.pe/inmueble/a462-8fac-19cd49a-e78c279128c5-7936,laencontre
15194,0,165000,0,"Departamento en Jirón Pedro Martinto 102, Barranco, Perú","Cercado de Lima, Lima",58.63,1,1,0,"*OCASIÓN* Vendo departamento en BARRANCO Área 58.63 m² Precio USD 165.000,00 Negociable. Ubicada Ca. Pedro...",https://www.laencontre.com.pe/inmueble/b04c-a0b3-19c3535-100604002854-724c,laencontre
15195,0,140000,0,"Departamento en Dean Valdivia, Calle Dean Valdivia, San Isidro, Perú","Corpac, San Isidro, Lima",47,1,1,0,**Departamento en venta amoblado** Excelente oportunidad como inversión **San Isidro** • Calle Dean Valdivia cdra 2 Piso...,https://www.laencontre.com.pe/inmueble/31f6-b633-19af023-12200d129a72-73c5,laencontre
15196,0,72662,0,"Departamento en Calle Cinco, San Martín De Porres, Lima, 15112, Per","Cercado de Lima, Lima",64,3,2,0,"Departamento de estreno con balcón y vista a parque desde el 4to piso, a dos cuadras del cruce de la Av. Canta Callao con...",https://www.laencontre.com.pe/inmueble/587e-8c65-19cff10-57335b4fefe8-76f0,laencontre
15197,0,609807,0,"Departamento en San Borja, Lima","San Borja, Lima",271,4,5,0,"Amplio dpto. en primer piso, con 4 dormitorios c/u con baño, frente a parque y con dos terrazas, a una cuadra de la Av....",https://www.laencontre.com.pe/inmueble/d864-89d7-1972a01-b779696f8c1a-72a6,laencontre
15198,0,530000,0,"Departamento en Alameda Monte Umbroso, Surco, Perú","Santiago de Surco, Lima",244,3,3,0,Duplex con Ascensor Directo a Ambos Niveles y con Piscina Privada VIVE EL LUJO EN MONTE UMBROSO - CHACARILLA ¿Buscas un...,https://www.laencontre.com.pe/inmueble/eb74-8f24-19cf809-db9dab7d080f-76fc,laencontre
15199,0,560000,0,"Departamento en Calle General Muñiz, San Isidro, Perú","Country Club, San Isidro, Lima",200,3,3,0,"Departamento ubicado en un edificio de tres frentes, este departamento ofrece una vista lateral al Boulevard de Roosevelt...",https://www.laencontre.com.pe/inmueble/23d3-ad8f-1916ddd-a2d1deb24f7f-7c40,laencontre
15201,0,1150000,0,"Departamento en Parque Acosta, Pasaje Jose De Acosta, San Isidro, Perú","Orrantia, San Isidro, Lima",330,4,4,0,"• Parque Acosta cdra 2, Piso 3 • Impecable, linda vista a parque • Ascensor directo • A.C. 330m2 • Sala-comedor • Terraza...",https://www.laencontre.com.pe/inmueble/a50a-8d79-1988ac3-d86fd40b01fb-7531,laencontre
15202,0,295000,0,"Departamento en Avenida Cerros De Camacho 980, Santiago De Surco, Perú","Santiago de Surco, Lima",194,3,4,0,"Venta de exclusivo departamento en Los Cerros de Camacho, piso 16, donde podrás disfrutar de una increíble vista al Golf ...",https://www.laencontre.com.pe/inmueble/603068,laencontre
15203,0,145000,0,"Departamento en Calle Los Geranios, Lince, Perú","San Eugenio, Lince, Lima",67,2,2,0,"Moderno departamento excelente ubicación, fácil acceso vehicular y peatonal, cerca clínicas, centros comerciales, bancos,...",https://www.laencontre.com.pe/inmueble/de1e-8397-19b0b08-76ea2034cbf6-774f,laencontre
15204,0,1200000,0,"Departamento en Malecon Mariscal Ramon Castilla, Lima, Perú","Barranco, Lima",447,3,4,0,Lindo Departamento Dúplex con Vista Frontal al Mar en Barranco *Alquilado hasta el 15 de febrero de 2025.* • Características...,https://www.laencontre.com.pe/inmueble/11a3-9e32-194528f-dfa82e686aaf-7d49,laencontre
15205,0,103000,0,"Departamento en Sol De Oro, Los Olivos, Perú","Los Olivos, Lima",80,2,2,0,"Amplio departamento de 80 m² de estreno, en la Urb. Sol de Oro, Los Olivos, justo frente a Megaplaza 🛍️ ✔️ 𝗔𝗥𝗘𝗔 𝟴𝟬...",https://www.laencontre.com.pe/inmueble/e6f-97c4-1958e1d-27957426dd11-7c44,laencontre
15206,0,340000,0,"Departamento en Santander, Miraflores, Perú","Miraflores, Lima",100,3,2,0,"VENDO COMO INVERSION- AMOBLADO Miraflores límite con San Isidro DPTO AMOBLADO VENTA : $340,000 ** ALQUILADO HASTA 1 ...",https://www.laencontre.com.pe/inmueble/1381-8ddd-19cf831-775cad1f5bba-73e4,laencontre
15207,0,191000,0,"Departamento en Avenida Principal 740, Surquillo, Perú","Surquillo, Lima",81,3,2,0,DEPARTAMENTO NUEVO DE ESTRENO EN VENTA – SURQUILLO 80.91 m² | Piso 5 | 3 dormitorios | 2 baños completos Te presentamos ...,https://www.laencontre.com.pe/inmueble/2da0-b928-19cffc5-f7fb298224e9-7546,laencontre
15208,0,512000,0,"Departamento en Orrantia, Lima","Orrantia, San Isidro, Lima",215.57,3,2,0,"Hermoso dpto en primer piso, a tres cuadras del golf de San Isidro, ubicado en una de las zonas más exclusivas de San Isidro...",https://www.laencontre.com.pe/inmueble/85e5-83da-19a4c70-3b571cd39428-773e,laencontre
15209,0,299000,0,"Departamento en Country Club, Lima","Country Club, San Isidro, Lima",137,3,3,0,📢Se vende o alquila hermoso y amplio departamento en la mejor Zona de San Isidro 137m2 + estacionamiento doble El departamento...,https://www.laencontre.com.pe/inmueble/a1d8-8a99-19c7739-9a87be858c3a-73e1,laencontre
15210,0,580000,0,"Departamento en Av. Gral. Córdova 510, Lima, Perú","Santa Cruz, Miraflores, Lima",376,0,0,0,"Bonito y moderno duplex con excelente ubicación en Urb Santa Cruz cercana a parques. Cuenta con sala, comedor, 2 baños de...",https://www.laencontre.com.pe/inmueble/e054-b291-8d297380-552b4554e400-45e4,laencontre
15211,0,389500,0,"Departamento en Avenida Alejandro Velasco Astete, Surco, Perú","Santiago de Surco, Lima",181,3,4,0,"El depa está en 2do. piso, el edificio tiene 2 torres, con 10 depas en cada torre. Cuenta con ascensor directo, aparte de...",https://www.laencontre.com.pe/inmueble/34e1-967b-19c68fe-44590a1db726-72ae,laencontre
15212,0,479000,0,"Departamento en Torre Tagle 161, Miraflores, Perú","Santa Cruz, Miraflores, Lima",251,3,4,0,DEPARTAMENTO PENTHOUSE EN PISO 7 Y 8 DE ESTRENO VISTA A CALLE TORRE TAGLE EN MIRAFLORES. AREA TECHADA 190 MTS2 Y TERRAZA ...,https://www.laencontre.com.pe/inmueble/bdf0-af70-afb5a999-9d7168ca3608-4be8,laencontre
15213,0,131979,0,"Departamento en Avenida Aviación 3850, Surquillo, Lima, 15038, Per","Surquillo, Lima",73,3,2,0,"Con buena distribución Arquitectónica y diseño de última tendencia. NO PAGA ALCABALA, es un departamento de 3 dormitorios...",https://www.laencontre.com.pe/inmueble/caf-9ad2-d484abd5-78fbd62819cb-4d56,laencontre
15214,0,75000,0,"Departamento en Camino Rural Antigua Panamericana Sur, Punta Negra, Lima, 15851, Per","Cercado de Lima, Lima",81.32,3,2,0,"Amplio DEPARTAMENTO DE ESTRENO (AC-81m2), en EDIFICIO DE 3 PISOS con AZOTEA (área común), son 2 Departamentos por nivel, ...",https://www.laencontre.com.pe/inmueble/5b3b-af91-6237f52c-f6f12bbbb2e3-43f6,laencontre
15215,0,63000,0,"Departamento en Camino Rural Antigua Panamericana Sur, Punta Negra, Lima, 15851, Per","Cercado de Lima, Lima",68,3,2,0,"MODERNO DEPARTAMENTO DE ESTRENO (AC-68m2), en EDIFICIO DE 3 PISOS con AZOTEA (área común), son 2 Departamentos por nivel,...",https://www.laencontre.com.pe/inmueble/e01a-b848-37f538de-1e1c4d3790e2-48b4,laencontre
15216,0,348000,0,"Departamento en Calle General Borgoño, Miraflores, Perú","Miraflores, Lima",152,3,4,0,• Calle General Borgoño cdra 10 piso 3 • A.C. : 152.39m2. • Sala – Comedor • Balcon - Terraza • Sala de estar • 3 dormitorios...,https://www.laencontre.com.pe/inmueble/c8bd-9eec-19c4da7-5165d04e721e-732a,laencontre
15217,0,460000,0,"Departamento en Calle 27 De Noviembre, Miraflores, Perú","Santa Cruz, Miraflores, Lima",228,4,3,0,"Descubre este exclusivo dúplex de 178 m² construidos, una gran terraza privada y 4 dormitorios. Ubicado en Miraflores, al...",https://www.laencontre.com.pe/inmueble/a7c6-96ae-19a31d4-b4616d229159-7511,laencontre
15218,0,700000,0,"Departamento en Calle Los Robles, San Isidro, Perú","Orrantia, San Isidro, Lima",350,3,4,0,Precioso departamento remodelado. Lindo edificio en esquina. Zona TOP de San Isidro. El departamento cuenta con ambientes...,https://www.laencontre.com.pe/inmueble/73e-afb0-1986658-271c3a4791e0-76af,laencontre
15219,0,394000,0,"Departamento en Orrantia, Lima","Orrantia, San Isidro, Lima",130.65,3,3,0,"Hermoso dpto a tres cuadras del golf de San Isidro, ubicado en una de las zonas más exclusivas de San Isidro. Edificio boutique...",https://www.laencontre.com.pe/inmueble/a036-a0e2-19d2df0-aaa11bc40ed-7288,laencontre
15220,0,206000,0,"Departamento en Santiago De Surco, Lima","Santiago de Surco, Lima",73.29,3,2,0,"Dpto de estreno límite con Miraflores y Barranco, ubicado en una de las zonas residenciales más lindas de Surco, salida directa...",https://www.laencontre.com.pe/inmueble/240e-9816-19d2ba0-e677f3a283c6-7122,laencontre
15221,0,155000,0,"Departamento en Santiago De Surco, Lima","Santiago de Surco, Lima",57,2,2,0,"Dpto de estreno límite con Miraflores y Barranco, ubicado en una de las zonas residenciales más lindas de Surco, salida directa...",https://www.laencontre.com.pe/inmueble/5f9a-81d9-19d2b9d-55783f0af953-76d9,laencontre
15222,0,133000,0,"Departamento en Santiago De Surco, Lima","Santiago de Surco, Lima",43,1,1,0,"Dpto de estreno límite con Miraflores y Barranco, ubicado en una de las zonas residenciales más lindas de Surco, salida directa...",https://www.laencontre.com.pe/inmueble/b062-9ee0-19d2b8a-42c8dbccf6f1-7271,laencontre
15225,0,99000,0,"Departamento en Tomas Marsano, Surquillo, Perú","Salamanca De Monterrico, Ate, Lima",51,1,1,0,"Moderno | Ideal para inversión | Excelente ubicación Se vende moderno departamento de 50.17 m², ubicado en el piso 18, con...",https://www.laencontre.com.pe/inmueble/ee18-b7b1-19c0083-1b98d9ae1e99-77cd,laencontre
15226,0,360000,0,"Departamento en Calle Montes De Oro 180, Santiago De Surco, Perú","Santiago de Surco, Lima",267,3,2,0,"Se vende hermoso y espacioso departamento ubicado en la exclusiva zona de Valle Hermoso, sobre la Calle Montes de Oro. Con...",https://www.laencontre.com.pe/inmueble/6925-9944-199f51d-40e36cf7bf16-7874,laencontre
15227,0,194042,0,"Departamento en Calle Los Narcizos, Urbanización Casuarinas Sur, Santiago De Surco, Lima, 15023, Per","Santiago de Surco, Lima",89.49,3,2,0,"¿Sueñas con un hogar que lo tenga todo? ¡Tu búsqueda ha terminado! Te presentamos Torre Las Cantutas, un exclusivo proyecto...",https://www.laencontre.com.pe/inmueble/fcd5-955e-5732f25f-90ac13c8b7eb-48ed,laencontre
15228,0,222860,0,"Departamento en Calle Los Narcizos, Urbanización Casuarinas Sur, Santiago De Surco, Lima, 15023, Per","Santiago de Surco, Lima",82.29,3,2,0,"¿Sueñas con un hogar que lo tenga todo? ¡Tu búsqueda ha terminado! Te presentamos Torre Las Cantutas,un exclusivo proyecto...",https://www.laencontre.com.pe/inmueble/60bd-a37e-5467e1d7-e522895686f3-4f35,laencontre
15229,0,280000,0,"Departamento en Alameda Del Crepúsculo, Santiago De Surco, Perú","Santiago de Surco, Lima",185,3,2,0,"Area 185 m2 NEGOCIABLE:: Se vende en linda zona , rodeada de parques y jardines lindo departamento muy bien ubicado en un...",https://www.laencontre.com.pe/inmueble/4802-a872-19cf2cb-b34a38d96f3e-750f,laencontre
15230,0,1150000,0,"Departamento en Nicolas De Ribera, San Isidro, Perú","Country Club, San Isidro, Lima",507,4,4,0,"Penthouse en San Isidro con vistas, lujo y confort ¡Vive en una exclusiva zona de San Isidro en un espectacular Penthouse...",https://www.laencontre.com.pe/inmueble/abf3-9ae9-197b352-601bb1c8283c-76ee,laencontre
15231,0,650000,0,"Departamento en Alameda Picaflores, San Borja, Perú","San Borja, Lima",420,3,4,0,"Venta: Dúplex exclusivo en Chacarilla, San Borja En plena Alameda Los Picaflores — 420 m² Amplio y elegante dúplex de 420...",https://www.laencontre.com.pe/inmueble/1ba8-9213-195d50e-7591121c95a4-7c44,laencontre
15232,0,311895,0,"Departamento en Santiago De Surco, Lima","Santiago de Surco, Lima",152,3,3,0,"Este moderno departamento ubicado en Santiago de Surco, ofrece una excelente oportunidad para quienes buscan un hogar cómodo...",https://www.laencontre.com.pe/inmueble/11a6-b4f7-19987bb-21d505d56d38-75a2,laencontre
15233,0,155000,0,"Departamento en Calle Enrique Barrón 377, Barranco, Perú","Barranco, Lima",61.24,3,2,0,Esta es una REAL OCASIÓN!! Una propiedad diseñada para generar flujo constante y potenciar tu retorno. LA ZONA: Si tu estrategia...,https://www.laencontre.com.pe/inmueble/2908-90ac-19c9166-90960fb077bd-7270,laencontre
15234,0,155000,0,"Departamento en Miraflores, Lima","Miraflores, Lima",90,1,2,0,Disfruta de un estilo de vida único en pleno corazón de Miraflores. Este atractivo dúplex de aproximadamente 63 m² techados...,https://www.laencontre.com.pe/inmueble/768e-8500-19c5a1b-67a6983203d9-760a,laencontre
15235,0,174983,0,"Departamento en Santiago De Surco, Lima","Santiago de Surco, Lima",66,2,2,0,Vendo moderno dpto. ubicado. en Javier Prado Este 294 - en el EDIFICIO HILLS CAMACHO un edificio moderno en una avenida emblemática...,https://www.laencontre.com.pe/inmueble/cec1-be0d-19603e6-9f594adf047f-7b4c,laencontre
15236,0,120000,0,"Departamento en Risso, Lima","Risso, Lince, Lima",65,2,2,0,Agente Reg. PN 1027 Boris Bobbio Stihl +5199412---- b_bo----@hotmail.com DEPARTAMENTO - LINCE - Av. Petit Thouars 19XX Excelente...,https://www.laencontre.com.pe/inmueble/be90-b384-19c7223-b2c40a530493-75a3,laencontre
15237,0,232000,0,"Departamento en Las Gardenias, Santiago De Surco, Perú","Santiago de Surco, Lima",143,3,3,0,"¡Vive la experiencia de tu nuevo hogar en Surco! Ubicación: Av. Caminos del Inca 1012, Santiago de Surco 15039, Perú Precio...",https://www.laencontre.com.pe/inmueble/513256,laencontre
15238,0,185000,0,"Departamento en Cercado De Lima, Lima","Cercado de Lima, Lima",83.94,2,1,0, VENTA DE HERMOSO DEPARTAMENTO EN BARRANCO   Av. San Martín- Barranco - Piso: 5 y techo - Ascensor * Piso 5:  Área ocupada...,https://www.laencontre.com.pe/inmueble/25dd-8631-19c68b1-42429526af35-7252,laencontre
15239,0,104664,0,"Departamento en Cercado De Lima, Lima","Cercado de Lima, Lima",64,3,2,0,"VENDO MODERNO DPTO. EN EL CONDOMINIO ALTO LIMA PARK, ubicado en Av. Oscar R. Benavides, Cdra. 11 (ex Colonial) - Cercado ...",https://www.laencontre.com.pe/inmueble/7cb5-be3a-197aa30-a7b96e72e3e9-7d7e,laencontre
15240,0,329746,0,"Departamento en Santiago De Surco, Lima","Santiago de Surco, Lima",140,3,3,0,"Ubicado en la mejor zona de Santiago de Surco, este impresionante departamento a estrenar ofrece un estilo de vida contemporáneo...",https://www.laencontre.com.pe/inmueble/195e-adcb-199871c-ed2a28c6ee46-723f,laencontre
15241,0,215000,0,"Departamento en Surquillo, Lima","Surquillo, Lima",76.38,3,2,0,"Dpto de estreno a un paso del Centro Financiero de San Isidro, con salida directa a Canaval y Moreyra y Vía Expresa. Lo mejor...",https://www.laencontre.com.pe/inmueble/52e0-8d91-19d2352-ee7ed44bd66f-7641,laencontre
15242,0,64500,0,"Departamento en I, La Merced, Distrito De Punta Negra, Lima, Perú","Cercado de Lima, Lima",70.93,3,2,0,"Amplio DEPARTAMENTO DE ESTRENO (AC-71m2), en EDIFICIO DE 3 PISOS con AZOTEA (área común), son 2 Departamentos por nivel, ...",https://www.laencontre.com.pe/inmueble/f912-8d62-d6101046-249817f085f5-4e29,laencontre
15243,0,716295,0,"Departamento en Comisaría Chacarilla Del Estanque, San Borja, Perú","San Borja, Lima",280.9,4,4,0,"Amplio dpto con 4 dormitorios c/u con baño, frente a parque, a una cuadra de la Av. Velasco Astete y dos cuadras de la Av...",https://www.laencontre.com.pe/inmueble/bc17-9c11-19cfd8f-25355b0d6b3-7193,laencontre
15244,0,225000,0,"Departamento en Palmas, Lima, Perú","Santiago de Surco, Lima",141,3,2,0,"MP082401 Lindo e iluminado departamento en Surco en urbanización cerrada con vigilancia 24/7 📌 Calle Las Palmas, Urbanización...",https://www.laencontre.com.pe/inmueble/3d99-b89c-1919114-1c6696ea3904-7910,laencontre
15245,0,615000,0,"Departamento en Avenida General Pezet, San Isidro, Perú","Orrantia, San Isidro, Lima",300,3,4,0,"AMPLIOS AMBIENTES MUY ILUMINADOS, SALA, COMEDOR, BALCON SALA DE ESTAR, 3 DORMITORIOS, 3.5 BAÑOS, COCINA, LAVANDERIA, CUARTO...",https://www.laencontre.com.pe/inmueble/700-b5bf-19c263d-f3f90a3237dd-7500,laencontre
15246,0,929819,0,"Departamento en Avenida Alejandro Velasco Astete, Urbanización La Alborada, Santiago De Surco, Lima, 15038, Per","Santiago de Surco, Lima",109,3,3,0,"Departamento Flat en estreno — Santiago de Surco 📍 Ubicación: Av. Alejandro Velasco Astete, Santiago de Surco, Lima ...",https://www.laencontre.com.pe/inmueble/51df-8380-b681d171-3792a1683221-482c,laencontre
15249,0,600000,0,"Departamento en Calle Río De Janeiro, Santa María Del Mar, Lima, 15861, Per","Santa Maria del Mar, Lima",554.17,3,3,0,"Iluminado y amplio Penthouse en venta con linda vista en Playa Embajadores - Santa María del Mar, ubicado frente al mar en...",https://www.laencontre.com.pe/inmueble/d340-8724-196b3ee-8ec1d72560e5-7750,laencontre
15250,0,260000,0,"Departamento en Av. Paseo De La República 63, Miraflores, Perú","Miraflores, Lima",123,3,2,0,"DEPARTAMENTO A 2 CUADRAS DE AV. BENAVIDES. NO DA A LA AVENIDA, TIENE VISTA A LA CIUDAD. PISO 13 DEPARTAMENTO CON BUENA ...",https://www.laencontre.com.pe/inmueble/16cc-9706-19be3a7-36cc7904ea03-7310,laencontre
15251,0,630000,0,"Departamento en Av. De Los Precursores 533, Santiago De Surco, Perú","Santiago de Surco, Lima",400,4,4,0,"- Amplio y cómodo dúplex de 400 m² frente al parque César Vallejo. Ideal para familias que buscan espacios amplios, funcionales...",https://www.laencontre.com.pe/inmueble/6a98-91cf-192220f-760c3ebf6195-7e5e,laencontre
15252,0,620000,0,"Departamento en Almirante Lord Nelson, Miraflores, Perú","Santa Cruz, Miraflores, Lima",260,5,4,0,Lujoso Dúplex con Vista a la Calle en MiraSidro – Último Piso Exclusivo dúplex ubicado en el piso 7 de un moderno edificio...,https://www.laencontre.com.pe/inmueble/ef84-87d9-19ce4f7-a10e49bcb081-7735,laencontre
15253,0,325000,0,"Departamento en Country Club, Lima","Country Club, San Isidro, Lima",147,4,3,0,"Vive en el corazón de San Isidro, en una de las zonas más residenciales, seguras y estratégicas de Lima. Departamento EXCLUSIVO...",https://www.laencontre.com.pe/inmueble/1db-a068-19c59ed-c957028fce04-7405,laencontre
15254,0,749000,0,"Departamento en Country Club, Lima","Country Club, San Isidro, Lima",378.76,4,5,0,"Linda Casa Tradicional en San Isidro Venta $ 749,000 dólares Área Total 378.76 m2 Área Construida 323.06 m2 Mantenimiento...",https://www.laencontre.com.pe/inmueble/cdf0-8b0d-19ce9a1-4cc20d6e7ad-7230,laencontre
15255,0,305000,0,"Departamento en El Herraje 162, Lima, Perú","Santiago de Surco, Lima",230.19,4,3,0,"𝙃𝙀𝙍𝙈𝙊𝙎𝙊 𝙏𝙍𝙄𝙋𝙇𝙀𝙓 𝙀𝙉 𝙑𝙀𝙉𝙏𝘼 con terraza y área de parrilla, perfecto para celebrar con familia y amigos...",https://www.laencontre.com.pe/inmueble/1b80-b4e8-1937467-6bddd6d09a94-7b35,laencontre
15256,0,120000,0,"Departamento en Avenida General Córdova 121, Miraflores, Perú","El Olivar, San Isidro, Lima",61,1,1,0,"Funcional departamento de 1 dormitorio en zona tranquila de Miraflores, esquina Av. Santa Cruz. Piso 3, cuenta con ascensor...",https://www.laencontre.com.pe/inmueble/5d18-8501-19a90cb-7cda221ec572-7386,laencontre
15257,0,118650,0,"Departamento en Calle San Martín 160, San Miguel, Perú","Maranga, San Miguel, Lima",78,3,2,0,"Venta Departamento en San Miguel S/ 400,057.00 de 3 dormitorios, vista a la calle, en el piso 2 al 4to piso. Vendo Depas ...",https://www.laencontre.com.pe/inmueble/b927-90c9-19d4744-372ee2a4d582-74f0,laencontre
15258,0,170000,0,"Departamento en Las Gardenias, Surco, Perú","Santiago de Surco, Lima",124,3,2,0,"Area 124 mts Usd. 170,000. Departamento tercer piso USD 175,000 Departameento en Segundo pIso Super precio!!! Dos...",https://www.laencontre.com.pe/inmueble/7117-b51d-198a631-1507e652c034-745b,laencontre
15259,0,168000,0,"Departamento en Calle Mercedarias, Lima, Perú","Santiago de Surco, Lima",124,3,2,0,"Area 124 metros USD 170,000 DEPARTAMENTO TERCER PISO USD 168,000 DEPARTAMENTO SEGUNDO PISO negociables! Lindo departamento...",https://www.laencontre.com.pe/inmueble/bbb0-8fff-195a540-d1d3cbf27c88-71a3,laencontre
15260,0,411391,0,"Departamento en Corpac, Lima","Corpac, San Isidro, Lima",122.32,3,3,0,Exclusivo Dpto. de 3 dormitorios ubicado en Av. Javier Prado Oeste CDRA. 9 - San Isidro. Cerca de Av. Principales como; ...,https://www.laencontre.com.pe/inmueble/463-be8b-196fb18-cdddcecdcb6-78a6,laencontre
15261,0,150000,0,"Departamento en Calle Benjamín Doig Lossio, San Martín De Porres, Lima, 15108, Per","Los Olivos, Lima",200,4,3,0,🏡 VENDO AMPLIO DEPARTAMENTO EN PRIMER PISO – TOTALMENTE INDEPENDIENTE Disfrute la comodidad y privacidad de una vivienda...,https://www.laencontre.com.pe/inmueble/1cc1-8428-19bed5a-52a17834779d-70d6,laencontre
15262,0,127674,0,"Departamento en San Borja, Lima","San Borja, Lima",0,0,0,0,Departamento Dúplex en Remate Judicial - San Borja Excepcional oportunidad de inversión en una de las zonas más exclusivas...,https://www.laencontre.com.pe/inmueble/e8c0-beff-19d6a43-a7cdc6558c9c-7151,laencontre
15263,0,126000,0,"Departamento en Alfa Águila 171, Surquillo, Perú","Surquillo, Lima",71,2,2,0,"Departamento en La Calera – 2 Dormitorios, Vista Interior a Parque Ubicado en segundo piso, este departamento combina comodidad...",https://www.laencontre.com.pe/inmueble/1fee-8523-19c72e1-42d4a34c911e-7273,laencontre
15264,0,149800,0,"Departamento en Calle La Calera, Surquillo, Perú","Surquillo, Lima",98,3,2,0,"Vendo Duplex en La Calera, Surquillo. Departamento en venta ubicado en La Calera De La Merced, Surquillo, con un área construida...",https://www.laencontre.com.pe/inmueble/d53d-9fed-19d46e8-9febf02735ef-745f,laencontre
15265,0,180000,0,"Departamento en Santiago De Surco, Lima","Santiago de Surco, Lima",132.65,3,3,0,"VENTA DE AMPLIO DEPARTAMENTO DE 132 M2 EDIFICIO DE 4 PISOS, UBICADO EN ZONA TRANQUILA Y RESIDENCIAL ANTIGUEDAD DE 16 AÑOS...",https://www.laencontre.com.pe/inmueble/b223-9482-840af7ca-38b1738a815e-4a9b,laencontre
15266,0,275000,0,"Departamento en Calle Coronel Inclán 421, Miraflores, Lima, Perú","Miraflores, Lima",144,3,2,0,"PRECIO DE VENTA: US$275,000.00 (incluye 1 cochera para dos autos en línea y 1 depósito) AREA TECHADA 123.23 AREA OCUPADA ...",https://www.laencontre.com.pe/inmueble/45e6-9f3e-19be90f-8a40692ad00e-752e,laencontre
15267,0,265441,0,"Departamento en Santa Cruz, Lima","Santa Cruz, Miraflores, Lima",85.65,2,2,0,Hermoso departamento de estreno en primer piso con terraza y jardinera en Miraflores Edificio de diseño moderno ubicado ...,https://www.laencontre.com.pe/inmueble/a4ce-b892-1969863-2f7ce252e75e-778e,laencontre
15268,0,159000,0,"Departamento en Barranco, Lima","Barranco, Lima",56,2,2,0,"💯Vendo Departamento en Pedro de Osma muy cerca de la plaza de Barranco, excelente ubicación. ✅55 mt2. ✅2 habitaciones. ...",https://www.laencontre.com.pe/inmueble/3f35-91ec-19ce8bb-311fcce574c9-7a52,laencontre
15269,0,545000,0,"Departamento en Orrantia, Lima","Orrantia, San Isidro, Lima",286,4,5,0,Agente Reg. PN 1027 Boris Bobbio Stihl +5199412---- b_bo----@hotmail.com DEPARTAMENTO - SAN ISIDRO Av Dos de Mayo Excelente...,https://www.laencontre.com.pe/inmueble/52b9-b1b5-19cba0a-99b75b746ef0-76b0,laencontre
15270,0,308888,0,"Departamento en Santa Cruz, Lima","Santa Cruz, Miraflores, Lima",157,3,3,0,"🧿Miraflores límite San Isidro *OCASIÓN ANTES$ 340,000 AHORA $ 310,000* ✅Vendo lindo Pent House duplex 157 m2 piso 7 y 8...",https://www.laencontre.com.pe/inmueble/fe5f-836f-197753e-48f5e4739524-7680,laencontre
15272,0,1185507,0,"Departamento en Comisaría Chacarilla Del Estanque, San Borja, Perú","San Borja, Lima",549,4,4,0,"Exclusivo dúplex estreno de 4 dormitorios c/u con baño, frente a parque y  con espaciosas terrazas, a una cuadra de la Av...",https://www.laencontre.com.pe/inmueble/5ed4-b88f-19cfd89-213f5510c76e-7260,laencontre
15273,0,203752,0,"Departamento en Jesus Maria, Lima","Jesus Maria, Lima",78,3,2,0,"Moderno y funcional departamento flat, ubicado en una de las zonas más céntricas y valorizadas de Jesús María, cerca a Universidades...",https://www.laencontre.com.pe/inmueble/3439-8550-19ce535-3c1ec43638e9-7464,laencontre
15274,0,223000,0,"Departamento en Cercado De Lima, Lima","Cercado de Lima, Lima",84,2,2,0,Departamento en Edificio de Autor – Barranco | Arquitectura Contemporánea Vive en un exclusivo edificio de poca altura y...,https://www.laencontre.com.pe/inmueble/d78d-a129-19ce513-cb5d9d0978ba-7373,laencontre
15275,0,185000,0,"Departamento en Santa Cruz, Lima","Santa Cruz, Miraflores, Lima",68.57,2,2,0,Se vende lindo y acogedor departamento de estreno en Miraflores límite con San Isidro 2 dormitorios | 2 baños | 1 Estacionamiento...,https://www.laencontre.com.pe/inmueble/5b2a-abe6-1991cfb-fcdb24ac0fdb-7f5e,laencontre
15276,0,225000,0,"Departamento en Av. Del Ejército 865, Magdalena Del Mar 15076, Perú","Magdalena del Mar, Lima",149,3,2,0,"VENDO FUNCIONAL DEPARTAMENTO DE 85,5 M2 EN PISO 18 CON AIRES DE 64M2 PARA CONSTRUIR UNA TERRAZA DE IMPRESIONANTE VISTA AL...",https://www.laencontre.com.pe/inmueble/320b-8ca0-19bbf83-aacfabb90f17-7fe2,laencontre
15277,0,118040,0,"Departamento en Jirón Tejada 173, Barranco, Perú","Barranco, Lima",77.68,2,2,0,Moderno departamento de 77.68 m² con solo 3 años de antigüedad en Barranco. 📍 Ubicado en 1er Piso (Edificio de 8 pisos)...,https://www.laencontre.com.pe/inmueble/4ab9-8b97-19c7c2d-918fb46c055a-7094,laencontre
15278,0,298000,0,"Departamento en Calle Godofredo Garcia Díaz, Surco, Perú","Santiago de Surco, Lima",189,3,3,0,"Venta de amplio e iluminado departamento en Surco, a un lado de la Av Casuarinas, en esquina muy cerca a parque.Zona segura...",https://www.laencontre.com.pe/inmueble/ff69-8690-19a6f42-787f7ad782c-7327,laencontre
15279,0,70299,0,"Departamento en Calle San Martín 160, San Miguel, Perú","Maranga, San Miguel, Lima",39.4,1,1,0,"Vendo Depas en San Miguel, Precios de Pre Venta! Edificio Carolina del Mar, San Miguel. Bienvenido al Proyecto Carolina del...",https://www.laencontre.com.pe/inmueble/7492-a341-19d4730-c87c91cdaa68-7210,laencontre
15280,0,335000,0,"Departamento en Avenida Camino Real, San Isidro, Perú","El Olivar, San Isidro, Lima",176,3,3,0,"Excelente ubicación, amplios ambientes, vista a la calle • Sala • Comedor • 3 Dormitorios • 2 Baños ( 1 incorporado al dormitorio...",https://www.laencontre.com.pe/inmueble/488-a250-19d2b1e-c4dc764692d4-7320,laencontre
15281,0,187000,0,"Departamento en Avenida Primavera 1007, San Borja, Perú","San Borja, Lima",89,3,2,0,Agente Reg. PN 1027 Boris Bobbio Stihl +5199412---- b_bo----@hotmail.com DEPARTAMENTO - SAN BORJA Av. Primavera 10XX Área...,https://www.laencontre.com.pe/inmueble/423617,laencontre
15282,0,650000,0,"Departamento en Av. Circunvalación Del Golf Los Incas 711, Club Golf Los Incas, Santiago De Surco, Perú","Santiago de Surco, Lima",378,3,3,0,"PRECIO DE VENTA: $650,000 MANTENIMIENTO: S/ 1,150.00 aprox. ÁREA TOTAL: 378.45M2 ÁREA OCUPADA: 211.15M2 Exclusivo y moderno...",https://www.laencontre.com.pe/inmueble/2ec4-b2a4-1997789-993fc9a349a0-77c9,laencontre
15283,0,418940,0,"Departamento en Calle Monclova, San Isidro, Perú","El Olivar, San Isidro, Lima",115,3,3,0,"Residencia exclusiva en edificio boutique Descubra un apartamento nuevo a estrenar de 114.71 m², concebido para quienes ...",https://www.laencontre.com.pe/inmueble/61b6-90f2-19ce522-9f10d21df901-7157,laencontre
15284,0,144000,0,"Departamento en La Mar, San Miguel, Perú","San Miguel, Lima",121,4,2,0,"Vendo Depa Tipo Casa con Doble Ingreso, en San Miguel! Departamento en Primer Piso con Doble Ingreso – San Miguel Ubicación...",https://www.laencontre.com.pe/inmueble/afc3-9a6c-19d89a3-64970fae397a-7861,laencontre
15285,0,275000,0,"Departamento en Av. Buena Vista 324, San Borja, Perú","San Borja, Lima",190,3,3,0,¡Departamento Amplio mas 2 estacionamientos y un deposito en Venta en Chacarilla del Estanque – San Borja! ¿Buscas comodidad...,https://www.laencontre.com.pe/inmueble/9a31-bfdc-1989794-33ff28306182-753d,laencontre
15286,0,240000,0,"Departamento en Av. Velasco Astete, Surco, Perú","Santiago de Surco, Lima",160,3,3,0,• Ubicación: Av. Velasco Astete Cdra 17 Piso 3 Duplex • Excelente ubicación • Área de construcción 160m2 Piso 3: • Sala...,https://www.laencontre.com.pe/inmueble/5295-ab8d-19987a0-4ce69d218a5d-7472,laencontre
15287,0,750000,0,"Departamento en Orrantia, San Isidro, Perú","Orrantia, San Isidro, Lima",714,4,7,0,"En venta espectacular departamento amplio, iluminado con gran jardín propio y 10 estacionamientos en los extremos de sus ...",https://www.laencontre.com.pe/inmueble/5571-a417-19ab3dd-b9158b12b04-734a,laencontre
15288,0,750000,0,"Departamento en Orrantia, Lima","Orrantia, San Isidro, Lima",714,4,7,0,"✨ ¡Exclusivo departamento en San Isidro! Primer piso con jardín, piscina y 10 estacionamientos ✨ Viva con estilo en este...",https://www.laencontre.com.pe/inmueble/8c9a-b597-1991c08-e0009facad02-7520,laencontre
15289,0,699100,0,"Departamento en Calle Lino Alarco 212, Miraflores, Perú","Santa Cruz, Miraflores, Lima",248.3,8,7,0,"VENTA DE TRÍPLEX EN MIRAFLORES – Zona Exclusiva Vive en el corazón de Miraflores, a solo una cuadra del Óvalo Gutiérrez,...",https://www.laencontre.com.pe/inmueble/a04c-80f4-1995a70-5c9893ea62ae-73fe,laencontre
15290,0,220000,0,"Departamento en San Borja, Lima","San Borja, Lima",93,3,3,0,🏙️ VENTA DE DEPARTAMENTO – SAN BORJA 🏙️ 📍 A 1.5 cuadras de Estación San Borja Sur por la Av. aviación | Cerca a parque...,https://www.laencontre.com.pe/inmueble/790f-bd1c-19c7d31-fd32b78f6a4e-7402,laencontre
15291,0,88974911,0,"Departamento en Av. Los Nogales 251, El Agustino, Perú","Santa Anita, Lima",62,2,2,0,VENTA DE DPTO + COCHERA EN CONDOMINIO “LOS NOGALES” EL AGUSTINO Departamento ubicado en Av. Los Nogales 251 en 9° piso ...,https://www.laencontre.com.pe/inmueble/370-ab99-19c22d0-3cd747c717f6-7867,laencontre
15292,0,326241,0,"Departamento en Calle General La Fuente 396, San Isidro, Lima 15076, Perú","Orrantia, San Isidro, Lima",136,2,3,0,OPORTUNIDAD DE COMPRA!! UBICACION PRIVILEGIADA CERCA A PARQUE LA PERA Y MALECÓN.. Departamento funcional y bien distribuido...,https://www.laencontre.com.pe/inmueble/d03a-82cc-19c2c8c-1ff90f654dd5-76fa,laencontre
15293,0,99000,0,"Departamento en Av. Las Gaviotas 2110, Santiago De Surco, Perú","Santiago de Surco, Lima",75,3,2,0,"PRECIO DE VENTA: US$ 99,000 ÁREA TOTAL: 75.5 m² Descripción: Departamento ubicado en condominio residencial en Las Gaviotas...",https://www.laencontre.com.pe/inmueble/a3a9-a291-19ba91c-31c3417d3a2e-73bd,laencontre
15297,0,228000,0,"Departamento en Mar Arábigo 229, Punta Hermosa, Perú","Punta Hermosa, Lima",156,3,3,0,Exclusivo Dúplex 3 Dorm. + Terraza + Piscina Privada – Miramar Punta Hermosa - 156 m² Exclusivo Dúplex de Estreno con Piscina...,https://www.laencontre.com.pe/inmueble/8062-8dee-198f367-9d9627b2b30f-7332,laencontre
15298,0,130000,0,"Departamento en Miramar San Bartolo - Condominio De Playa, Cruz De Hueso, San Bartolo, Perú","San Bartolo, Lima",67,3,2,0,Departamento en Condominio Miramar – San Bartolo | Ideal Inversión o Casa de Playa Moderno y funcional departamento de 67m²...,https://www.laencontre.com.pe/inmueble/127b-bba2-198f340-62da54d076ad-7335,laencontre
15299,0,350000,0,"Departamento en Av. Monterrico Chico 281, Santa Teresa, Surco, Perú","Santiago de Surco, Lima",413,3,5,0,"Hermoso departamento duplex ubicado en zona netamente residencial, de fácil acceso, cerca a colegios y universidades, canchas...",https://www.laencontre.com.pe/inmueble/705a-b416-80bfb7-6be123441cc8-4e1f,laencontre
15300,0,590000,0,"Departamento en Avenida Aurelio Miró Quesada 252, San Isidro, Lima, 15073, Per","Country Club, San Isidro, Lima",244,3,4,0,"AMPLIO Y MUY ILUMINADO DEPARTAMENTO CON PRECIOSA VISTA AL GOLF DE SAN ISIDRO. EL DEPARTAMENTO CONSTA DE RECIBO, BAÑO DE VISITA...",https://www.laencontre.com.pe/inmueble/76b0-8a3b-19ce8c6-cf1e83cfe14d-734b,laencontre
15301,0,133462,0,"Departamento en Avenida Pablo Carriquiry 894, San Isidro, Perú","Corpac, San Isidro, Lima",45,1,1,0,"DEPARTAMENTO EN SEGUNDO PISO CON ASCENSOR CON VISTA A CALLE DE 45 MTS2, CUENTA CON UN DORMITORIO CON SU BAÑO INCORPORADO,...",https://www.laencontre.com.pe/inmueble/f1f5-8689-199a18b-40b6912e910c-774c,laencontre
15302,0,81000,0,"Departamento en Cercado De Lima, Lima","Cercado de Lima, Lima",61,2,2,0,CONTACTO: DAYANIS BAUTISTACEL: 9*5*8*1*2*6*2*2*5 Empieza el 2026 en un espacio que te inspire y te conecte con lo que realmente...,https://www.laencontre.com.pe/inmueble/e49b-83b5-19ad7dd-91f4de8ddd7-7579,laencontre
15303,0,115608,0,"Departamento en Cercado De Lima, Lima","Cercado de Lima, Lima",58,2,2,0,"Ubicación: Jr. José Gálvez Cdra. 12 esquina Jr. Teodoro Cárdenas - Santa Beatriz, a 1 cdra. de la Vía Expresa, a 4 cuadras...",https://www.laencontre.com.pe/inmueble/574d-bf6a-1997df7-b3a8347285bc-722f,laencontre
15304,0,112701,0,"Departamento en Huaylas, Jirón Emilio Sandoval, Chorrillos, Perú","Chorrillos, Lima",99,3,2,0,"¡Bienvenido a una obra maestra inmobiliaria ubicada distrito de Chorrillos en Lima, Perú! Este encantador departamento se...",https://www.laencontre.com.pe/inmueble/9732-c02a-19d7568-57064819219d-75ef,laencontre
15305,0,430000,0,"Departamento en Reynaldo Vivanco, Surco, Perú","Santiago de Surco, Lima",250,4,4,0,"En Av. Reynaldo de Vivanco, piso 4 con ascensor directo al dpto, vista exterior, 12 años Área 250/m2 4 dormitorios con baño...",https://www.laencontre.com.pe/inmueble/6376-8695-19cddd4-995e5b73af7b-71f3,laencontre
15306,0,168000,0,"Departamento en Pionero - Miraflores Vidal 140, Calle General Vidal 140, Miraflores, Perú","Miraflores, Lima",79,2,2,0,VENTA DE MODERNO DEPARTAMENTO EN MIRAFLORES CERCA AL PARQUE KENNEDY DEPARTAMENTO - Área del departamento 79m2 - 2 dormitorios...,https://www.laencontre.com.pe/inmueble/f990-9a64-19cf95f-7e8d319ed66b-717d,laencontre
15307,0,119900,0,"Departamento en Calle Felipe Durand 140, Surquillo, Perú","Surquillo, Lima",91.67,2,2,0,"🏠 Departamento en Surquillo — C. Felipe Durand 140 Departamento bien ubicado, ideal para pareja o inversionista que busca...",https://www.laencontre.com.pe/inmueble/d505-ad7f-19c9dbe-5bcffa0e0c62-7674,laencontre
15308,0,195000,0,"Departamento en Corpac, Lima","Corpac, San Isidro, Lima",98.67,1,1,0,"DEPARTAMENTO DE ESTRENO AMOBLADO Y EQUIPADO – SAN ISIDRO FINANCIERO Se vende exclusivo departamento flat de estreno, totalmente...",https://www.laencontre.com.pe/inmueble/de09-9119-19405cd-ea618b17ef0c-7d4d,laencontre
15309,0,230000,0,"Departamento en Calle Irma Gamero De Planas 285, Urbanización Santa Rita, Santiago De Surco, Lima, 15048, Per","Miraflores, Lima",130.58,3,3,0,SE VENDE HERMOSO DEPARTAMENTO – 130 m² TOTALES! ¿Buscas CASA pero sin los dolores de cabeza de una casa? ¡LO ENCONTRASTE...,https://www.laencontre.com.pe/inmueble/9d7-bb4c-5060d13-4299d542ac43-4ede,laencontre
15310,0,250000,0,"Departamento en Santiago De Surco, Lima","Santiago de Surco, Lima",233.22,3,2,0,Bonito y espacioso departamento de dos niveles que ocupan el 3er y 4to piso de un edificio ubicado el Jr. La Conquista cuadra...,https://www.laencontre.com.pe/inmueble/8dd8-b975-199e4f6-1eaae0f91b97-7cf3,laencontre
15311,0,185000,0,"Departamento en Jirón Los Amancaes, Santiago De Surco, Perú","Santiago de Surco, Lima",124,3,4,0,"VENDO DEPARTAMENTO EN 1 PISO - CASUARINAS SUR - LOS AMANCAES CDRA. 2- ZONA RESIDENCIAL Y TRANQUILA AREA: 123,42 M2 - ...",https://www.laencontre.com.pe/inmueble/332304,laencontre
15312,0,166086,0,"Departamento en Avenida Arequipa 1421, Lima, Perú","Risso, Lince, Lima",72,3,2,0,"VENTA tu nuevo hogar ubicado en 📍la Av Arequipa 1421 SANTA BEATRIZ, Vista Externa, piso 13, el edificio tiene áreas comunes...",https://www.laencontre.com.pe/inmueble/e3cf-b575-19a8054-c413522b7237-7df5,laencontre
15313,0,200193,0,"Departamento en Av. Salaverry 1829, Lince, Perú","Jesus Maria, Lima",89,3,3,0,"VENTA Flat LINCE, Vista Externa, 89m2 límite San Isidro y Jesús Maria, ubicado en la Av Salaverry 1829, piso 17, edificio...",https://www.laencontre.com.pe/inmueble/6c87-9106-199d168-4bc56d73a89f-7313,laencontre
15314,0,157782,0,"Departamento en Jirón Coronel Francisco Bolognesi 300, San Miguel, Perú","San Miguel, Lima",74.5,3,2,0,"¡Tu nuevo hogar te espera en San Miguel! Descubre el confort de vivir en un moderno departamento de estreno, pensado para...",https://www.laencontre.com.pe/inmueble/a90-acb3-19aa3dd-baff81f9fc6a-70b1,laencontre
15315,0,285000,0,"Departamento en Jr. Irma Gamero De Planas 137, Surco, Perú","Santiago de Surco, Lima",156,2,3,0,Duplex #702 (156 m² de área total) Primer nivel - Dormitorio principal - Dormitorio secundario - 2 Baños (1 en cada dormitorio...,https://www.laencontre.com.pe/inmueble/c91a-87f0-19c72e0-533f60a3e303-7472,laencontre
15316,0,224750,0,"Departamento en Miraflores, Lima","Miraflores, Lima",86,3,3,0,"Ubicado en la mejor zona residencial de Miraflores, este proyecto redefine el concepto de vivir bien, combinando diseño, ...",https://www.laencontre.com.pe/inmueble/f6ea-8d76-19d4120-76a47106cda9-72b5,laencontre
15317,0,113591,0,"Departamento en Paseo Libertad, Pueblo Libre, Perú","Pueblo Libre, Lima",58,2,2,0,"Vive en la comodidad y seguridad en un departamento moderno, funcional y con excelente iluminación natural. Ideal para quienes...",https://www.laencontre.com.pe/inmueble/294c-9b7f-19ce538-a0c3dbd6c1c4-7787,laencontre
15318,0,245867,0,"Departamento en Miraflores, Lima","Miraflores, Lima",74,3,3,0,Vive en una de las zonas más exclusivas de Miraflores Ubicado en un edificio de arquitectura contemporánea diseñado por...,https://www.laencontre.com.pe/inmueble/3433-bb75-19ce50f-f50cab0abdf9-7490,laencontre
15321,0,228000,0,"Departamento en Calle Mar Arábigo 229, Punta Hermosa, Perú","Punta Hermosa, Lima",156,3,3,0,Exclusivo Dúplex de Estreno con Piscina Privada – Punta Hermosa Vive el privilegio de tener tu propio espacio de descanso...,https://www.laencontre.com.pe/inmueble/ec78-8163-19ba047-896de31b1144-7454,laencontre
15322,0,65000,0,"Departamento en Rimac, Lima","Rimac, Lima",85,3,1,0,"Estupendo departamento en Centro de Lima, cerca al Mercado Central, Barrio Chino, Hospital Mogrovejo, Centro de Lima, en ...",https://www.laencontre.com.pe/inmueble/2cca-b2e9-19d2694-722e1163e66e-762f,laencontre
15323,0,250000,0,"Departamento en Santiago De Surco, Lima","Santiago de Surco, Lima",200,3,2,0,"En zona residencial. Ubicación estratégica, fácil acceso a la Vía Expresa, Av. La Merced, Mariscal Castilla, República de...",https://www.laencontre.com.pe/inmueble/158c-b50f-19562ed-676e610ad32-8079,laencontre
15324,0,136932,0,"Departamento en Maranga, Lima","Maranga, San Miguel, Lima",68,3,2,0,"PROYECTO ESTRENO - ENTREGA JULIO 2027 Estamos en 2025, y los que piensan en grande ya están asegurando su futuro en Polo...",https://www.laencontre.com.pe/inmueble/6de8-c029-19a64eb-4c007a2f0b32-722f,laencontre
15325,0,236000,0,"Departamento en Avenida San Borja Sur, San Borja, Lima, 15036, Per","San Borja, Lima",175,4,3,0,¡EXCELENTE OPORTUNIDAD EN SAN BORJA! 🏙️💰 Me complace presentarte este hermoso departamento Dúplex con 41 años en ...,https://www.laencontre.com.pe/inmueble/13a5-b096-fac34a17-e0ce3198d91b-5039,laencontre
15326,0,147994,0,"Departamento en Municipalidad Distrital De Magdalena Del Mar - Lima Mdmagdalenadelmar, Avenida Brasil 3501, Magdalena Del Mar, Lima, 15086, Per","Magdalena del Mar, Lima",81,3,2,0,"EDIFICIO UBICADO ESTRATEGICAMENTE EN EL DISTRITO DE MAGDALENA, AV. BRASIL SE PRESENTA COMO LA MEJOR INVERSIÓN DE VIDA PARA...",https://www.laencontre.com.pe/inmueble/ec2d-b666-f056c6c5-291b38ad3b9a-431d,laencontre
15327,0,170000,0,"Departamento en Avenida Universitaria 417, San Miguel, Lima, 15087, Per","San Miguel, Lima",105,3,3,0,"Si tú eres parte de una familia que buscan amplitud, comodidad y tranquilidad este departamento dúplex es para ti; y si cuentas...",https://www.laencontre.com.pe/inmueble/558c-9a47-eaf70f5c-d33ecc4dbbae-41c7,laencontre
15328,0,240000,0,"Departamento en Calle Las Mohemas 154, Urbanización El Remanso Etapa Ii, La Molina, Lima, 15024, Per","La Molina, Lima",104.15,4,2,0,"LA MOLINA VENTA DEPARTAMENTO MAS AIRES Y ESTACIONAMIENTO,. URBANIZACION EL REMANSO. ZONA RESIDENCIAL Y ESTRATEGICA. ESTE...",https://www.laencontre.com.pe/inmueble/147f-af46-6c863f39-63c43feb4af3-4b01,laencontre
15329,0,240000,0,"Departamento en Calle Baltazar La Torre 240, San Isidro, Lima, 15076, Per","Country Club, San Isidro, Lima",118.7,2,3,0,Departamento en Venta San Isidro Ubicación privilegiada Urbanización Country club y excelente distribución en un amplio...,https://www.laencontre.com.pe/inmueble/800-a595-6ac59a10-3f4f4f7ccd25-4a72,laencontre
15330,0,154454,0,"Departamento en Miraflores, Lima","Miraflores, Lima",0,0,0,0,Exclusivo Para Inversionistas Propiedad en Proceso de Remate Miraflores Departamento en remate en la dinámica zona de Miraflores...,https://www.laencontre.com.pe/inmueble/3977-964c-19d6a4f-635a56fa05f7-743e,laencontre
15331,0,299000,0,"Departamento en Av. Dos De Mayo 1459, San Isidro, Perú","Cercado de Lima, Lima",88,2,2,0,"VENTA: Impecable Flat en SAN ISIDRO Ubicación Estratégica: Av. Dos de Mayo 1459, excelente ubicación, con 2 ingresos por ...",https://www.laencontre.com.pe/inmueble/530a-9521-19d6b8b-4858e01eb666-7a51,laencontre
15332,0,199000,0,"Departamento en Jirón Jerónimo De Aliaga Norte, Lima, Perú","Santiago de Surco, Lima",116,2,2,0,"VENTA tu nuevo hogar ubicado en 📍Jerónimo Aliaga Norte, Surco, CASAPARQ con acceso rápido a vías principales como la...",https://www.laencontre.com.pe/inmueble/74ed-83e0-19981bf-10a2a628a7f-75e8,laencontre
15333,0,165000,0,"Departamento en Jirón Comandante Manuel Villavicencio 1137, Lince, Perú","Risso, Lince, Lima",82,2,3,0,"Venta Impecable Flat en Lince limite San Isidro, frente al Parque Castilla, a 2 cuadras de la Av Dos de Mayo, (alt tienda...",https://www.laencontre.com.pe/inmueble/e6be-bc92-198f94a-20d9a8758c63-77e0,laencontre
15334,0,84615,0,"Departamento en Maranga, Lima","Maranga, San Miguel, Lima",45,2,1,0,"Vendo Dpto. ubicado en Av. Costanera cdra. 28 – San Miguel, espectacular proyecto frente al mar, a 10 minutos del aeropuerto...",https://www.laencontre.com.pe/inmueble/376a-a590-1997df8-3086f3d08801-7418,laencontre
15335,0,135000,0,"Departamento en Av. Arenales 969, Lima, Perú","Cercado de Lima, Lima",97,3,2,0,"Maritza Martínez – Celular *9*9*8*5*1*1*6*4*4* DEPARTAMENTO EN VENTA EN LA URBANIZACIÓN SANTA BEATRÍZ, CON VISTA INTERIOR...",https://www.laencontre.com.pe/inmueble/f089-8814-19c17bf-def734d47708-7214,laencontre
15336,0,85000,0,"Departamento en Avenida Esteban Campodónico, La Victoria, Lima, 15034, Per","La Victoria, Lima",48.21,2,1,0,"Departamento acogedor y funcional de 48.21 m2, de 2 dormitorios con closets incorporados, sala - comedor iluminada y cocina...",https://www.laencontre.com.pe/inmueble/60cd-8782-1a4beec9-391c9081ba4a-4a5e,laencontre
15337,0,215000,0,"Departamento en Santiago De Surco, Lima","Santiago de Surco, Lima",138,3,2,0,"DEPARTAMENTO DE VENTA EN SURCO DE 138 M2 FRENTE A PARQUE,TERRAZA AMPLIA -DISTRIBUCION -SALA COMEDOR AMPLIOS ,COCINA MODERNA...",https://www.laencontre.com.pe/inmueble/7f2b-8ba2-542a7339-8b3863d92a2c-49e7,laencontre
15338,0,740000,0,"Departamento en Calle Los Castaños, San Isidro, Perú","Country Club, San Isidro, Lima",290,4,4,0,"Precioso y cómodo departamento en zona exclusiva de San Isidro, muy cerca del Hotel Country, Golf de San Isidro, muy bien...",https://www.laencontre.com.pe/inmueble/225c-865b-1998e29-3b2d2eae170-77c7,laencontre
15339,0,178898,0,"Departamento en Santiago De Surco, Lima","Santiago de Surco, Lima",65,3,2,0,"Se vende moderno Dpto. ubicado en Av. Caminos del Inca Cdra. 20, cerca de todo lo que necesitas, CC, bancos, restaurantes...",https://www.laencontre.com.pe/inmueble/897d-b6b1-1998920-961ba9109199-7b6c,laencontre
15340,0,110684,0,"Departamento en Santiago De Surco, Lima","Santiago de Surco, Lima",40,1,1,0,"Se vende moderno Dpto. ubicado en Av. Caminos del Inca Cdra. 20, cerca de todo lo que necesitas, CC, bancos, restaurantes...",https://www.laencontre.com.pe/inmueble/7fde-8669-1998920-3e31467cb909-771c,laencontre
15341,0,177682,0,"Departamento en Miraflores, Lima","Miraflores, Lima",69,2,2,0,"VENTA DE DEPARTAMENTO DE ESTRENO EN AV. ROOSEVELT EN MIRAFLORES Moderno edificio ubicado en Av. Roosevelt cdra. 6, a pasos...",https://www.laencontre.com.pe/inmueble/fd4c-bcdb-1997d1b-1db176059ab5-7d80,laencontre
15342,0,299000,0,"Departamento en Santiago De Surco, Lima","Santiago de Surco, Lima",256,0,3,0,📢Nuevo Ingreso : vendo lindo Duplex 4 piso 256 m2 totalmente remodelado en los Cabildos surco con las siguientes características...,https://www.laencontre.com.pe/inmueble/69fa-9ea1-19c039e-5c1ab0aa712a-7529,laencontre
15343,0,170000,0,"Departamento en Dinastía Ii, Calle Doña Nelly Y Calle Rafael Aedo, Doña Nelly, Santiago De Surco, Perú","Santiago de Surco, Lima",173.45,5,4,0,"Departamento Dúplex en SURCO, dentro de Condominio Dinastía II.  Precio Departamento y Cochera: US$170,000 incl. 1Estac.  ...",https://www.laencontre.com.pe/inmueble/1496-a17f-19be206-4b58d4b88b1-7640,laencontre
15344,0,152740,0,"Departamento en Calle Carlos Gonzales Candamo 251, San Miguel, Perú","Maranga, San Miguel, Lima",83.48,3,2,0,"Moderno departamento de 83.48 m² en piso 19, edificio de solo 2 años de antigüedad en San Miguel. ✅ 3 dormitorios ✅ 2 baños...",https://www.laencontre.com.pe/inmueble/ee89-a0dd-19c7c14-f6a5b014bb9-7470,laencontre
15345,0,152740,0,"Departamento en Calle Carlos Gonzales Candamo 251, San Miguel, Perú","Maranga, San Miguel, Lima",83.5,4,3,0,🚀 ¡Oportunidad! Dpto Remodelado en San Miguel | 3 Dorm + Cuarto Servicio | Piso 19 Vista Exterior 📐 Área: 83 m² 🏢 Piso...,https://www.laencontre.com.pe/inmueble/5f5c-8648-19d036f-4cd99bc858ce-716e,laencontre
15346,0,145325,0,"Departamento en Calle Dean Valdivia 207, San Isidro, Perú","Corpac, San Isidro, Lima",47,1,1,0,"🏙️ Departamento en Venta en San Isidro | 1 Dormitorio | Vista Exterior | Áreas Premium 💰 Precio: S/ 490,000 📐 Área: 47...",https://www.laencontre.com.pe/inmueble/50e7-9452-19d033d-23ba60ecb578-71d2,laencontre
15347,0,199000,0,"Departamento en San Borja, Lima","San Borja, Lima",90.22,3,2,0,🏙️ VENTA DE DEPARTAMENTO – SAN BORJA (FRENTE AL PENTAGONITO) 🏙️ 📍 Frente al Pentagonito en San Borja Norte. 📐 Área: ...,https://www.laencontre.com.pe/inmueble/d54d-9d7d-19cb5e3-a8685b1a8556-76a1,laencontre
15348,0,139394,0,"Departamento en Calle Dean Valdivia 207, San Isidro, Perú","Corpac, San Isidro, Lima",46.96,1,1,0,¿Buscas tu primer depa o una inversión segura en una de las zonas más exclusivas de Lima? Este moderno departamento en San...,https://www.laencontre.com.pe/inmueble/3080-ad29-19c1075-9c69bf7d5299-75e4,laencontre
15349,0,102321,0,"Departamento en Jirón Los Castaños 17, Cooperativa Cajabamba, Los Olivos, Lima, Per","Los Olivos, Lima",70.92,2,2,0,"🚨 OPORTUNIDAD TOP EN LOS OLIVOS | Ubicación que sí vale oro 📍 Si buscas vivir bien ubicado o invertir con cabeza, este...",https://www.laencontre.com.pe/inmueble/3490-b3a2-19c0c85-ef1749ce1c9e-71d2,laencontre
15350,0,158671,0,"Departamento en Intisuyo 499, Lima, Perú","Maranga, San Miguel, Lima",71.7,3,2,0,"PROYECTO ESTRENO - ENTREGA ABRIL 2026 ¡Tu nuevo hogar te espera! ""Parque Quiñones"" es un moderno proyecto multifamiliar ...",https://www.laencontre.com.pe/inmueble/132a-b130-194949f-8113a23c8049-8076,laencontre
15351,0,173975,0,"Departamento en Magdalena Del Mar, Lima","Magdalena del Mar, Lima",71,2,2,0,"Venta de dpto en un moderno edificio ubicado en Av. Javier Prado Oeste Cdra. 1 – Magdalena, límite con San Isidro, zona céntrica...",https://www.laencontre.com.pe/inmueble/4134-a0e0-196fa3c-1bcf2c49fe0-7eb2,laencontre
15352,0,205000,0,"Departamento en Calle San Martín, Miraflores, Perú","Barranco, Lima",92,2,2,0,"Hermoso departamento flat de 14 años de antigüedad, ubicado en el 4° piso de moderno edificio con ascensor y vigilancia 24...",https://www.laencontre.com.pe/inmueble/8ae5-9e73-19ce509-242a1c2b5ac-7523,laencontre
15353,0,210000,0,"Departamento en Avenida Del Parque Sur 320, San Isidro, Lima, 15036, Per","Santa Cruz, Miraflores, Lima",111,3,2,0,"VENDO DPTO. en CORPAC – SAN ISIDRO Av. Del Parque Sur 320, Dpto.401, Corpac – San Isidro Precio de Venta: US$220,000.00 ...",https://www.laencontre.com.pe/inmueble/4dc3-afb8-19766e6-33ecf78a7777-7802,laencontre
15354,0,230000,0,"Departamento en Santiago De Surco, Lima","Santiago de Surco, Lima",161.69,3,3,0,"Vive con estilo en la mejor zona de Surco! Te presento un amplio y exclusivo departamento con ascensor directo, ideal para...",https://www.laencontre.com.pe/inmueble/342-992d-19be458-f8b4cbb7b99e-72b4,laencontre
15355,0,62282,0,"Departamento en Chosica, Lima","Chosica, Lima",66,3,1,0,"🏡 DEPARTAMENTO EN VENTA CON VISTA AL ZOOLÓGICO HUACHIPA 📍Ubicado en el Condominio Club Arteco, al costado del Zoológico...",https://www.laencontre.com.pe/inmueble/c87d-a7de-19d6544-4145c119c785-778d,laencontre
15356,0,183000,0,"Departamento en Los Euchariz 150, Santiago De Surco, Lima, Perú","Santiago de Surco, Lima",109,2,2,0,"PRECIO DE VENTA: US$ 183,000 ÁREA CONSTRUIDA: 109.63 m2 ÁREA OCUPADA: 109.63 m2 Zonificación RDM Amplio departamento ubicado...",https://www.laencontre.com.pe/inmueble/1cbe-9463-199833e-2607fb348dfb-76f3,laencontre
15357,0,118040,0,"Departamento en Avenida Tejada 173, Barranco, Perú","Barranco, Lima",78,2,2,0,🚀 ¡Oportunidad! Dpto en Barranco | 2 Dorm + Patio | 2 Baños | Moderno 📐 Área: 78 m² 🏢 Ubicación: 1er piso (semisótano...,https://www.laencontre.com.pe/inmueble/ab26-aaab-19d0379-c4b53fd7b05b-7591,laencontre
15358,0,199000,0,"Departamento en Av. San Borja Sur 201, Lima, Perú","San Borja, Lima",92,3,3,0,DEPARTAMENTO EN VENTA – SAN BORJA PRECIO DE VENTA: $199.000 MANTENIMIENTO: 350 soles DESCRIPCIÓN: Ubicación: Avenida San ...,https://www.laencontre.com.pe/inmueble/8ca6-99d7-198a6a3-2e5b43c34d7d-7105,laencontre
15359,0,37072,0,"Departamento en Condominio La Pradera Club, José Carlos Mariátegui, Puente Piedra, Perú","Puente Piedra, Lima",41.88,2,1,0,"Una oportunidad ideal para vivir cómodo, seguro y en un entorno pensado para disfrutar el día a día. Este departamento destaca...",https://www.laencontre.com.pe/inmueble/3176-81c7-19bbe8c-42fde774b9d1-7581,laencontre
15360,0,185000,0,"Departamento en Calle Los Girasoles 166, Lima, Perú","Santiago de Surco, Lima",110,3,3,0,"Departamento de 110m² en un tercer piso , ascensor 3 dormitorios, el principal cuents con baño incorporado y los dos comparten...",https://www.laencontre.com.pe/inmueble/6724-a287-19c2c5f-4ef68d37c547-71e6,laencontre
15361,0,123000,0,"Departamento en Avenida Abel Bergasse Du Petit Thouars 1251, Lima, 15046, Per","Cercado de Lima, Lima",77,3,2,0,"Vendo departamento en excelente estado y muy bien distribuido, ubicado en la cuadra 12 Av Petit Thouars en el 6to piso con...",https://www.laencontre.com.pe/inmueble/614c-ad0d-f35c0283-fd23fdcb34ee-4a31,laencontre
15362,0,190821,0,"Departamento en Sopranos, Avenida Antonio José De Sucre 104, Magdalena Vieja, Lima, 15084, Per","Pueblo Libre, Lima",86.4,3,2,0,"VENDO DPTO DUPLEX DE ESTRENO DE AREA OCUPADA 108.9 M2., AREA TECHADA 86.4 M2 AV. SUCRE PUEBLO LIBRE DE 03 DORMITORIOS...",https://www.laencontre.com.pe/inmueble/805f-867f-eabee6f7-54a071570923-4c55,laencontre
15363,0,127352,0,"Departamento en Inkafarma, Avenida Antonio José De Sucre 679, Magdalena Vieja, Lima, 15084, Per","Pueblo Libre, Lima",61.7,0,0,0,"VENDO DPTO DUPLEX DE ESTRENO DE AREA OCUPADA 72.7 M2., AREA TECHADA 61.7M2 AV. SUCRE PUEBLO LIBRE DE 03 DORMITORIOS, ...",https://www.laencontre.com.pe/inmueble/c81-ab67-c80e7298-5a8060d74cb9-49a5,laencontre
15450,0,142194,0,"Departamento en Surquillo, Lima","Surquillo, Lima",66.5,3,2,0,Departamento de 3 dormitorios en venta – Av. Tomás Marsano | Surquillo Amplio y funcional departamento de 66.5 m² ubicado...,https://www.laencontre.com.pe/inmueble/c5d0-b348-19cfa9a-b06e8bc3df12-7574,laencontre
15364,0,165000,0,"Departamento en Jirón Las Higueras 175, Urbanización Residencial Monterrico, La Molina, Lima, 15023, Per","La Molina, Lima",92.64,3,2,0,"Este no es solo un departamento… es tu independencia, tu rutina, tu espacio. Ubicado en un tercer piso con gradas descansadas...",https://www.laencontre.com.pe/inmueble/3df3-9bb0-c6bc605e-949ba4fc36e6-46ed,laencontre
15365,0,105000,0,"Departamento en Jirón Progreso, Villa María Del Triunfo, Lima, 15817, Per","Villa Maria del Triunfo, Lima",105,4,2,0,DEPARTAMENTO + AIRES EN VENTA UBICADO EN JR. PROGRESO 1393 ¡REALIZA TU SUEÑO CON ESTE HERMOSO DEPARTAMENTO LISTO PARA ...,https://www.laencontre.com.pe/inmueble/9727-8624-871d486e-c6909523b745-4fc2,laencontre
15366,0,141232,0,"Departamento en Sopranos, Avenida Antonio José De Sucre 104, Magdalena Vieja, Lima, 15084, Per","Pueblo Libre, Lima",60.8,0,0,0,"VENDO DPTO DUPLEX DE ESTRENO DE AREA OCUPADA 81.3 M2., AREA TECHADA 60.8 M2 AV. SUCRE PUEBLO LIBRE DE 03 DORMITORIOS...",https://www.laencontre.com.pe/inmueble/8595-83e2-8446478b-f29996224e82-46f1,laencontre
15367,0,140876,0,"Departamento en Sopranos, Avenida Antonio José De Sucre 104, Magdalena Vieja, Lima, 15084, Per","Pueblo Libre, Lima",77,3,2,0,"VENDO DPTO FLAT DE ESTRENO DE 77.00 M2. AV. SUCRE PUEBLO LIBRE DE 03 DORMITORIOS, NO PAGA ALCABALA, ENTREGA INMEDIATA. ...",https://www.laencontre.com.pe/inmueble/376c-b063-534b0c60-8e2fd9cc1595-4414,laencontre
15368,0,255595,0,"Departamento en Avenida Brasil 3520, Magdalena Del Mar, Lima, 15086, Per","Magdalena del Mar, Lima",166.5,3,2,0,Vive en una ubicación privilegiada y disfruta de una increíble vista panorámica al mar desde un exclusivo dúplex. Área...,https://www.laencontre.com.pe/inmueble/b679-bfc0-3a190ad8-18e885248ddf-4d6b,laencontre
15369,0,295000,0,"Departamento en Umachiri 296, San Miguel, Perú","San Miguel, Lima",188.77,4,4,0,"Una oportunidad ideal para adquirir un departamento dúplex cómodo, bien distribuido y ubicado en un entorno pensado para ...",https://www.laencontre.com.pe/inmueble/eb4c-aa1a-19c494f-3bd737ce5d51-7782,laencontre
15370,0,155000,0,"Departamento en Umachiri 296, San Miguel, Perú","San Miguel, Lima",89.9,3,2,0,"Una excelente oportunidad para adquirir un departamento cómodo, bien distribuido y ubicado en una zona pensada para vivir...",https://www.laencontre.com.pe/inmueble/10c6-9d7a-19c4915-36757e7138bd-7153,laencontre
15371,0,200000,0,"Departamento en Surquillo, Lima","Surquillo, Lima",115,3,2,0,Departamento en venta ubicado en La Calera De La Merced. Cuenta con 145 m² de superficie construida. Este inmueble ofrece...,https://www.laencontre.com.pe/inmueble/9c38-9094-19cf801-2ac24d58a9e4-7232,laencontre
15372,0,415000,0,"Departamento en Calle Alfredo Salazar 145, San Isidro, Perú","Orrantia, San Isidro, Lima",133,3,3,0,Moderno y Funcional Departamento en Mirasidro Este elegante y moderno departamento se ubica en una zona estratégica de Miraflores...,https://www.laencontre.com.pe/inmueble/f39-b197-19a0531-51efa014ae75-77a6,laencontre
15373,0,315000,0,"Departamento en Calle Los Castaños 291, San Isidro, Perú","Country Club, San Isidro, Lima",136,3,3,0,"Se vende amplio departamento, bien ubicado, con todo tipo de comercio cerca. El edificio tiene un ingreso bastante inmponente...",https://www.laencontre.com.pe/inmueble/69f-9df8-19c0c96-8fe3e18c8fe1-7232,laencontre
15374,0,162021,0,"Departamento en Calle Los Narcizos, Urbanización Casuarinas Sur, Santiago De Surco, Lima, 15023, Per","Santiago de Surco, Lima",67.68,2,2,0,¿Buscas un hogar con ubicación privilegiada? ¡Lo encontraste! Torres Las Cantutas te ofrece departamento de 2 dormitorios...,https://www.laencontre.com.pe/inmueble/70c0-b253-5627d23a-1e6319123674-4269,laencontre
15375,0,320000,0,"Departamento en Jirón Monte Blanco 236, Surco, Perú","Santiago de Surco, Lima",184,3,3,0,Venta de moderno dúplex en Chacarilla del Estanque – Surco 📍 Jr. Monte Blanco cdra.2 – Cerca a la Av. Primavera y la Av....,https://www.laencontre.com.pe/inmueble/d571-8e3b-1978127-fcc037a40241-7c39,laencontre
15376,0,213000,0,"Departamento en Av. Velasco Astete, Surco, Perú","Santiago de Surco, Lima",99,3,2,0,"SFV102404 ¡ENTREGA INMEDIATA! DEPARTAMENTO 102 EN AV. VELASCO ASTETE • Precio: 213,000$ • Área total: 99m2 • Sala- comedor...",https://www.laencontre.com.pe/inmueble/5204-9319-192a66d-60dcebbaace5-72b3,laencontre
15377,0,335000,0,"Departamento en Calle Martin Napanga, Miraflores, Perú","Santa Cruz, Miraflores, Lima",208,3,3,0,"Amplio y ubicadisimo duplex en pleno corazón de Miraflores, a pasos del Malecón, cuenta con 3 dormitorios el principal con...",https://www.laencontre.com.pe/inmueble/cddf-b1d4-194c35a-26a0d5110b7f-7d49,laencontre
15378,0,132000,0,"Departamento en Av. Arequipa 4140, Miraflores, Perú","Miraflores, Lima",65,1,1,0,Venta de Departamento con Cochera en Av. Arequipa – Miraflores | 1 Dormitorio + Estudio (Posible 2° Dormitorio) -Vive o ...,https://www.laencontre.com.pe/inmueble/bda4-b025-19cee55-1ac2229b56e7-72d2,laencontre
15379,0,75000,0,"Departamento en Jiron E. Oppenheimer 396, San Juan De Miraflores, Perú","San Juan de Miraflores, Lima",63,2,1,0,"DEPARTAMENTO EN PRIMER PISO EN CASA INDEPENDIZADA DE DOS PISOS, EN SAN JUAN DE MIRAFLORES, ZONA B JIRON OPPENHEIMER 396. ...",https://www.laencontre.com.pe/inmueble/de8f-88fa-19a8929-1382502f2f44-7619,laencontre
15380,0,295000,0,"Departamento en Jirón Tampumachay 353, Santiago De Surco, Perú","Santiago de Surco, Lima",314,4,3,0,"PRECIO DE VENTA. 295,000.00 ÁREA OCUPADA: 314.64m2 ÁREA CONSTRUIDA: 297.89m2 Descripción: Departamento dúplex en quinto ...",https://www.laencontre.com.pe/inmueble/58a2-a789-19982c8-ab5d7e704376-7753,laencontre
15381,0,246527,0,"Departamento en Santiago De Surco, Lima","Santiago de Surco, Lima",106,3,3,0,"Ubicado en la zona privilegiada de Santiago de Surco, este moderno departamento en construcción se presenta como una oportunidad...",https://www.laencontre.com.pe/inmueble/72dc-9d9c-1998858-51f5cba68b72-7676,laencontre
15382,0,113000,0,"Departamento en Jirón Tintoreros, Santiago De Surco, Perú","Santiago de Surco, Lima",45,1,1,0,"usd 113,000 negociable Lindo departamento remodelado de un solo dormitorio, muy cerca a parque, ubicado en zona residencial...",https://www.laencontre.com.pe/inmueble/44ef-99af-19d464f-da3ddaa4eb81-76d5,laencontre
15383,0,104100,0,"Departamento en Avenida Paseo De La República, Urbanización Antúnez De Mayolo, Santiago De Surco, Lima, 15049, Per","Santiago de Surco, Lima",55,2,2,0,"Un proyecto con estilo moderno y seguro, combinando la naturaleza y el urbanismo creado para ti y tu familia. Departamentos...",https://www.laencontre.com.pe/inmueble/a114-adbe-194df72-5e596daa3cbd-75de,laencontre
15384,0,73552,0,"Departamento en Maranga, Lima","Maranga, San Miguel, Lima",29.98,1,1,0,"🏡 Vive frente al Parque Quiñones Diseño moderno, exclusividad y calidad de vida en un solo lugar Descubre un edificio ...",https://www.laencontre.com.pe/inmueble/7476-9bbf-19a57c8-6481673edef9-743e,laencontre
15385,0,115074,0,"Departamento en Hermanos Catari 357, San Miguel, Perú","Cercado de Lima, Lima",76,3,2,0,"Vendo departamento en Maranga – San Miguel - S/ 388,000 negociable ¿Buscas un departamento acogedor con excelente ubicación...",https://www.laencontre.com.pe/inmueble/b1a0-93e0-1981997-8a4601ebb141-70dc,laencontre
15386,0,160060,0,"Departamento en Av. Sergio Bernales, Surquillo, Lima, Perú","Surquillo, Lima",64,3,2,0,"Departamento de Estreno en Sergio Bernales, 64 m². 2 Dorm PRECIO DE VENTA: S/ 539,681 A.T.: 64.72M2 Departamento de estreno...",https://www.laencontre.com.pe/inmueble/b4b8-a47f-199ab47-35202ecdf1cd-7601,laencontre
15387,0,54800,0,"Departamento en San Martin De Porres, Lima","San Martin de Porres, Lima",78,3,2,0,"DEPARTAMENTO EN VENTA SMP 📍Ubicado en Urb. Chicmabamba en SMP, límite con el Callao , frente a parque A 3 cuadras de Av...",https://www.laencontre.com.pe/inmueble/aa05-bd2f-197ce11-c66b0fa9407f-72f4,laencontre
15388,0,210000,0,"Departamento en Av. Alfredo Benavides 414, Miraflores, Perú","Miraflores, Lima",139,3,3,0,"DEPARTAMENTO EN PISO 11, LINDA VISTA TAMBIEN PUEDE SER USADO COMO OFICINA. EL INMUEBLE TIENE 139 MTS2. A MEDIA CUADRA DE ...",https://www.laencontre.com.pe/inmueble/471494,laencontre
15389,0,116200,0,"Departamento en La Victoria, Lima","La Victoria, Lima",62,2,2,0,"Vendo dpto. en Av. Paseo de la República Cdra. 21 – Santa CatalinaZona estratégica, cerca de Av. Javier Prado, edificio Interbank...",https://www.laencontre.com.pe/inmueble/14a0-96bb-19d2b88-c7a3b07f9ebe-7c3e,laencontre
15390,0,206718,0,"Departamento en Santiago De Surco, Lima","Santiago de Surco, Lima",84,2,2,0,"Se vende lujoso dpto. en una zona exclusiva, en el edificio LOOK AND FEEL, ubicado en La Encalada cdra. 13, surco. Conectado...",https://www.laencontre.com.pe/inmueble/684b-8faf-19b19f4-97c82a8bbec2-7548,laencontre
15391,0,113000,0,"Departamento en Jirón Tintoreros, Santiago De Surco, Perú","Santiago de Surco, Lima",45,1,1,0,"usd 113,000 negociable Lindo departamento remodelado de un solo dormitorio, muy cerca a parque, ubicado en zona residencial...",https://www.laencontre.com.pe/inmueble/bc5b-ac44-19d46c8-23fd178ebeff-7762,laencontre
15392,0,190000,0,"Departamento en Av. Arequipa 4611, Miraflores, Perú","Cercado de Lima, Lima",122,3,2,0,"Frente a Plaza Vea, ubicado en la Av. Arequipa cerca a la Av. Angamos. A.C: 122.18 m² 3 dormitorios con closet 2 baños ...",https://www.laencontre.com.pe/inmueble/3bab-9e13-bbd957a-89c5b1ee9ac6-464c,laencontre
15393,0,316000,0,"Departamento en Avenida Alejandro Velasco Astete 1615, Surco, Perú","Santiago de Surco, Lima",149,3,2,0,"VENDO DUPLEX – PENT HOUSE DE ESTRENO EN CHACARILLA – SURCO Velasco Astete 1615 Dpt 1007, esquina con Caminos del Inca AT:...",https://www.laencontre.com.pe/inmueble/2307-97f7-19aef4c-7b816248081d-7735,laencontre
15394,0,123000,0,"Departamento en Av. Tacna 417, San Miguel, Perú","San Miguel, Lima",84.06,3,2,0,"CONTACTO: 990 315---- whatsapp . Vive a pasos del malecón en un depa amplio, iluminado y listo para mudarte – San Miguel...",https://www.laencontre.com.pe/inmueble/cb5f-a260-19cba10-200c919fb6ba-7294,laencontre
15395,0,112897,0,"Departamento en Jirón Comandante Torres Paz 1101-1139, Lima, 15046, Per","Cercado de Lima, Lima",59.3,2,2,0,EDIFICIO UBICADO EN LA ZONA DE CERCADO SANTA BEATRIZ A UNOS PASOS DEL CIRCUITO MAGICO DEL AGUA A UNA CUADRA DE PASEO DE LA...,https://www.laencontre.com.pe/inmueble/2a04-be0c-f4e7b80a-cdfe83b7e79-4899,laencontre
15396,0,115963,0,"Departamento en Sopranos, Avenida Antonio José De Sucre 104, Magdalena Vieja, Lima, 15084, Per","Pueblo Libre, Lima",63,2,2,0,EXCLUSIVO EDIFICIO MULTIFAMILIAR CON 77 DEPARTAMENTOS DISTRIBUIDOS 65 FLATS Y 12 DUPLEXS. CADA PISO CUENTA CON 05 DEPARTAMENTOS...,https://www.laencontre.com.pe/inmueble/6e2e-82a3-d08ecd57-5bead5f0be71-4308,laencontre
15397,0,123437,0,"Departamento en Avenida Universitaria Sur 138, Lima, 15081, Per","Cercado de Lima, Lima",67.2,3,2,0,"EDIFICIO MULTIFAMILIAR DE 20 PISOS Y 129 DEPARTAMENTOS, CON ESPACIOS MODERNOS Y SEGUROS PARA TODA TU FAMILIA UBICADO A MEDIA...",https://www.laencontre.com.pe/inmueble/4db-b774-c8c62eb3-4d822c90cad2-43d0,laencontre
15398,0,129790,0,"Departamento en Avenida Arequipa, Lima, 15046, Per","Cercado de Lima, Lima",67.4,2,2,0,EDIFICIO UBICADO EN LA ZONA DE CERCADO SANTA BEATRIZ A UNOS PASOS DEL CIRCUITO MAGICO DEL AGUA A UNA CUADRA DE PASEO DE LA...,https://www.laencontre.com.pe/inmueble/33f4-81a9-af7bb364-145f10c02a83-4e19,laencontre
15399,0,133029,0,"Departamento en Avenida Arequipa, Lima, 15046, Per","Cercado de Lima, Lima",71.4,3,2,0,EDIFICIO UBICADO EN LA ZONA DE CERCADO SANTA BEATRIZ A UNOS PASOS DEL CIRCUITO MAGICO DEL AGUA A UNA CUADRA DE PASEO DE LA...,https://www.laencontre.com.pe/inmueble/89fa-997a-ae8dd22a-f1cf69e17e12-41ed,laencontre
15400,0,138272,0,"Departamento en Jirón Comandante Torres Paz 1101-1139, Lima, 15046, Per","Cercado de Lima, Lima",73.1,2,2,0,EDIFICIO UBICADO EN LA ZONA DE CERCADO SANTA BEATRIZ A UNOS PASOS DEL CIRCUITO MAGICO DEL AGUA A UNA CUADRA DE PASEO DE LA...,https://www.laencontre.com.pe/inmueble/e9ec-bc28-a89a08d2-856397919e5d-47cc,laencontre
15401,0,216993,0,"Departamento en Jirón Huaroc 170, Urbanización Los Manzanos, Santiago De Surco, Lima, 15048, Per","Santiago de Surco, Lima",103.33,3,2,0,FLAT 201.PRE VENTA PROYECTO VAN GOGH VIVIENDA MULTIFAMILIAR NUEVA GRANADA SANTIAGO DE SURCO. ESTE PROYECTO CON UNA UBICACION...,https://www.laencontre.com.pe/inmueble/8c38-9883-9ff47443-24711329a14e-426d,laencontre
15402,0,123437,0,"Departamento en Avenida Universitaria Sur 138, Lima, 15081, Per","Cercado de Lima, Lima",67.2,3,2,0,"EDIFICIO MULTIFAMILIAR DE 20 PISOS Y 129 DEPARTAMENTOS, CON ESPACIOS MODERNOS Y SEGUROS PARA TODA TU FAMILIA UBICADO A MEDIA...",https://www.laencontre.com.pe/inmueble/8dff-8660-95c030d7-9410af112748-4c81,laencontre
15403,0,122548,0,"Departamento en Avenida Manuel Cipriano, San Miguel, Lima, 15088, Per","San Miguel, Lima",66.7,3,2,0,"EDIFICIO MULTIFAMILIAR DE 20 PISOS Y 129 DEPARTAMENTOS, CON ESPACIOS MODERNOS Y SEGUROS PARA TODA TU FAMILIA UBICADO A MEDIA...",https://www.laencontre.com.pe/inmueble/a6ba-bb0b-8ede1e03-c6d8d0cf47e5-4345,laencontre
15404,0,131979,0,"Departamento en Jirón Comandante Torres Paz 1101-1139, Lima, 15046, Per","Cercado de Lima, Lima",36,2,2,0,EDIFICIO UBICADO EN LA ZONA DE CERCADO SANTA BEATRIZ A UNOS PASOS DEL CIRCUITO MAGICO DEL AGUA A UNA CUADRA DE PASEO DE LA...,https://www.laencontre.com.pe/inmueble/a31e-910c-8e5d6afd-39bfb05f80f3-4467,laencontre
15405,0,133029,0,"Departamento en Jirón Comandante Torres Paz 1101-1139, Lima, 15046, Per","Cercado de Lima, Lima",71.4,3,2,0,EDIFICIO UBICADO EN LA ZONA DE CERCADO SANTA BEATRIZ A UNOS PASOS DEL CIRCUITO MAGICO DEL AGUA A UNA CUADRA DE PASEO DE LA...,https://www.laencontre.com.pe/inmueble/18eb-aaa6-8b58a082-11497afad7fa-4fea,laencontre
15406,0,112897,0,"Departamento en Jirón Comandante Torres Paz 1101-1139, Lima, 15046, Per","Cercado de Lima, Lima",59.3,2,2,0,EDIFICIO UBICADO EN LA ZONA DE CERCADO SANTA BEATRIZ A UNOS PASOS DEL CIRCUITO MAGICO DEL AGUA A UNA CUADRA DE PASEO DE LA...,https://www.laencontre.com.pe/inmueble/8c17-bbef-8644ea87-58e529090103-4a46,laencontre
15407,0,123437,0,"Departamento en Avenida Universitaria Sur 138, Lima, 15081, Per","Cercado de Lima, Lima",67,3,2,0,"EDIFICIO MULTIFAMILIAR DE 20 PISOS Y 129 DEPARTAMENTOS, CON ESPACIOS MODERNOS Y SEGUROS PARA TODA TU FAMILIA UBICADO A MEDIA...",https://www.laencontre.com.pe/inmueble/2205-a5c8-84ba7683-4ccce4a5b251-4150,laencontre
15408,0,131979,0,"Departamento en Jirón Comandante Torres Paz 1101-1139, Lima, 15046, Per","Cercado de Lima, Lima",36,2,2,0,EDIFICIO UBICADO EN LA ZONA DE CERCADO SANTA BEATRIZ A UNOS PASOS DEL CIRCUITO MAGICO DEL AGUA A UNA CUADRA DE PASEO DE LA...,https://www.laencontre.com.pe/inmueble/b825-8594-81bfb431-d6a8960b21-4b60,laencontre
15409,0,172682,0,"Departamento en Avenida Arequipa, Lima, 15046, Per","Cercado de Lima, Lima",106,2,2,0,EDIFICIO UBICADO EN LA ZONA DE CERCADO SANTA BEATRIZ A UNOS PASOS DEL CIRCUITO MAGICO DEL AGUA A UNA CUADRA DE PASEO DE LA...,https://www.laencontre.com.pe/inmueble/8bd5-b34a-7a8a1f7d-12067f6072ff-4f3b,laencontre
15410,0,131979,0,"Departamento en Jirón Comandante Torres Paz 1101-1139, Lima, 15046, Per","Cercado de Lima, Lima",36,2,2,0,EDIFICIO UBICADO EN LA ZONA DE CERCADO SANTA BEATRIZ A UNOS PASOS DEL CIRCUITO MAGICO DEL AGUA A UNA CUADRA DE PASEO DE LA...,https://www.laencontre.com.pe/inmueble/bfa9-bd52-718df4a7-bb2867b9a8e6-4a15,laencontre
15411,0,117067,0,"Departamento en Avenida Arequipa, Lima, 15046, Per","Cercado de Lima, Lima",66.9,2,2,0,EDIFICIO UBICADO EN LA ZONA DE CERCADO SANTA BEATRIZ A UNOS PASOS DEL CIRCUITO MAGICO DEL AGUA A UNA CUADRA DE PASEO DE LA...,https://www.laencontre.com.pe/inmueble/48fb-b937-56d8a8fb-928598e41519-4a8d,laencontre
15412,0,134845,0,"Departamento en Avenida Arequipa, Lima, 15046, Per","Cercado de Lima, Lima",80.65,2,2,0,EDIFICIO UBICADO EN LA ZONA DE CERCADO SANTA BEATRIZ A UNOS PASOS DEL CIRCUITO MAGICO DEL AGUA A UNA CUADRA DE PASEO DE LA...,https://www.laencontre.com.pe/inmueble/f0d7-9c69-34889e7a-7017e53ce2cb-4938,laencontre
15413,0,123615,0,"Departamento en Avenida Antonio José De Sucre 1179, Magdalena Vieja, Lima, 15084, Per","Pueblo Libre, Lima",67.3,2,2,0,"VENDO DPTO FLAT ESTRENO DE 67.3 M2. AV. SUCRE PUEBLO LIBRE DE 02 DORMITORIOS, NO PAGA ALCABALA, ENTREGA INMEDIATA . ...",https://www.laencontre.com.pe/inmueble/bb4f-9b56-2f37d8a7-cca7d5c2958e-4550,laencontre
15414,0,123437,0,"Departamento en Avenida Universitaria Sur 138, Lima, 15081, Per","Cercado de Lima, Lima",67.2,3,2,0,"EDIFICIO MULTIFAMILIAR DE 20 PISOS Y 129 DEPARTAMENTOS, CON ESPACIOS MODERNOS Y SEGUROS PARA TODA TU FAMILIA UBICADO A MEDIA...",https://www.laencontre.com.pe/inmueble/426b-a4a9-28f6c8a1-4a52a0a9c7b9-4a09,laencontre
15415,0,131979,0,"Departamento en Avenida Arequipa, Lima, 15046, Per","Cercado de Lima, Lima",72,2,2,0,"VENDO DPTOS. DUPLEX ESTRENO 72 M2. SANTA BEATRIZ 2 DORMITORIOS NO PAGAS ALCABALA, ENTREGA INMEDIATA EDIFICIO UBICADO...",https://www.laencontre.com.pe/inmueble/c9af-bb0e-225671e0-d17297a972e0-4a86,laencontre
15416,0,112897,0,"Departamento en Jirón Comandante Torres Paz 1101-1139, Lima, 15046, Per","Cercado de Lima, Lima",59.3,2,2,0,EDIFICIO UBICADO EN LA ZONA DE CERCADO SANTA BEATRIZ A UNOS PASOS DEL CIRCUITO MAGICO DEL AGUA A UNA CUADRA DE PASEO DE LA...,https://www.laencontre.com.pe/inmueble/25dc-8532-1e3fa089-240eb3da8ff1-46d5,laencontre
15417,0,138272,0,"Departamento en Avenida Arequipa, Lima, 15046, Per","Cercado de Lima, Lima",73.1,2,0,0,EDIFICIO UBICADO EN LA ZONA DE CERCADO SANTA BEATRIZ A UNOS PASOS DEL CIRCUITO MAGICO DEL AGUA A UNA CUADRA DE PASEO DE LA...,https://www.laencontre.com.pe/inmueble/5375-bfcf-1da56466-ae831bda2860-4be0,laencontre
15418,0,127791,0,"Departamento en Avenida Arequipa, Lima, 15046, Per","Cercado de Lima, Lima",67.4,2,2,0,EDIFICIO UBICADO EN LA ZONA DE CERCADO SANTA BEATRIZ A UNOS PASOS DEL CIRCUITO MAGICO DEL AGUA A UNA CUADRA DE PASEO DE LA...,https://www.laencontre.com.pe/inmueble/abc5-9121-19e0d6e0-e3d6e66c21d7-4732,laencontre
15419,0,131979,0,"Departamento en Jirón Comandante Torres Paz 1101-1139, Lima, 15046, Per","Cercado de Lima, Lima",36,2,2,0,EDIFICIO UBICADO EN LA ZONA DE CERCADO SANTA BEATRIZ A UNOS PASOS DEL CIRCUITO MAGICO DEL AGUA A UNA CUADRA DE PASEO DE LA...,https://www.laencontre.com.pe/inmueble/9850-adae-10eec904-12cf324d2bc4-493b,laencontre
15420,0,199896,0,"Departamento en Calle Crisantemos, Urbanización Casuarinas Sur, Santiago De Surco, Lima, 15023, Per","Santiago de Surco, Lima",174,3,4,0,"VENTA DE DEPARTAMENTO EN LA URB.CASUARINAS SUR, lejos del ruido y con vista panoramica a bellos atardeceres. Es un triplex...",https://www.laencontre.com.pe/inmueble/c66d-b18e-19be2d2-511813ac3fff-721c,laencontre
15421,0,425000,0,"Departamento en Orrantia, Lima","Orrantia, San Isidro, Lima",240,3,3,0,"LINDO TRIPLEX TIPO CASITA Ubicado en una tranquila calle muy residencial cerca a parques y también a un paso de Vivanda,...",https://www.laencontre.com.pe/inmueble/8289-9b90-199b064-641a7293193a-7480,laencontre
15422,0,469900,0,"Departamento en Santiago De Surco, Lima","Santiago de Surco, Lima",210,3,3,0,Flat 208.73m² -Balcón con vista a Parque César Vallejo -Calle Monte Flor - 3 habitaciones - 3 baños completos - 1 medio baño...,https://www.laencontre.com.pe/inmueble/2353-a735-194d6ab-be0a5479d70f-7630,laencontre
15423,0,168763,0,"Departamento en Calle Los Narcizos, Urbanización Casuarinas Sur, Santiago De Surco, Lima, 15023, Per","Santiago de Surco, Lima",79.38,3,2,0,"✨ ¡Oportunidad única en Santiago de Surco! ✨ Descubre tu próximo hogar en Las Cantutas 865, un moderno y acogedor departamento...",https://www.laencontre.com.pe/inmueble/6fa6-9d2b-ee50fc8e-3047f7774ec8-4394,laencontre
15424,0,203276,0,"Departamento en Avenida Alejandro Velasco Astete, Urbanización La Alborada, Santiago De Surco, Lima, 15038, Per","Santiago de Surco, Lima",81,3,3,0,"🏠 ¡Dúplex moderno en Santiago de Surco! 📍 Dirección: Av. Alejandro Velasco Astete, Santiago de Surco, Lima 🆕 Antigüedad...",https://www.laencontre.com.pe/inmueble/13b2-953d-bb3c2b70-db00cfd4fce2-4b37,laencontre
15425,0,272410,0,"Departamento en Avenida Alejandro Velasco Astete, Urbanización La Alborada, Santiago De Surco, Lima, 15038, Per","Santiago de Surco, Lima",108,3,0,0,"🏠 Departamento en estreno | Surco (Av. Alejandro Velasco Astete) 📍 Ubicación: Av. Alejandro Velasco Astete, Santiago...",https://www.laencontre.com.pe/inmueble/c770-ba09-369f59df-afd183ea27b2-4c68,laencontre
15426,0,203159,0,"Departamento en Cercado De Lima, Lima","Cercado de Lima, Lima",73,3,2,0,Departamento ideal para tu familia Área: 73 m² 3 dormitorios Espacios funcionales y bien distribuidos Acabados modernos ...,https://www.laencontre.com.pe/inmueble/d24c-9af4-19d410d-9d2197bb0ccc-7882,laencontre
15427,0,180000,0,"Departamento en Pedro Irigoyen Diez Canseco, Lima, Perú","Santiago de Surco, Lima",95,2,2,0,**Venta de departamento** Miraflores • Calle Pedro Irigoyen Cdra 3xx Piso 302 • A.C. : 95m2. • Sala • Comedor • 2 dormitorios...,https://www.laencontre.com.pe/inmueble/b99b-a691-19d7412-385f4747c4f7-7362,laencontre
15428,0,285000,0,"Departamento en Calle Independencia 1274, Lima, Perú","Miraflores, Lima",115,2,2,0,"Si buscas espacio, ubicación y funcionalidad, este departamento es para ti. Ubicado en Calle Independencia, en pleno Miraflores...",https://www.laencontre.com.pe/inmueble/5475-bb2c-19d3c8e-44e27bc70410-7338,laencontre
15429,0,750000,0,"Departamento en El Boulevard, Santiago De Surco, Perú","Santiago de Surco, Lima",1,5,6,0,"Este exclusivo dúplex ofrece ambientes generosos y bien distribuidos, ideal para familias que buscan confort y potencial ...",https://www.laencontre.com.pe/inmueble/5b7c-a153-19916ef-57298b70e7b0-7754,laencontre
15430,0,112000,0,"Departamento en Av. Costanera 970, San Miguel, Perú","San Miguel, Lima",90,3,2,0,Departamento en primer piso. Vista interior del condominio. Cuenta con amplios espacios como 3 dormitorios dos baño. Cocina...,https://www.laencontre.com.pe/inmueble/4469-8cde-19ad12d-39613b7e20e4-7e3a,laencontre
15431,0,370000,0,"Departamento en Calle La Emancipación, Santiago De Surco, Lima, Perú","Santiago de Surco, Lima",230,3,1,0,"Flat en 1er piso de finos acabados en Calle Emancipación, Urb Monterrico, Surco Con buena ubicación a pocas cuadras del C.C...",https://www.laencontre.com.pe/inmueble/6360-9022-19cd426-349dcac550eb-7572,laencontre
15432,0,168000,0,"Departamento en La Molina, Lima","La Molina, Lima",104,3,2,0,VENDO FUNCIONAL DEPARTAMENTO EN LOS BAMBUES - LA MOLINA . REMODELADO. Ubicado en 2do piso de edificio de 6 departamentos ...,https://www.laencontre.com.pe/inmueble/453538,laencontre
15433,0,88678,0,"Departamento en Av. Prol. Arica 2272, Lima, Perú","Cercado de Lima, Lima",54.97,2,2,0,"🏠 Tu próximo hogar en Festiva te está esperando Este lindo departamento en venta te ofrece una distribución práctica, una...",https://www.laencontre.com.pe/inmueble/fe9d-95a2-1973950-360f660f3014-7b35,laencontre
15434,0,60000,0,"Departamento en Surquillo, Lima","Surquillo, Lima",31.42,1,1,0,"Deseas invertir, este es un lugar perfecto para AIRBNB, muy cercano a Miraflores. Venta MiniDepartamento, cerca Estación ...",https://www.laencontre.com.pe/inmueble/538e-b377-19cffb4-4a35bce70d44-77ac,laencontre
15435,0,150130,0,"Departamento en Santiago De Surco, Lima","Santiago de Surco, Lima",57,2,2,0,"Se vende moderno Dpto. ubicado en Av. Caminos del Inca Cdra. 20, cerca de todo lo que necesitas, CC, bancos, restaurantes...",https://www.laencontre.com.pe/inmueble/1448-b15a-1998920-486d58ce0560-7b45,laencontre
15436,0,105138,0,"Departamento en Cercado De Lima, Lima","Cercado de Lima, Lima",64,3,2,0,"VENDO DPTOS. DE 3 DORMITORIOS, ubicado en Av. Venezuela cdra. 25 - Cercado de Lima. Con gran conectividad a puntos estratégicos...",https://www.laencontre.com.pe/inmueble/c047-89dd-196f515-5e1a222e9fab-7b9a,laencontre
15437,0,83979,0,"Departamento en La Victoria, Lima","La Victoria, Lima",34,1,1,0,"Moderno dpto. loft de estreno en el piso 36 en el edificio MET, ubicado en Av. Paseo de la República N° 2119 – La Victoria...",https://www.laencontre.com.pe/inmueble/1d64-bd3a-19603e7-6b5b63d1240d-768f,laencontre
15438,0,113000,0,"Departamento en Las Gardenias, Surco, Perú","Santiago de Surco, Lima",45,1,1,0,"usd 113,000 negociable Lindo departamento remodelado de un solo dormitorio, muy cerca a parque, ubicado en zona residencial...",https://www.laencontre.com.pe/inmueble/57e7-a0ed-19d46ce-caa1263a9f4b-7630,laencontre
15439,0,261586,0,"Departamento en Jirón Tomasal 1074, Lima, Perú","Santiago de Surco, Lima",106,3,2,0,"VENDO DEPARTAMENTO de ESTRENO en SANTIAGO DE SURCO AV, TOMASAL N°1074, Dpto. 102, – Frente a Depor Centro Casuarinas esquina...",https://www.laencontre.com.pe/inmueble/d6b-ac3d-19a7b21-9d3d0e227f04-73b9,laencontre
15440,0,135000,0,"Departamento en Calle Mariano De Los Santos 179, San Isidro, Perú","Corpac, San Isidro, Lima",45,1,1,0,"VENDO Dpto. en San Isidro Edificio Grey Calle Mariano Santos Matos 179, Dpto.204 Edificio Grey – San Isidro A.C.: 45mts. ...",https://www.laencontre.com.pe/inmueble/7a91-9493-19811a2-7d81f4eabfb1-7643,laencontre
15441,0,133029,0,"Departamento en Jirón Comandante Torres Paz 1101-1139, Lima, 15046, Per","Cercado de Lima, Lima",71.4,3,2,0,EDIFICIO UBICADO EN LA ZONA DE CERCADO SANTA BEATRIZ A UNOS PASOS DEL CIRCUITO MAGICO DEL AGUA A UNA CUADRA DE PASEO DE LA...,https://www.laencontre.com.pe/inmueble/51aa-836d-f0b609fb-40fc74ec30f8-4d7e,laencontre
15442,0,112897,0,"Departamento en Avenida Arequipa, Lima, 15046, Per","Cercado de Lima, Lima",59.3,1,1,0,EDIFICIO UBICADO EN LA ZONA DE CERCADO SANTA BEATRIZ A UNOS PASOS DEL CIRCUITO MAGICO DEL AGUA A UNA CUADRA DE PASEO DE LA...,https://www.laencontre.com.pe/inmueble/8581-a2f8-cbf7a95a-201cb682ee0c-4f18,laencontre
15443,0,136104,0,"Departamento en Avenida Arequipa, Lima, 15046, Per","Cercado de Lima, Lima",73.1,2,2,0,EDIFICIO UBICADO EN LA ZONA DE CERCADO SANTA BEATRIZ A UNOS PASOS DEL CIRCUITO MAGICO DEL AGUA A UNA CUADRA DE PASEO DE LA...,https://www.laencontre.com.pe/inmueble/6dd5-bbef-b1107f92-d0c7812042fe-4893,laencontre
15444,0,138272,0,"Departamento en Jirón Comandante Torres Paz 1101-1139, Lima, 15046, Per","Cercado de Lima, Lima",73.1,2,2,0,EDIFICIO UBICADO EN LA ZONA DE CERCADO SANTA BEATRIZ A UNOS PASOS DEL CIRCUITO MAGICO DEL AGUA A UNA CUADRA DE PASEO DE LA...,https://www.laencontre.com.pe/inmueble/eb7e-bee7-a3d5d96a-85fa8d0c98ed-4801,laencontre
15445,0,122014,0,"Departamento en Jirón San Martín 127-159, Magdalena Del Mar, Lima, 15086, Per","Magdalena del Mar, Lima",66.4,3,2,0,"EDIFICIO MULTIFAMILIAR DE 20 PISOS Y 129 DEPARTAMENTOS, CON ESPACIOS MODERNOS Y SEGUROS PARA TODA TU FAMILIA UBICADO A MEDIA...",https://www.laencontre.com.pe/inmueble/97b8-8a8c-879e7ba4-54cf41e6d83-4867,laencontre
15446,0,171899,0,"Departamento en Jirón San Martín 127-159, Magdalena Del Mar, Lima, 15086, Per","Magdalena del Mar, Lima",94.1,3,2,0,"EDIFICIO MULTIFAMILIAR DE 20 PISOS Y 129 DEPARTAMENTOS, CON ESPACIOS MODERNOS Y SEGUROS PARA TODA TU FAMILIA UBICADO A MEDIA...",https://www.laencontre.com.pe/inmueble/e8d2-a5d9-7e1dd22a-268b813b362d-4ba8,laencontre
15447,0,112897,0,"Departamento en Avenida Arequipa, Lima, 15046, Per","Cercado de Lima, Lima",59.3,2,2,0,EDIFICIO UBICADO EN LA ZONA DE CERCADO SANTA BEATRIZ A UNOS PASOS DEL CIRCUITO MAGICO DEL AGUA A UNA CUADRA DE PASEO DE LA...,https://www.laencontre.com.pe/inmueble/9c2c-aa08-4e3781da-590f9568b52e-4a15,laencontre
15448,0,166368,0,"Departamento en Avenida Arequipa, Lima, 15046, Per","Cercado de Lima, Lima",89.5,2,2,0,EDIFICIO UBICADO EN LA ZONA DE CERCADO SANTA BEATRIZ A UNOS PASOS DEL CIRCUITO MAGICO DEL AGUA A UNA CUADRA DE PASEO DE LA...,https://www.laencontre.com.pe/inmueble/c7a5-9ac4-38e4b1ae-d664b88ec369-469b,laencontre
15449,0,114656,0,"Departamento en Avenida Arequipa, Lima, 15046, Per","Cercado de Lima, Lima",59.3,2,2,0,EDIFICIO UBICADO EN LA ZONA DE CERCADO SANTA BEATRIZ A UNOS PASOS DEL CIRCUITO MAGICO DEL AGUA A UNA CUADRA DE PASEO DE LA...,https://www.laencontre.com.pe/inmueble/e6e9-98d4-20205248-3258875f7a90-4cb3,laencontre
15451,0,118775,0,"Departamento en Pueblo Libre, Lima","Pueblo Libre, Lima",55.84,2,2,0,"Dúplex amoblado en venta – Pueblo Libre Funcional y moderno dúplex de 55.84 m², ubicado en una zona estratégica de Pueblo...",https://www.laencontre.com.pe/inmueble/66cd-a74e-19cf9bf-ab6ff828582-7f35,laencontre
15452,0,669000,0,"Departamento en Orrantia, Lima","Orrantia, San Isidro, Lima",250,3,3,0,"LINDO Y AMPLIO DEPARTAMENTO FRENTE A PARQUE EN SAN ISIDRO Ascensor directo, recibo, sala de muy buen tamaño con mueble- ...",https://www.laencontre.com.pe/inmueble/a139-9ad2-199567c-8e1bebe2fc07-7d83,laencontre
15453,0,99355,0,"Departamento en Risso, Lima","Risso, Lince, Lima",45,1,1,0,"e vende lindo departamento 45 mt2 a 3 cuadras de san Isidro, 1 habitación amplia , dentro de un condominio, cerca a av Javier...",https://www.laencontre.com.pe/inmueble/e752-88a1-19d756c-339dda562057-7168,laencontre
15454,0,164631,0,"Departamento en Chorrillos, Lima","Chorrillos, Lima",56.63,2,2,0,"Ubicado en una excelente zona de Chorrillos, a pocos minutos del mar, este proyecto combina ubicación, diseño y confort para...",https://www.laencontre.com.pe/inmueble/27be-a8cb-19d4128-e80bda7e0b39-70f5,laencontre
15455,0,145044,0,"Departamento en Mar De Java, Punta Hermosa, Perú","Punta Hermosa, Lima",85,3,3,0,VENDO LINDO PROYECTOS DE DEPARTAMENTOS EN PRE- VENTA DE 3 DORMITORIOS EN PUNTA HERMOSA- URB. MIRAMAR. - Ubicación en Mar...,https://www.laencontre.com.pe/inmueble/cc29-8962-19ba079-a27730ba7f71-7485,laencontre
15456,0,145044,0,"Departamento en Mar De Java, Punta Hermosa, Perú","Punta Hermosa, Lima",85,3,3,0,VENDO LINDO PROYECTOS DE DEPARTAMENTOS EN PRE- VENTA DE 3 DORMITORIOS EN PUNTA HERMOSA- URB. MIRAMAR. - Ubicación en Mar...,https://www.laencontre.com.pe/inmueble/cc29-8962-19ba079-a27730ba7f71-7485,laencontre
15457,0,140000,0,"Departamento en Jr. Estados Unidos 155, Jesús María, Perú","Jesus Maria, Lima",70,2,2,0,"Oportunidad en Jesús María. Ideal para vivir e invertir en un departamento de 70.00 m2 con vista externa, ubicado en Jr. ...",https://www.laencontre.com.pe/inmueble/b608-a3cf-19d5925-8404832e499e-7495,laencontre
15458,0,105833,0,"Departamento en La Victoria, Lima","La Victoria, Lima",41,1,1,0,"Moderno dpto. de estreno en el piso 36 en el edificio MET, ubicado en Av. Paseo de la República N° 2119 – La Victoria, cerca...",https://www.laencontre.com.pe/inmueble/28c8-9062-19603e7-733dbe885f5c-78fd,laencontre
15459,0,306500,0,"Departamento en Avenida Tejada 496, Miraflores, Lima, 15047, Per","Miraflores, Lima",145,3,2,0,"SUPER PROMOCION, DPTO. DE ESTRENO + COCHERA US$322,125! (NO PAGA ALCABALA) FLAT 301: PRECIO DE VENTA: US$306,500 INCLUYE ...",https://www.laencontre.com.pe/inmueble/aeda-9604-1998305-e53f5b3ca25f-70c2,laencontre
15460,0,595000,0,"Departamento en Avenida Del Pinar 386, San Borja, Perú","San Borja, Lima",386,4,4,0,"VENDO Precioso DUPLEX PH en Chacarilla – San Borja Av. DEL PINAR N°356, Piso 4 – Entre San Antonio y el Pentagonito PRECIO...",https://www.laencontre.com.pe/inmueble/4bcc-9b80-19bd776-c337dae79464-7590,laencontre
15461,0,155000,0,"Departamento en Av. Brasil & Av. San Felipe, Jesús María, Perú","Jesus Maria, Lima",71.98,2,2,0,Venta de departamento ubicado en la Av Brasil con Av. San Felipe en el 3er piso vista a la calle de 71.96m2. cuenta con ...,https://www.laencontre.com.pe/inmueble/e58f-813f-19cabf1-1241114e0739-77e2,laencontre
15462,0,112701,0,"Departamento en Residencial San Felipe, Jesús María, Perú","Magdalena del Mar, Lima",44,1,1,0,"Vive en una de las zonas más tranquilas y residenciales de Jesús María – San Felipe, cerca de parques, centros comerciales...",https://www.laencontre.com.pe/inmueble/589f-b577-19cdf11-ec0fd25003b5-71a0,laencontre
15463,0,460000,0,"Departamento en Avenida Coronel Pedro Portillo 350, San Isidro, Lima 15076, Perú","Orrantia, San Isidro, Lima",256,3,3,0,"Departamento ubicado en zona exclusiva en Av. Coronel Portillo con linda vista al Golf de San Isidro. Cerca a parques , ...",https://www.laencontre.com.pe/inmueble/9790-a328-197c79f-9edc26de0039-7247,laencontre
15464,0,127234,0,"Departamento en Manuel Irribarren 228, Lima, Perú","Miraflores, Lima",56,2,2,0,"Venta Ubicación estratégica y privilegiada Cerca Al Parque Tradiciones Departamento de 55.47 m², 2 habitaciones, en moderno...",https://www.laencontre.com.pe/inmueble/3785-b420-19c1019-c807e4ba7539-72c5,laencontre
15465,0,237000,0,"Departamento en San Isidro, Lima, Per","Country Club, San Isidro, Lima",120,3,4,0,Amplio departamento de 120 M2 en zona residencial del San Isidro. En tercer piso con vista a parque interno y con ascensor...,https://www.laencontre.com.pe/inmueble/e895-92c9-19a79d7-3580945c8d2b-785a,laencontre
15466,0,192778,0,"Departamento en Av. Canaval Y Moreyra 185, San Isidro, Perú","Corpac, San Isidro, Lima",62,2,2,0,"Vendo Dpto. de 2d en Canaval y Moreyra San Isidro Vive en pleno corazón de San Isidro, estratégicamente ubicado cerca a avenidas...",https://www.laencontre.com.pe/inmueble/6d43-b19b-195d05c-49521f2dea26-75df,laencontre
15467,0,121035,0,"Departamento en Magdalena Del Mar, Lima","Magdalena del Mar, Lima",43,1,1,0,"Ubicado estratégicamente en Av. Pershing cuadra 8, te conecta con lo mejor de la ciudad: a minutos de San Isidro, Av. La ...",https://www.laencontre.com.pe/inmueble/64da-97da-195a61c-4408f4ec9ea2-7f71,laencontre
15468,0,102647,0,"Departamento en Cercado De Lima, Lima","Cercado de Lima, Lima",64,3,2,0,"Vive una experiencia única en Bellavista, Callao VENTA DEPARMENTO FLAT Cocina cerrada 03 dormitorios De estreno Ubicado...",https://www.laencontre.com.pe/inmueble/2044-a8de-19d40f5-74962061ad4d-740f,laencontre
15469,0,125000,0,"Departamento en Jirón Peña Rivera, Santiago De Surco, Lima, 15049, Per","Santiago de Surco, Lima",81.12,3,2,0,"Vendo un muy buen distribuido departamento ubicado en en piso 5 con ascensor, que está en un condominio que tiene un parque...",https://www.laencontre.com.pe/inmueble/404f-9858-77ad37d3-ea6ae82e26a7-4b90,laencontre
15470,0,188000,0,"Departamento en Calle Los Almendros 113, Urbanización Valle Hermoso Etapa Ii, Santiago De Surco, Lima, 15023, Per","Santiago de Surco, Lima",107,3,2,0,Escapa del bullicio de la ciudad y encuentra la paz que buscas en este encantador departamento en Urb. Valle Hermoso Residencial...,https://www.laencontre.com.pe/inmueble/b633-b15c-33a9bc1a-7ea78e50bfdf-4265,laencontre
15471,0,149642,0,"Departamento en Pueblo Libre, Lima","Pueblo Libre, Lima",72.3,3,2,0,"Departamento de 3 dormitorios en venta – Pueblo Libre Amplio y cómodo departamento de 3 dormitorios, de 72.30m² ubicado ...",https://www.laencontre.com.pe/inmueble/b07a-93c0-19cfa9a-7998cc86943b-778a,laencontre
15472,0,222000,0,"Departamento en Avenida 28 De Julio 873, Miraflores, Lima, 15074, Per","Miraflores, Lima",76,3,2,0,"Vive con confort y estilo en este atractivo departamento ubicado en Miraflores, piso 5, en una de las zonas más exclusivas...",https://www.laencontre.com.pe/inmueble/2554-8b95-19bd6f6-95f8c5a9f4f5-7636,laencontre
15473,0,317000,0,"Departamento en Jirón Alonso De Molina, Santiago De Surco, Perú","Santiago de Surco, Lima",198,3,4,0,"OCASION, Vendo Lindo y Amplio Departamento en Surco - Monterrico OCASION, BAJAMOS DE PRECIO, Vendo lindo y amplio departamento...",https://www.laencontre.com.pe/inmueble/185-c00a-1987e5d-61c30a2dbecd-7087,laencontre
15474,0,180000,0,"Departamento en Calle 4 Mz.c - Lt.21, Santiago De Surco, Perú","Santiago de Surco, Lima",120.63,3,3,0,🌟 VENTA | DEPARTAMENTO DE ESTRENO FRENTE A PARQUE – SURCO 🌟✨ DEPARTAMENTO DE ESTRENO – LISTO PARA ENTREGA 📍 Urbanización...,https://www.laencontre.com.pe/inmueble/2098-85ed-19cdbe2-4638fc5468dc-7405,laencontre
15475,0,131045,0,"Departamento en Surquillo, Lima","Surquillo, Lima",54.5,2,2,0,Departamento de 2 dormitorios en venta – Av. Tomás Marsano | Surquillo Moderno y funcional departamento de 66.5 m² ubicado...,https://www.laencontre.com.pe/inmueble/d03c-b428-19cfa9a-e67fe4393ea3-7f84,laencontre
15476,0,129500,0,"Departamento en San Joaquín, Surco, Perú","Santiago de Surco, Lima",56,2,0,0,"VENTA , ALQUILER DE LINDO DEPARTAMENTO EN UN EDIFICIO DE 3 pisos . Primer piso . Cerca a Centros comerciales restaurantes...",https://www.laencontre.com.pe/inmueble/1966-a60d-19c6a47-ba94fea7de47-72bd,laencontre
15477,0,187500,0,"Departamento en Miraflores, Lima","Miraflores, Lima",67.8,2,2,0,"Vive con estilo en el corazón de Miraflores Ubicado en el exclusivo Pasaje Sucre – Miraflores,es un...",https://www.laencontre.com.pe/inmueble/b064-8920-1983460-270c891bd0b2-7ceb,laencontre
15478,0,360000,0,"Departamento en Conde De La Vega Del Ren 490, Surco, Perú","Santiago de Surco, Lima",211,3,3,0,"Hermoso y espacioso departamento en Surco, en primer piso elevado. - Área: 211m2 - 3 Dormitorios (el principal con baño incorporado...",https://www.laencontre.com.pe/inmueble/cf00-aec3-19aa872-7166b1b22486-742e,laencontre
15479,0,225000,0,"Departamento en Calle Las Lilas, Surco, Perú","Santiago de Surco, Lima",115,3,2,0,"Lindo Flat ubicado en 4to piso, en edificio con ascensor, dentro de la Urb. Residencial Valle Hermoso, una zona tranquila...",https://www.laencontre.com.pe/inmueble/fd55-bf46-19d2bf0-43b9a3269538-7524,laencontre
15480,0,325000,0,"Departamento en Av. Pedro Venturo 662, Santiago De Surco, Perú","Santiago de Surco, Lima",209,3,3,0,"Duplex de estreno en Higuereta, en una de las zonas residenciales de Surco más icónicas y pedidas, cerca a todo los servicios...",https://www.laencontre.com.pe/inmueble/130-b132-19c1fc9-16c63ecb3b3b-7531,laencontre
15481,0,80000,0,"Departamento en Playa Naplo, Pucusana, Perú","Pucusana, Lima",97,2,2,0,Disfruta la experiencia de vivir frente al mar en una de las playas más exclusivas del sur. Un espacio ideal para el verano...,https://www.laencontre.com.pe/inmueble/bb04-a200-199eeaf-86dcfb60638d-759f,laencontre
15482,0,112000,0,"Departamento en Mayorazgo, Lima","Mayorazgo, Ate, Lima",0,3,2,0,"* VENTA DEPARTAMENTO DE ESTRENO * -- ÁREA 84 m2 -- -- PRECIO US$ 112,000 -- ** UBICACIÓN ** - Urbanización ""Alpamayo"" - ...",https://www.laencontre.com.pe/inmueble/a43d-a5e5-a46e11c-8472e2760603-3701,laencontre
15483,0,131979,0,"Departamento en Jirón Manuel Candamo 820, Lince, Lima, Perú","Risso, Lince, Lima",66.2,3,2,0,"¿Buscas vivir en una zona céntrica, segura y con excelente conexión? ¡Este departamento es para ti! Ubicado a solo unas cuadras...",https://www.laencontre.com.pe/inmueble/22be-b301-1976cfe-cac9e791207c-7d54,laencontre
15484,0,95000,0,"Departamento en Condominio Los Prados - Puerta Los Cedros, Ex Fundo, San Bartolome, Chaclacayo, Perú","Chaclacayo, Lima",146.1,4,2,0,🌴✨ ¡Vive como en un resort todo el año! 🏡☀️ Este amplio dúplex de 146.10 m² en el 5to piso es perfecto para disfrutar con...,https://www.laencontre.com.pe/inmueble/9d47-9607-196c887-4628cfbfa46c-7c3c,laencontre
15485,0,221844,0,"Departamento en Gálvez Silvera 702, San Luis, Perú","San Luis, Lima",138.1,3,2,0,"Ubicado en la mejor Zona Residencial de San Luis a S/ 748,000: Moderno y lujoso departamento ubicado a 2 cuadras de San Borja...",https://www.laencontre.com.pe/inmueble/abef-a8f4-9bf819a6-896bb3741054-4cfd,laencontre
15486,0,2700000,0,"Departamento en Orrantia, Lima","Orrantia, San Isidro, Lima",693,4,4,0,ESPECTACULAR DUPLEX CON JARDIN ESTILO CASITA DENTRO DE UN EDIFICIO PEQUEÑO EN ZONA DE PARQUES Primer nivel: ascensor directo...,https://www.laencontre.com.pe/inmueble/d38f-a7af-199ffd8-37a191f598c6-7280,laencontre
15487,0,595000,0,"Departamento en Av. Del Pinar 356, Lima, Perú","Santiago de Surco, Lima",396,4,4,0,"DEPARTAMENTO en VENTA en SAN BORJA Av. DEL PINAR N°356, Dpto. 402, Urb. CHACARILLA, Ref: Entre la San Antonio de Chacarilla...",https://www.laencontre.com.pe/inmueble/cc84-a8e7-19c3956-cd3365c0f419-75d6,laencontre
15488,0,380000,0,"Departamento en Calle Los Topacios 153, Surco, Lima, Perú","Santiago de Surco, Lima",230,3,3,0,"DEPARTAMENTO en VENTA en SANTIAGO DE SURCO Calle LOS TOPACIOS N°153, Dpto. A201, Urb. CERROS DE CAMACHO VENTA : US$ 380,000.00...",https://www.laencontre.com.pe/inmueble/5ed9-b3d7-1954099-1c67dc70dfd3-8083,laencontre
15489,0,53384,0,"Departamento en Av. Sangarara, Comas, Lima, Perú","Comas, Lima",65,3,2,0,En venta Departamento ubicado en la Av Sangarara edificio multifamiliar con 5 pisos y con ascensor. El departamento tiene...,https://www.laencontre.com.pe/inmueble/7bef-830a-199446a-a82689149c79-79f3,laencontre
15490,0,107363,0,"Departamento en Avenida Prolongación Arica 2200, Lima, Perú","Cercado de Lima, Lima",67.9,2,2,0,"Este acogedor departamento de 67.93 m² ofrece una distribución funcional y moderna, perfecta tanto para vivienda como para...",https://www.laencontre.com.pe/inmueble/45ac-9b2e-19c073d-6c57c1f99349-774e,laencontre
15491,0,189908,0,"Departamento en Av. Brasil, Jesús María, Perú","Pueblo Libre, Lima",101.3,3,2,0,"📍 Magdalena del Mar – Av. Brasil cuadra 30 Descubre este amplio departamento de 101 m², perfecto para quienes buscan comodidad...",https://www.laencontre.com.pe/inmueble/557-ba8f-19d4c82-6383f11c974a-748e,laencontre
15492,0,271000,0,"Departamento en Avenida Tejada 498, Miraflores, Lima, 15047, Per","Miraflores, Lima",150,2,3,0,"DUPLEX 601: PRECIO DE VENTA: US$ 271,000 ÁREA TECHADA: 150.55 M2 ÁREA TOTAL: 150.55 M2 Departamento duplex de 2 dormitorios...",https://www.laencontre.com.pe/inmueble/fc9c-a973-1998301-7c9e18c60146-718f,laencontre
15493,0,143546,0,"Departamento en Avenida Universitaria Sur 138, Lima, 15081, Per","Cercado de Lima, Lima",78.5,3,2,0,"EDIFICIO MULTIFAMILIAR DE 20 PISOS Y 129 DEPARTAMENTOS, CON ESPACIOS MODERNOS Y SEGUROS PARA TODA TU FAMILIA UBICADO A MEDIA...",https://www.laencontre.com.pe/inmueble/bb1b-a9d2-ed7972be-492bd567b3a3-49b8,laencontre
15494,0,121658,0,"Departamento en Avenida Universitaria Sur 138, Lima, 15081, Per","Cercado de Lima, Lima",62.8,3,2,0,"EDIFICIO MULTIFAMILIAR DE 20 PISOS Y 129 DEPARTAMENTOS, CON ESPACIOS MODERNOS Y SEGUROS PARA TODA TU FAMILIA UBICADO A MEDIA...",https://www.laencontre.com.pe/inmueble/25b3-90cc-6caddd2e-c0871977f267-42f1,laencontre
15495,0,123971,0,"Departamento en Avenida Universitaria Sur 138, Lima, 15081, Per","Cercado de Lima, Lima",67.5,3,2,0,"DISTRIBUCION: VISTA INTERIOR SALA – COMEDOR. KICHENETTE – LAVANDERIA, 2 DORMITORIOS, PRINCIPAL CON WALKING CLOSET 1DORMITORIOS...",https://www.laencontre.com.pe/inmueble/ee31-aaf1-46a88f1e-f7778a98de56-46a7,laencontre
15496,0,99651,0,"Departamento en Pueblo Libre, Lima","Pueblo Libre, Lima",45,1,2,0,"Departamento de 1 dormitorio en venta – Pueblo Libre Funcional y bien distribuido departamento de 45 m², ubicado en un moderno...",https://www.laencontre.com.pe/inmueble/9d69-a859-19cfa9a-83e9bbe109a2-7f43,laencontre
15497,0,160154,0,"Departamento en La Malva 195, Santiago De Surco, Perú","Santiago de Surco, Lima",69,2,2,0,Venta de Departamento en Surco – Condominio con Áreas Comunes Premium 📍 Ubicado en Surco 📐 Área total: 69 m² 💵 Precio:...,https://www.laencontre.com.pe/inmueble/5d74-8c3c-19c59ee-f97ac04b6ff7-70e3,laencontre
15498,0,130140,0,"Departamento en Cercado De Lima, Lima","Cercado de Lima, Lima",65,3,2,0,"Ubicación: Jr. José Gálvez Cdra. 12 esquina Jr. Teodoro Cárdenas - Santa Beatriz, a 1 cdra. de la Vía Expresa, a 4 cuadras...",https://www.laencontre.com.pe/inmueble/632b-b81d-1997df7-72a134a5607d-7b09,laencontre
15499,0,150821,0,"Departamento en Pueblo Libre, Lima","Pueblo Libre, Lima",73,3,2,0,"Departamento de 3 dormitorios en venta – Pueblo Libre Amplio y cómodo departamento de 3 dormitorios, de 73 m², ubicado en...",https://www.laencontre.com.pe/inmueble/30dd-8e79-19d2819-3285a38a9954-7b78,laencontre
15500,0,1300000,0,"Departamento en Country Club, Lima","Country Club, San Isidro, Lima",520,4,4,0,"GRAN FLAT DE 4 DORMITORIOS CON HERMOSA VISTA AL GOLF Recibo con piso de mármol, gran sala con salida...",https://www.laencontre.com.pe/inmueble/2d79-86ed-19953fd-50fe4d194e55-759e,laencontre
15501,0,450000,0,"Departamento en Orrantia, Lima","Orrantia, San Isidro, Lima",243.12,3,2,0,LINDO PH DUPLEX CON GRAN TERRAZA Y ESPECTACULAR VISTA Área Ocupada 243.12m2 / Área techada 159.64m2 Primer nivel: Sala ...,https://www.laencontre.com.pe/inmueble/1ef6-98f8-19953f4-4b559b1cc4ed-7659,laencontre
15502,0,92000,0,"Departamento en Los Gorriones 470, Chorrillos, Perú","Chorrillos, Lima",63.73,3,2,0,"Este departamento se encuentra ubicado en una zona tranquila, segura y de carácter residencial, ideal para quienes buscan...",https://www.laencontre.com.pe/inmueble/a3b1-bd76-19cfe09-df195ab95ee3-746a,laencontre
15503,0,515000,0,"Departamento en Conde De La Vega Del Ren, Conde De La Vega Del Ren, Santiago De Surco, Perú","Santiago de Surco, Lima",223.25,3,3,0,"En la cuadra 1 de Conde de la Vega, se vende dpto. en piso 4, de amplia sala comedor con balcón a lo ancho y vista a la calle...",https://www.laencontre.com.pe/inmueble/2b7e-a83f-19c6d4f-6128349fb3cd-74c3,laencontre
15504,0,236969,0,"Departamento en Av. José Larco, Miraflores, Perú","Miraflores, Lima",76,2,2,0,2 dormitorios | Cocina americana | Acabados modernos A pasos del Parque Kennedy. Disfruta de áreas comunes diseñadas para...,https://www.laencontre.com.pe/inmueble/1d1a-8b8b-19cc574-bbd837c22898-77d5,laencontre
15505,0,224200,0,"Departamento en Santiago De Surco, Lima","Santiago de Surco, Lima",109.36,3,2,0,"Vive con mayor espacio, luz natural y privacidad en un edificio boutique exclusivo Descubre este moderno departamento de ...",https://www.laencontre.com.pe/inmueble/50ac-af77-19d30ae-556efc6f3b5a-71e7,laencontre
15506,0,145000,0,"Departamento en Urb Los Cedros De Villa, Chorrillos, Perú","Chorrillos, Lima",230,3,3,0,"Se vende moderno dúplex de 230 m² totales (115 m² de departamento + 115 m² de aires) ubicado en 5° piso, en edificio de 2...",https://www.laencontre.com.pe/inmueble/61eb-b77d-19cd989-a9222a62bd2a-7444,laencontre
15507,0,105000,0,"Departamento en Avenida Arequipa 1760, Lince, Perú","Risso, Lince, Lima",81.13,3,1,0,"DEPARTAMENTO EN SEGUNDO PISO, SIN ASCENSOR DE 81.13 MTS2. VISTA INTERIOR. CONSTA DE SALA COMEDOR. COCINA CERRADA. UN BAÑO...",https://www.laencontre.com.pe/inmueble/d409-99f9-19ce352-c8444a23eb28-76a0,laencontre
15508,0,263589,0,"Departamento en Doña Catalina 351, Lima, Perú","Santiago de Surco, Lima",180.35,3,2,0,"¡Estrena el hogar de tus sueños en Surco! Descubre este magnífico departamento, completamente nuevo, diseñado para ofrecerte...",https://www.laencontre.com.pe/inmueble/3362-abae-19c0b24-93ba4dab6115-709d,laencontre
15509,0,300000,0,"Departamento en Mar Adriático 341, Punta Hermosa, Perú","Punta Hermosa, Lima",174.4,4,3,0,DEPARTAMENTO DE PLAYA en VENTA en PUNTA HERMOSA Calle MAR ADRIATICO 341 Ref.: Urb. Miramar frente a la bajada hacia Playa...,https://www.laencontre.com.pe/inmueble/855a-b332-199ff4d-46281a46ee9-75af,laencontre
15510,0,360000,0,"Departamento en Av. Javier Prado Oeste 1856, San Isidro, Perú","Magdalena del Mar, Lima",137,3,2,0,"Vendo lindo y moderno departamento ubicado en la Av Javier Prado Oeste, San Isidro. Ocupa el séptimo piso (702) de un edificio...",https://www.laencontre.com.pe/inmueble/6954-a65b-19d1d31-c464d9831d80-7150,laencontre
15511,0,330000,0,"Departamento en Calle Paul Harris, San Isidro, Perú","Orrantia, San Isidro, Lima",176,3,3,0,"Vendo un amplio departamento de 176 m2 ubicado en la calle Paul Harris en el distrito de San Isidro, en una zona residencial...",https://www.laencontre.com.pe/inmueble/2394-b81e-19cd52b-fca9e57a4c01-714c,laencontre
15512,0,100000,0,"Departamento en Av. Defensores Del Morro, Chorrillos, Perú","Chorrillos, Lima",75,3,2,0,📍 Condominio Los Defensores del Morro – Av. Defensores del Morro 📐 74.56 m² | 6° piso 🚗 Cochera techada incluida 🛏 3...,https://www.laencontre.com.pe/inmueble/dc88-835b-19cd41a-4ddcb17a95fb-7705,laencontre
15513,0,259000,0,"Departamento en Santiago De Surco, Lima","Santiago de Surco, Lima",218.2,3,3,0,Agente Reg. PN 1027 Boris Bobbio Stihl b_bo----@hotmail.com Departamento en Cristobal de Peralta 5XX Santiago de Surco Venta...,https://www.laencontre.com.pe/inmueble/367f-ab07-197dbfb-8503d09c66ad-7180,laencontre
15514,0,269000,0,"Departamento en Joaquin Capelo 320, Miraflores, Perú","Santa Cruz, Miraflores, Lima",106,3,2,0,"¡Vive Miraflores rodeado de todo lo que necesitas! Moderno departamento ubicado en Calle Joaquín Capelo, piso 4, a un paso...",https://www.laencontre.com.pe/inmueble/609c-839e-19ccb44-59b1894fe997-73a1,laencontre
15515,0,285000,0,"Departamento en Jirón Pisac 393, Lima, Perú","Santiago de Surco, Lima",0,3,2,0,"Amplio departamento de 232.6 m² ubicado en primer piso, con ingreso totalmente independiente, ideal para quienes buscan privacidad...",https://www.laencontre.com.pe/inmueble/b541-a541-19d2216-5bb52448a1f8-7282,laencontre
15516,0,219293,0,"Departamento en Av. La Marina 2500, San Miguel, Perú","San Miguel, Lima",86.4,3,2,0,"Departamento de Estreno en San Miguel – ¡No paga alcabala! Vive en una ubicación privilegiada, a solo 5 minutos de los centros...",https://www.laencontre.com.pe/inmueble/a231-8ef9-19c0724-8ae663064e98-715e,laencontre
15517,0,105791,0,"Departamento en Cercado De Lima, Lima","Cercado de Lima, Lima",64,4,3,0,"VENDO MODERNO DPTO. EN EL CONDOMINIO ALTO LIMA PARK, ubicado en Av. Oscar R. Benavides, Cdra. 11 (ex Colonial) - Cercado ...",https://www.laencontre.com.pe/inmueble/41d8-9063-198c9b9-7ae46988bf9-7d86,laencontre
15518,0,170000,0,"Departamento en Dinastía Ii, Calle Doña Nelly Y Calle Rafael Aedo, Doña Nelly, Santiago De Surco, Perú","Santiago de Surco, Lima",173.45,5,3,0,"Departamento en SURCO, dentro de Condominio Dinastía.  Precio Departamento y Cochera: US$170,000 incl. 1Estac.  (Bajó de ...",https://www.laencontre.com.pe/inmueble/2129-8945-19bebce-7e5640e5946a-7165,laencontre
15519,0,95890,0,"Departamento en Pasaje Combate De Abtao 183, Santiago De Surco, Lima, Perú","Santiago de Surco, Lima",66,2,2,0,"Vive en una excelente zona residencial de Santiago de Surco, a pocos minutos de la ampliación de la Vía Expresa y cerca de...",https://www.laencontre.com.pe/inmueble/fd16-a47b-19d0ccd-85b38ee09c49-71e5,laencontre
15520,0,299025,0,"Departamento en Miraflores, Lima","Miraflores, Lima",110,2,3,0,"Está ubicado en una de las mejores zonas de Miraflores, con múltiples servicios a la vuelta de la esquina. Supermercados,...",https://www.laencontre.com.pe/inmueble/eec4-97ca-98fc0d98-63f72ddf26ca-4dac,laencontre
15521,0,510000,0,"Departamento en Calle Sargento William Arias Robles, Miraflores, Perú","Miraflores, Lima",220,3,3,0,"LINDO Y ESPACIOSO DEPARTAMENTO CON VISTA A PARQUE Recibo, ascensor directo, gran sala/comedor con balcon y linda vista al...",https://www.laencontre.com.pe/inmueble/96e1-b1ef-19cdf2d-c76253c5a3dd-765b,laencontre
15522,0,610000,0,"Departamento en Orrantia, Lima","Orrantia, San Isidro, Lima",240,4,3,0,"LINDO FLAT DE 4 DORMITORIOS FRENTE A PARQUE Excelente departamento y distribucion. Ascensor directo, recibo, sala/comedor...",https://www.laencontre.com.pe/inmueble/14df-9a24-1933d11-74cfefa156e4-72b1,laencontre
15523,0,500000,0,"Departamento en Orrantia, Lima","Orrantia, San Isidro, Lima",200,3,4,0,"Ubicado en piso 12, en edificio de 14 pisos y 29 Dptos. (2 x piso). 200 m2. Amplia Sala Comedor Family 3 Dormitorios Cocina...",https://www.laencontre.com.pe/inmueble/f0ee-ac38-1954e0d-75f074402f19-74d4,laencontre
15524,0,230000,0,"Departamento en Calle Alcanfores 427, Miraflores, Perú","Miraflores, Lima",107,3,3,0,"Si esta oportunidad es de tu interés, comunicarte con Jose Bohorquez al 9.7.7. 8.8.1. 8---- Agente inmobiliario asociado ...",https://www.laencontre.com.pe/inmueble/4373-a384-198e2a5-b8258da2c3e7-7334,laencontre
15525,0,47000,0,"Departamento en Cercado De Lima, Lima","Cercado de Lima, Lima",83,3,2,0,"VENTA DE DEPARTAMENTOS POR LAS PONCIANAS , CERCA A AV. CANTA CALLAO , SMP 📍Ubicado en Jr. Gardenia , a unas cuadras de...",https://www.laencontre.com.pe/inmueble/c3a7-9019-19d5aa6-655e2066b550-7105,laencontre
15526,0,256915,0,"Departamento en Santiago De Surco, Lima","Santiago de Surco, Lima",148.19,5,4,0,"¡SE VENDE DUPLEX DE ESTRENO EN SURCO! 📍 Ubicado en Urb. Villa El Contador, en el piso 9 con vista externa, a solo 1 cuadra...",https://www.laencontre.com.pe/inmueble/fa34-84c2-19d1c2d-4e76c67040f4-743d,laencontre
15527,0,320000,0,"Departamento en Pirandello 323, San Borja, Perú","San Borja, Lima",151,4,2,0,"Dúplex con Terraza y Parrilla en San Borja – 4 Dormitorios + 2 CocherasSi buscas espacio real, privacidad y una ubicación...",https://www.laencontre.com.pe/inmueble/98e9-9647-19d2c63-50a2ec51d07f-7af6,laencontre
15528,0,160000,0,"Departamento en Avenida Manuel Cipriano Dulanto 1358, Pueblo Libre, Perú","Pueblo Libre, Lima",84,3,2,0,Departamento en venta en Pueblo Libre - 2do Piso - 3 habitacionesExcelente oportunidad para vivir o invertir en una de las...,https://www.laencontre.com.pe/inmueble/9b78-b815-19c104a-9c6e558c29e7-7e20,laencontre
15529,0,143160,0,"Departamento en Cercado De Lima, Lima","Cercado de Lima, Lima",66,3,2,0,¡ ÚLTIMO DEPARTAMENTO EN VENTA DE 3 DORM.  DE ESTRENO EN SANTA BEATRIZ! Edificio ubicado en Av. Pettit Thouars Cdra. 11 esq...,https://www.laencontre.com.pe/inmueble/2f1c-b7dd-196fa3c-5fcb5a842fe-7111,laencontre
15530,0,150634,0,"Departamento en Jesus Maria, Lima","Jesus Maria, Lima",43,2,2,0,"Ubicado estratégicamente en Av. Pershing cuadra 8, te conecta con lo mejor de la ciudad: a minutos de San Isidro, Av. La ...",https://www.laencontre.com.pe/inmueble/11c5-9b07-19603e7-489aeca06bf6-7e6c,laencontre
15531,0,145207,0,"Departamento en Miraflores, Lima","Miraflores, Lima",55,2,2,0,"Este edificio se encuentra ubicado en Av. Roosevelt cdra. 62 – Miraflores – Miraflores, a un paso de Wong de Benavides, con...",https://www.laencontre.com.pe/inmueble/a191-b791-196fa3c-1a86afca2eae-7ebc,laencontre
15532,0,415000,0,"Departamento en Jirón Madreselva, Urb La Floresta De Monterrico, Surco, Lima Province, Perú","Santiago de Surco, Lima",222,3,25,0,"Se vende impecable departamento tipo casita rodeado de terrazas, lo cual permite una maravillosa iluminación y una privilegiada...",https://www.laencontre.com.pe/inmueble/757a-9b8c-19c7d69-1ff8e851105e-764e,laencontre
15533,0,340000,0,"Departamento en Calle Enrique Palacios, Miraflores, Perú","Miraflores, Lima",129.3,3,2,0,ABL012601 Flat de Estreno en Miraflores estratégico | Primer piso con terraza privada Vive o invierte en una de las zonas...,https://www.laencontre.com.pe/inmueble/7624-a3fc-19c0ad5-7a4330c4a5c5-7496,laencontre
15534,0,88974,0,"Departamento en Villa El Contador, Santiago De Surco, Lima 15054, Perú","Santiago de Surco, Lima",46.31,2,1,0,"¡VIVE EN UN DEPARTAMENTO DE ESTRENO! ✨ ¡Entrega inmediata! 📍 ¡Ubicación privilegiada! En Urb. Villa El Contador, a solo...",https://www.laencontre.com.pe/inmueble/c3f6-8b43-19d08ea-83cda00f86f5-7574,laencontre
15535,0,101965,0,"Departamento en Av. Faustino Sánchez Carrión 820, Magdalena Del Mar, Perú","Magdalena del Mar, Lima",41.93,1,1,0,"Proyecto Departamentos en Magdalena desde 💰 S/ 343,800.00 ‼️ UN NUEVO CONCEPTO DE VIDA PARA LOS NUEVOS TIEMPOS Espectacular...",https://www.laencontre.com.pe/inmueble/3239-b50a-1922146-8442fc330b6b-7a20,laencontre
15536,0,295000,0,"Departamento en Calle El Diamante 170, Santiago De Surco, Perú","Santiago de Surco, Lima",120,1,2,0,"Elegante y sofisticado departamento dúplex de 1 dormitorio ubicado en Cerros de Camacho, zona exclusiva de la capital. Se...",https://www.laencontre.com.pe/inmueble/116f-bf7d-19c201b-d65031c37eac-74ce,laencontre
15537,0,604528,0,"Departamento en Calle Los Laureles, San Isidro, Lima, Perú","Country Club, San Isidro, Lima",165,3,3,0,"PRECIO DE VENTA: US$ 604,525 ÁREA TOTAL:189.6M2 DEPARTAMENTO DE 165M2 EN EL CORAZOÓN DE SAN ISIDRO. A 2 CUADRAS DEL GOLF...",https://www.laencontre.com.pe/inmueble/d00d-b66d-19987f7-4170bf1490a-70ce,laencontre
15538,0,482010,0,"Departamento en Country Club, Lima","Country Club, San Isidro, Lima",204,3,4,0,"Exclusivo departamento ubicado en la Av. Javier Prado Oeste esquina con Av. Los Robles, en pleno corazón de San Isidro, a...",https://www.laencontre.com.pe/inmueble/2da8-b6d2-19603e7-8f916d978771-7e38,laencontre
15539,0,285000,0,"Departamento en Santiago De Surco, Lima","Santiago de Surco, Lima",127,3,3,0,"VENTA DE DÚPLEX EN Santiago de Surco 🏡✨ 📍Ubicado en exclusiva zona de Urb. Tambo de Monterrico, a pasos del Centro Comercial...",https://www.laencontre.com.pe/inmueble/e0f-84d2-19d5b0d-35033ed62ec4-723f,laencontre
15540,0,990000,0,"Departamento en Santiago De Surco, Lima","Santiago de Surco, Lima",700,6,8,0,BAJO DE PRECIO !!! Moderno y amplio departamento con preciosa vista al golf los inkas y vista de 360 a la ciudad. Cuenta ...,https://www.laencontre.com.pe/inmueble/18fe-ba5f-ff4c0145-68f1caa9a48c-3f42,laencontre
15541,0,290000,0,"Departamento en Calle Enrique Palacios, Miraflores, Perú","Miraflores, Lima",85.65,2,2,0,ABL012602 Flat de Estreno en Miraflores estratégico | Primer piso con terraza privada Vive o invierte en una de las zonas...,https://www.laencontre.com.pe/inmueble/2f9-b03a-19c0b16-b98caaafed3e-763e,laencontre
15542,0,113000,0,"Departamento en Los Pelícanos, San Bartolo, Perú","San Bartolo, Lima",88,2,2,0,Hogar para ti… y una inversión inteligente en San Bartolo ¿Buscas un hogar tranquilo para vivir todo el año… o una inversión...,https://www.laencontre.com.pe/inmueble/6180-93f5-19c0b24-c596cf6c1980-787c,laencontre
15543,0,552000,0,"Departamento en Orrantia, Lima","Orrantia, San Isidro, Lima",151,2,2,0,"LINDO FLAT CON TERRAZA EN ESQUINA DE PORTILLO Y PEZET ASCENSOR DIRECTO, SALA/COMEDOR DE BUEN TAMAÑO, BAÑO DE VISITAS, COCINA...",https://www.laencontre.com.pe/inmueble/c830-8aec-19b00db-e43d19c1ab3b-77f3,laencontre
15544,0,2378000,0,"Departamento en Orrantia, Lima","Orrantia, San Isidro, Lima",616,3,3,0,"LINDO PH DUPLEX FRENTE AL GOLF DE 3 DORMITORIOS Primer nivel: ascensor directo, recibo, escaleras que llevan al segundo ...",https://www.laencontre.com.pe/inmueble/a632-9ce9-19b00b4-a8e71102c141-71f2,laencontre
15545,0,1095000,0,"Departamento en Orrantia, Lima","Orrantia, San Isidro, Lima",309,2,2,0,"LINDO DUPLEX CON JARDIN Y TERRAZA DE ESTRENO Primer nivel: ascensor llega a los dos niveles, baño de visitas, sala/comedor...",https://www.laencontre.com.pe/inmueble/f37f-9075-19b00a8-3605d13b2281-7760,laencontre
15546,0,1095000,0,"Departamento en Orrantia, Lima","Orrantia, San Isidro, Lima",309,2,2,0,"LINDO DUPLEX CON JARDIN Y TERRAZA DE ESTRENO Primer nivel: ascensor llega a los dos niveles, baño de visitas, sala/comedor...",https://www.laencontre.com.pe/inmueble/f37f-9075-19b00a8-3605d13b2281-7760,laencontre
15547,0,598000,0,"Departamento en Avenida Circunvalación Del Golf Los Incas 1033, Santiago De Surco, Perú","Santiago de Surco, Lima",270,3,5,0,Departamento Frente al Golf Los Incas 1033– Surco Ubicado en la Avenida Circunvalación del Golf Los Incas cerca de la Av...,https://www.laencontre.com.pe/inmueble/3429-a3a1-197321b-dfe290c9834d-75d7,laencontre
15548,0,72000,0,"Departamento en San Juan De Lurigancho, Lima","San Juan de Lurigancho, Lima",58,2,2,0,"Departamento En Venta – San Ignacio de Loyola 📍 Ubicación: Urb. San Ignacio de Loyola límite con San Juan de Miraflores,...",https://www.laencontre.com.pe/inmueble/61de-a306-19ab72b-4272b6316381-73e0,laencontre
15549,0,850000,0,"Departamento en San Isidro, Perú","El Olivar, San Isidro, Lima",380,6,6,0,"VENTA DE DEPARTAMENTO DE LUJO – A PASOS DEL GOLF DE SAN ISIDRO Precio: USD 850,000 (a tratar) Área construida: 380 m² Distribución...",https://www.laencontre.com.pe/inmueble/96ae-83ee-198bfe3-7d9c6c2e62bb-717e,laencontre
15550,0,93000,0,"Departamento en Calle Los Pelícanos, San Bartolo, Lima, 15856, Per","San Bartolo, Lima",88,2,2,0,Departamento de Estreno en San Bartolo – ¡Con balcón y vista a parque! ¡Vive cerca del mar con todas las comodidades! Este...,https://www.laencontre.com.pe/inmueble/91bf-926a-19d2c63-5d6daa035a8-72f2,laencontre
15551,0,435000,0,"Departamento en Avenida General Salaverry 3126, San Isidro, Perú","Orrantia, San Isidro, Lima",174.21,2,3,0,¡Vive el confort y la exclusividad en San Isidro! Departamento amplio en primer piso con jardín privado Descubre tu nuevo...,https://www.laencontre.com.pe/inmueble/8aed-b395-1995a5f-cbda3d664b88-71bd,laencontre
15552,0,460000,0,"Departamento en Country Club, Lima","Country Club, San Isidro, Lima",177,3,4,0,"Lindo y amplio departamento en piso 15 con vista espectacular al Golf, ubicado en el reconocido condominio Millenium, en ...",https://www.laencontre.com.pe/inmueble/4304-8e9d-19bfcbd-480183817971-7447,laencontre
15553,0,94609,0,"Departamento en Pasaje Sanzio, Urbanización Los Viñedos De Surco, Santiago De Surco, Lima, 15056, Per","Santiago de Surco, Lima",81,3,2,0,VENTA DEPARTAMENTO - 3 DORMITORIOSVive Surco con mejor relación precio–ubicación Departamento de estreno | 93 m² | 3 dormitorios...,https://www.laencontre.com.pe/inmueble/f29f-8a6f-19d1cef-c5dafc2ea630-77b8,laencontre
15554,0,369600,0,"Departamento en Calle Manuel Tovar 544, Miraflores, Perú","Santa Cruz, Miraflores, Lima",126,3,2,0,"VENDO Dpto. FLAT FRENTE A PARQUE CORREA ELIAS Dirección: Manuel Tovar 544, Dpto. 601, Urb. Sta. Cruz, MIRAFLORES A.C:116mts...",https://www.laencontre.com.pe/inmueble/86ed-b15d-19d754a-c5c583767ca8-718f,laencontre
15555,0,470000,0,"Departamento en Los Eucaliptos 248, Surco, Perú","Santiago de Surco, Lima",192,3,3,0,VENDO – DPTOS Y TOWN HOUSES EN PROYECTO Dirección: LOS EUCALIPTOS 248 – SURCO a 4cdras de la U. de Lima NO PAGAN ALCABALA...,https://www.laencontre.com.pe/inmueble/7f68-98b0-19c72cf-2bc01d8d740b-751b,laencontre
15556,0,119374,0,"Departamento en El Olivar, Lima","El Olivar, San Isidro, Lima",65,4,3,0,"VENDO DPTOS. DE 4 DORMITORIOS, ubicado en Av. Venezuela cdra. 25 - Cercado de Lima. Con gran conectividad a puntos estratégicos...",https://www.laencontre.com.pe/inmueble/290c-a4f0-198ac8a-e4807029f927-7424,laencontre
15557,0,199000,0,"Departamento en La Carabela 111, Punta Hermosa, Perú","Punta Hermosa, Lima",101,3,2,0,"Vive cerca del mar en un espacio moderno, funcional y lleno de estilo. Este departamento de estreno, ubicado en el cuarto...",https://www.laencontre.com.pe/inmueble/fc0f-b5a1-19c0701-ff4601c2a74-71fd,laencontre
15558,0,184500,0,"Departamento en Calle José Gonzáles 260, Miraflores, Perú","Miraflores, Lima",95,2,3,0,¡Gran oportunidad de inversión en el corazón de Miraflores! Ideal para inversionistas de Eiraibi que buscan rentabilidad ...,https://www.laencontre.com.pe/inmueble/b869-a6e7-19bcffb-76a18c12f397-756b,laencontre
15559,0,105000,0,"Departamento en Jirón Bayóvar Sur 7, Urbanización Prolongación Benavides Etapa Ii, Santiago De Surco, Lima, Per","Santiago de Surco, Lima",63.41,2,2,0,"Departamento funcional y bien distribuido, consta de amplia sala-comedor con excelente iluminación natural, cocina cerrada...",https://www.laencontre.com.pe/inmueble/5f61-a568-503ee46c-d88f011987f9-4da7,laencontre
15560,0,340000,0,"Departamento en Calle Juan Fanning 429, Miraflores, Perú","Miraflores, Lima",126,3,3,0,🏡 DEPARTAMENTO EN VENTA EN MIRAFLORES 🌊✨ 📍 A solo 2 cuadras de Larcomar – Calle Juan Fanning 429° Vive en una de las ...,https://www.laencontre.com.pe/inmueble/c322-abea-19b4817-1ce8a5998882-7152,laencontre
15561,0,695000,0,"Departamento en Av. Circunvalación Del Golf Los Incas, Santiago De Surco, Perú","Santiago de Surco, Lima",390,4,4,0,"Vendo Exclusivo Departamento 390m² en condominio Terra Golf - Surco Ubicado. Av. Circunvalación del Golf los Incas 1115, ...",https://www.laencontre.com.pe/inmueble/c180-a545-1993f5e-609cde50a58d-7840,laencontre
15562,0,299000,0,"Departamento en Calle Jorge Vanderghen 179, Miraflores, Lima, 15073, Per","Santa Cruz, Miraflores, Lima",136,3,2,0,Extraordinario Departamento en venta en 2do. piso con mucha iluminación natural. Sala y comedor con vista a la calle y a ...,https://www.laencontre.com.pe/inmueble/6059-8837-19a52e7-742fc310949c-7640,laencontre
15563,0,189990,0,"Departamento en Jirón Las Gardenias 232, Urbanización Las Casuarinas Baja, Santiago De Surco, Lima, 15023, Per","Santiago de Surco, Lima",103,3,3,0,"¡✨ Descubre tu nuevo hogar en Santiago de Surco! ✨ 🏢 Presentamos este exclusivo departamento flat, ideal para quienes buscan...",https://www.laencontre.com.pe/inmueble/13bd-8dd5-414c1083-7d0b8b30410f-456b,laencontre
15564,0,85000,0,"Departamento en Jirón Coronel Zubiaga 637, Lima, 15003, Per","Rimac, Lima",60.76,2,1,0,"📍 Ubicado en el Cercado de Lima, a pocas cuadras de la Vía Expresa de Grau y a minutos del Hospital Guillermo Almenara. ...",https://www.laencontre.com.pe/inmueble/7063-8f9a-3ffa1584-8cd5c4dd5bae-4524,laencontre
15565,0,285000,0,"Departamento en Avenida Roca Y Boloña 1280, Miraflores, Perú","Miraflores, Lima",258,3,4,0,Venta de amplio dúplex en primer piso con terraza – Miraflores 📍 Av. Roca y Boloña cuadra 12 con Av. Tomás Marsano 💵 Precio...,https://www.laencontre.com.pe/inmueble/6f57-828f-196b790-ec2ed188b226-7e64,laencontre
15566,0,380000,0,"Departamento en Santiago De Surco, Lima","Santiago de Surco, Lima",240,5,5,0,EXCLUSIVO DEPARTAMENTO CON TERRAZA PRIVADA – CHACARILLA DEL ESTANQUE Contacto: Magda Olave – 956 746---- Descubre el equilibrio...,https://www.laencontre.com.pe/inmueble/158c-ba89-19aa8e3-8dd751a3b8f1-7484,laencontre
15567,0,340000,0,"Departamento en Santiago De Surco, Lima","Santiago de Surco, Lima",0,3,3,0,"Ocasión Departamento en casuarinas , 350 mil dólares 190 m2",https://www.laencontre.com.pe/inmueble/47ee-8bb9-194627e-e02ea4b3377c-7fac,laencontre
15568,0,280000,0,"Departamento en Av. Del Ejército, Magdalena Del Mar, Perú","Magdalena del Mar, Lima",132,3,4,0,Vendo departamento en Magdalena de Mar Altura entre la 5 de la Av. del Ejército de Magdalena del Mar Edificio de 12 pisos...,https://www.laencontre.com.pe/inmueble/779c-8887-19b9496-192774bf1196-712a,laencontre
15569,0,380000,0,"Departamento en Jirón Jacarandá 478, Santiago De Surco, Perú","Salamanca De Monterrico, Ate, Lima",281,3,5,0,Vendo Exclusivo Dúplex con Piscina y Área de Parrilla en Valle Hermoso!! Descubre este espectacular dúplex ubicado en los...,https://www.laencontre.com.pe/inmueble/9985-828b-196c5c1-413a4110d5a6-7909,laencontre
15570,0,118000,0,"Departamento en San Miguel, Lima","San Miguel, Lima",72,2,2,0,Edificio de ESTRENO de 16 pisos ENTREGA INMEDIATA Departamento 72m2 Piso 12 Vista Semi externa 2 Dormitorios...,https://www.laencontre.com.pe/inmueble/9da8-a22a-19bc30f-fea7340b97de-7b10,laencontre
15571,0,154223,0,"Departamento en Avenida Coronel Jose Leal 1292, Lince, Perú","Risso, Lince, Lima",68,3,2,0,VENTA DEPARTAMENTO EN JOSÉ LEAL – LÍMITE JESÚS MARÍA / SAN ISIDRO Ubicación estratégica cerca al Parque Mariscal Castilla...,https://www.laencontre.com.pe/inmueble/7527-a016-19cb0c8-eb5b09b5693a-71fe,laencontre
15572,0,346000,0,"Departamento en Calle José Gonzales, Miraflores, Perú","Armendáriz, Miraflores, Lima",232,3,3,0,"Vive a pasos del malecón de la Reserva y a Larcomar, en el corazon de Miraflores!! Un hermoso y exclusivo departamento ubicado...",https://www.laencontre.com.pe/inmueble/372d-96fb-1993aca-d18d16fe918b-77f2,laencontre
15573,0,210000,0,"Departamento en Peluqueria Vmfp, Calle Piura 368, Miraflores, Lima, 15074, Per","Miraflores, Lima",158,2,3,0,"OPORTUNIDAD DE INVERSION moderno departamento flat, para familias jóvenes con niños y parejas, ejecutivos, turistas, estudiantes...",https://www.laencontre.com.pe/inmueble/b64-8c22-19bbf41-42ce63886d79-73ee,laencontre
15574,0,573000,0,"Departamento en Orrantia, Lima","Orrantia, San Isidro, Lima",151,2,2,0,"DEPARTAMENTO CON VISTA AL MAR DE DOS DORMITORIOS CON OPCION A UNO MAS ASCENSOR DIRECTO, SALA/COMEDOR CON TERRAZA, BAÑO DE...",https://www.laencontre.com.pe/inmueble/b90f-943d-19b00e7-bddb85f87cbf-7494,laencontre
15575,0,1089000,0,"Departamento en Orrantia, Lima","Orrantia, San Isidro, Lima",228,3,3,0,"LINDO DUPLEX CON VISTA AL GOLF Primer nivel: ascensor directo, recibo con techo de doble altura, amplia cocina cerrada, ...",https://www.laencontre.com.pe/inmueble/5c50-83f8-19b00c8-bafd0d1e9668-70c5,laencontre
15576,0,250000,0,"Departamento en Avenida Coronel José Leal 1565, Lince, Lima, 15073, Per","Country Club, San Isidro, Lima",160,3,1,0,"Se vende departamento flat en 3er piso, ubicado en una de las zonas más prácticas de San Isidro: Av. Prescott. Aquí tienes...",https://www.laencontre.com.pe/inmueble/8dbb-a96f-19bbf01-977641b03829-7874,laencontre
15577,0,460000,0,"Departamento en Av. El Cortijo 230, Santiago De Surco, Perú","Santiago de Surco, Lima",215,3,3,0,🌟 EXCLUSIVO DEPARTAMENTO EN EL CORAZÓN DE SURCO 🏡 ¡Tu nuevo hogar te está esperando! Ubicado en una de las zonas más cotizadas...,https://www.laencontre.com.pe/inmueble/ce8b-8c4f-19d6522-b607a3a4532d-7444,laencontre
15578,0,295000,0,"Departamento en Santiago De Surco, Lima","Santiago de Surco, Lima",179,3,3,0,Acogedor departamento ubicado en tercer piso dentro de un seguro y amplio condominio. Zona residencial tranquila con bajo...,https://www.laencontre.com.pe/inmueble/468630,laencontre
15579,0,204642,0,"Departamento en Avenida Mariscal Ramón Castilla 388, Urbanización Las Magnolias, Santiago De Surco, Lima, 15048, Per","Santiago de Surco, Lima",74,3,2,0,"Vive en una ubicación estratégica de Santiago de Surco, a pocos pasos de Barranco y Miraflores, con salida directa a la Vía...",https://www.laencontre.com.pe/inmueble/e141-92bb-19be795-a7415898b80-7496,laencontre
15580,0,147994,0,"Departamento en Av. Salaverry, San Isidro, Perú","Country Club, San Isidro, Lima",56,2,2,0,Una invitación a encontrar un nuevo hogar y llenar tu vida de nuevas historias! Vive a un paso de todo lo que necesitas en...,https://www.laencontre.com.pe/inmueble/785d-a2c0-19a98e1-5e76c6ce0c7c-70e5,laencontre
15581,0,900000,0,"Departamento en Calle Alfredo Salazar 260, Miraflores, Perú","Santa Cruz, Miraflores, Lima",502,4,5,0,"OPORTUNIDAD !!! PRECIOSO Y EXCLUSIVO PENTHOUSE DUPLEX DE ESTRENO CON AMPLIA TERRAZA, EN ZONA EXCLUSIVA DE MIRAFLORES LIMITE...",https://www.laencontre.com.pe/inmueble/120f-bcaf-23654cb-f0960b68068-4d27,laencontre
15582,0,220954,0,"Departamento en Jr. República Del Líbano, Santiago De Surco, Perú","Santiago de Surco, Lima",79.63,2,2,0,"Imagina despertar cada día en el piso 02, con una espectacular vista a la calle, rodeado de confort, estilo y todo lo que...",https://www.laencontre.com.pe/inmueble/689b-bc31-19d796a-99448ccd9204-75a3,laencontre
15583,0,234950,0,"Departamento en Av. José Larco, Miraflores, Perú","Miraflores, Lima",106.9,2,3,0,VENTA DE DÚPLEX EN MIRAFLORES 📍 Av. Larco 1010 – Miraflores 🏢 Edificio moderno – 2.º piso Ubicación privilegiada A pocos...,https://www.laencontre.com.pe/inmueble/b4cb-bd17-19d0f2d-1c9302027e1a-7447,laencontre
15584,0,165000,0,"Departamento en San Luis, Lima","San Luis, Lima",123,3,2,0,"VENDO DEPARTAMENTO -TODO 2do piso- URB. VILLA JARDÍN – SAN LUIS $165,000 precio final 3 dorm. - 1 zona estac. - Piso 2 escaleras...",https://www.laencontre.com.pe/inmueble/2c18-847f-19b0eec-5664d26b57b6-7822,laencontre
15585,0,243000,0,"Departamento en Santiago De Surco, Lima","Santiago de Surco, Lima",159,3,3,0,"Vendo acogedor y amplio departamento en jirón Las Cantutas. Excelente ubicación: zona super tranquila y segura, cerca de...",https://www.laencontre.com.pe/inmueble/cf1a-a17a-19bde81-9d7ab155ff48-775a,laencontre
15586,0,108000,0,"Departamento en Contisuyo 247, San Miguel, Perú","Maranga, San Miguel, Lima",58,2,2,0,Oportunidad de Inversión en San Miguel: Dpto. con Inquilino. Renta Asegurada Tu espacio perfecto en San Miguel: 2 dormitorios...,https://www.laencontre.com.pe/inmueble/387-9853-19c0b24-faa34336d336-71a7,laencontre
15587,0,478240,0,"Departamento en Santa Cruz, Lima","Santa Cruz, Miraflores, Lima",210,3,4,0,"Último Dpto. Duplex, en el piso 17 con ascensor directo. Cuenta con un área de un área total de 209.60 m2, área techada de...",https://www.laencontre.com.pe/inmueble/33bd-85b2-19603e7-6cf9f75d1e98-762f,laencontre
15588,0,117150,0,"Departamento en Jr. Comandante Manuel Villavicencio 929, Lince, Lima, Perú","Risso, Lince, Lima",40,1,1,0,"A.T.: 40.28M2 PRECIO: S/395,801.45 Departamento de estreno en planos frente al Parque Castilla (Lince). Cuenta 1 dormitorio...",https://www.laencontre.com.pe/inmueble/6173-aa9c-19d457b-922f8b4fd4cb-75a2,laencontre
15589,0,315000,0,"Departamento en Parque Almirante Miguel Grau, San Borja, Lima, Per","San Borja, Lima",189,3,4,0,"VENDO DUPLEX SAN BORJA FRENTE A PARQUE - 189 M2 TOTALMENTE REMODELADO PRIMER PISO: AMPLIA SALA COMEDOR , ASCENSOR DIRECTO...",https://www.laencontre.com.pe/inmueble/c687-a6d0-19c9af1-6c4c87053db8-746b,laencontre
15590,0,154430,0,"Departamento en Santa Cruz, Lima","Santa Cruz, Miraflores, Lima",54,2,2,0,"Se vende moderno departamento ubicado en la Av. José Pardo 1010, el corazón de Miraflores, cerca de restaurantes, cines, ...",https://www.laencontre.com.pe/inmueble/e3e8-8365-196fa3c-6c090e7b2ca0-7f08,laencontre
15591,0,198087,0,"Departamento en Corpac, Lima","Corpac, San Isidro, Lima",61,1,2,0,"Vendo Dpto. de 2 dormitorios DE ESTREBNO en Canaval y Moreyra Cdra. 1. Vive en pleno corazón de San Isidro, estratégicamente...",https://www.laencontre.com.pe/inmueble/c892-965d-196f515-7894adb4d7f3-70d2,laencontre
15592,0,245000,0,"Departamento en Av. José Pardo 345, Miraflores, Perú","Miraflores, Lima",155,3,2,0,"Si te gusta vivir en un espacio amplio, bien distribuido y listo para disfrutar desde el primer día, este departamento es...",https://www.laencontre.com.pe/inmueble/31e1-ad13-19ccb7b-a5338ac9e8db-74b6,laencontre
15593,0,85000,0,"Departamento en Mar Pacifico Sur, San Bartolo, Perú","San Bartolo, Lima",102,3,2,0,"Descubre este encantador departamento en San Bartolo, ubicado en Av. Pacífico Sur Mz. V lote 31, Piso 2. Este espacioso inmueble...",https://www.laencontre.com.pe/inmueble/3581-80a4-19d0e59-5753748a5158-75cf,laencontre
15594,0,147698,0,"Departamento en Cercado De Lima, Lima","Cercado de Lima, Lima",106.83,3,2,0,"ESTE HERMOSO DEPARTAMENTO TIENE 3 CUARTOS, 2 BAÑOS, 1 COCINA, UNA SALA STAR, MIDE 106 METROS CUADRADOS, CUENTA CON BALCON...",https://www.laencontre.com.pe/inmueble/4130-a8f6-19ae180-a4c742ede111-7683,laencontre
15595,0,565000,0,"Departamento en Corpac, Lima","Corpac, San Isidro, Lima",250,3,5,0,"Espectacular duplex en construcción, en una zona super tranquila de San Isidro (Corpac), este amplio duplex, cuenta con 250...",https://www.laencontre.com.pe/inmueble/9424-a91d-19cbbf2-81e95b29ac80-72b0,laencontre
15596,0,469900,0,"Departamento en Santiago De Surco, Lima","Santiago de Surco, Lima",210,3,3,0,Flat 208.73m² -Balcón con vista a Parque César Vallejo -Calle Monte Flor - 3 habitaciones - 3 baños completos - 1 medio baño...,https://www.laencontre.com.pe/inmueble/2353-a735-194d6ab-be0a5479d70f-7630,laencontre
15597,0,75000,0,"Departamento en Calle Diez, Pueblo Joven Villa De Jesús, Villa El Salvador, Lima, 15842, Per","Villa El Salvador, Lima",128,4,2,0,"* VENTA DEPARTAMENTO REMODELADO * -- ÁREA 128 m2 -- -- PRECIO US$ 75,000 -- ** UBICACIÓN ** - Urb. Villa de Jesús - Villa...",https://www.laencontre.com.pe/inmueble/8385-b5e3-19ceab8-7fe1248d606b-7215,laencontre
15598,0,538561,0,"Departamento en Avenida Alejandro Velasco Astete, Urbanización La Alborada, Santiago De Surco, Lima, 15038, Per","Santiago de Surco, Lima",208,3,0,0,"Departamento dúplex en Santiago de Surco — Av. Alejandro Velasco Astete 📍 Ubicación Av. Alejandro Velasco Astete, Santiago...",https://www.laencontre.com.pe/inmueble/d96d-b4bf-e6d44ae6-6f8172453059-4ebb,laencontre
15599,0,410330,0,"Departamento en Avenida Alejandro Velasco Astete, Urbanización La Alborada, Santiago De Surco, Lima, 15038, Per","Santiago de Surco, Lima",178,3,3,0,"🏠 Duplex moderno en Santiago de Surco — Av. Alejandro Velasco Astete Descubre este dúplex nuevo, de diseño contemporáneo...",https://www.laencontre.com.pe/inmueble/a161-8b48-c56810ab-bd2d2e26700a-4189,laencontre
15600,0,388851,0,"Departamento en Avenida Alejandro Velasco Astete, Urbanización La Alborada, Santiago De Surco, Lima, 15038, Per","Santiago de Surco, Lima",150,3,3,0,"🏠 Duplex nuevo en Santiago de Surco — Av. Alejandro Velasco Astete 📍 Ubicación: - Av. Alejandro Velasco Astete, Santiago...",https://www.laencontre.com.pe/inmueble/3a46-b6c2-a5fd50cc-65c483a99dab-44e5,laencontre
15601,0,291783,0,"Departamento en Calle Los Narcizos, Urbanización Casuarinas Sur, Santiago De Surco, Lima, 15023, Per","Santiago de Surco, Lima",80.31,3,2,0,"🌟 ¡Descubre tu nuevo hogar en Santiago de Surco! 🌟 ""Alto Casuarinas es un complejo multifamiliar de 03 torres escalonadas...",https://www.laencontre.com.pe/inmueble/eb09-8f22-6231fb01-508648546c67-4393,laencontre
15602,0,186878,0,"Departamento en Jirón Los Amancaes 495-497, Urbanización Casuarinas Sur, Santiago De Surco, Lima, 15023, Per","Santiago de Surco, Lima",89.49,3,2,0,"✨ ¡Oportunidad Única en Santiago de Surco! ✨ ""Alto Casuarinas es un complejo multifamiliar de 03 torres escalonadas, 03...",https://www.laencontre.com.pe/inmueble/7bb0-bc82-3fa9ea07-6105bf49f6e1-46cd,laencontre
15603,0,355000,0,"Departamento en Santiago De Surco, Lima","Santiago de Surco, Lima",174,3,2,0,CONTACTO: SILVANA GAMARRACEL: 9*9*7*2*2*1*2*0*8 VENTA DEPARTAMENTO EXCLUSIVO EN CONDOMINIO GOLF LOS INCAS - SURCO (a cuadras...,https://www.laencontre.com.pe/inmueble/e868-a88e-19c397b-435b21926d1f-79e1,laencontre
15604,0,195000,0,"Departamento en Av. Alfredo Franco 297, Santiago De Surco, Perú","Santiago de Surco, Lima",128,1,2,0,"VENTA ESTRENO DUPLEX 128m2 y ubicado en la Av Alfredo Franco 297 Surco, Parque Alvariño, Alt 37 y 38 Av. Benavides. Muy ...",https://www.laencontre.com.pe/inmueble/72e3-8518-197e0ce-2b174587c784-7435,laencontre
15605,0,82479,0,"Departamento en San Miguel, Lima","San Miguel, Lima",38.24,1,1,0,"¡DEPARTAMENTO DE ESTRENO EN VENTA EN MARANGA, SAN MIGUEL! 1D + KITCHENNET 38,24 M2 Desde S/. 278,100 (Precio referencial...",https://www.laencontre.com.pe/inmueble/206f-9cfd-196eff0-4c44304931ef-7087,laencontre
15606,0,450000,0,"Departamento en Las Azucenas, Surco, Perú","Santiago de Surco, Lima",302,3,3,0,VENTA DE DÚPLEX ESTRENO 302 m2 EN SANTIAGO DE SURCO Ubicado : Las Azucenas xxx Urb. Valle Hermoso Residencial Santiago de...,https://www.laencontre.com.pe/inmueble/5af1-b0e5-19b34f7-38eb9680f693-71b9,laencontre
15607,0,478000,0,"Departamento en Av. Aurelio Miró Quesada, San Isidro, Perú","Country Club, San Isidro, Lima",200,3,2,0,"Vendo Hermoso Departamento 200 m2 Piso 12 en SAN ISIDRO Ubicado Av. Aurelio Miroquesada xxx San Isidro Muy bonito, remodelado...",https://www.laencontre.com.pe/inmueble/245b-8e5c-19affe7-f93b606b5177-7621,laencontre
15608,0,103804,0,"Departamento en Prolongación Javier Prado, Ate, Lima, 15012, Per","Mayorazgo, Ate, Lima",70,3,2,0,"¡SE VENDE DEPARTAMENTO EN PISO 17 – MAYORAZGO CHICO, ATE! Ubicado en Av. Javier Prado Este cuadra 81, en un edificio moderno...",https://www.laencontre.com.pe/inmueble/2270-a98c-19c4529-5abbd97822d3-7508,laencontre
15609,0,855000,0,"Departamento en Armendáriz, Lima","Armendáriz, Miraflores, Lima",218,4,3,0,"¡VIVE EN EL CORAZÓN DEL MALECÓN! VENDO DEPARTAMENTO DE LUJO EN EDIFICIO DESIGN – MALECÓN DE LA RESERVA, MIRAFLORES Donde...",https://www.laencontre.com.pe/inmueble/9207-b4c4-195cbc0-288a302e1fac-7c45,laencontre
15610,0,130000,0,"Departamento en Calle Isla Jamaica Mz.b9 - Lt.18, Chorrillos, Perú","Chorrillos, Lima",105,3,3,0,"Vive en una zona tranquila y residencial de Los Cedros de Villa – Chorrillos, frente a parque y rodeado de áreas verdes, ...",https://www.laencontre.com.pe/inmueble/7237-9bf0-19d0737-2ea204df20db-73bb,laencontre
15611,0,370000,0,"Departamento en Jirón Batallón Callao Norte 186-198, Urbanización Santa Teresa, Santiago De Surco, Lima, 15039, Per","Santiago de Surco, Lima",205,3,3,0,"VENTA: LINDO FLAT EN PRIMER PISO muy amplio, iluminado, finos acabados, buena ubicación CHACARILLA SURCO, zona tranquila...",https://www.laencontre.com.pe/inmueble/91a5-ae27-1975683-8625c81be902-7095,laencontre
15612,0,294854,0,"Departamento en Parque Enrique Martinelli Freundt, Avenida Ayacucho, Lima, Perú","Santiago de Surco, Lima",122,3,3,0,"Hermoso edificio de 8 pisos de entrega inmediata con vista al parque y lindas áreas comunes : zona de parrilla gym, coworking...",https://www.laencontre.com.pe/inmueble/74b8-b074-19cd5cc-f4a92b65d838-709d,laencontre
15613,0,210000,0,"Departamento en Magdalena Del Mar, Lima","Magdalena del Mar, Lima",129,3,3,0,"🏠 Venta de Departamento – 1er Piso en Edificio de 3 Pisos Ubicación: (Agrega distrito, calle o referencia exacta) Área ...",https://www.laencontre.com.pe/inmueble/6702-b97c-19a50a6-a59fb29c64a5-7154,laencontre
15614,0,115519,0,"Departamento en Santiago De Surco, Lima","Santiago de Surco, Lima",0,3,2,0,"¨¡Departamento de Estreno en Venta! Gran Ubicación y Acabados de Calidad! Si estás buscando un hogar moderno, cómodo y con...",https://www.laencontre.com.pe/inmueble/2ce8-b8f9-19c0b24-7eac0aeaa5bf-79cd,laencontre
15615,0,127530,0,"Departamento en Av. Elmer Faucett 571, San Miguel, Perú","Maranga, San Miguel, Lima",94,3,2,0,AGENDAR VISITAS FRANCO CORDIGLIA 9.4.0.0.2.4.1----. CLARA BUSTAMANTE 9.5.1.7.3.3.3----. Características principales: • ...,https://www.laencontre.com.pe/inmueble/28c7-8c9f-199cc90-ff54acd935a4-75f9,laencontre
15616,0,340000,0,"Departamento en Avenida Ricardo Palma 821, Lima, Perú","Miraflores, Lima",115.69,4,3,0,"Dúplex con Vista Interna: Armonía, Comodidad y Privacidad¿Buscas un espacio tranquilo y funcional para vivir? Este encantador...",https://www.laencontre.com.pe/inmueble/96b-a5e5-19c0b24-e12ec4a47bcd-7413,laencontre
15617,0,341070,0,"Departamento en Corpac, Lima","Corpac, San Isidro, Lima",152,3,2,0,excelente oportunidad en una de las zonas más exclusivas de San Isidro. Amplio y cómodo departamento ubicado en el segundo...,https://www.laencontre.com.pe/inmueble/1f3e-8f1f-19ce079-551e41c074e6-7622,laencontre
15618,0,189813,0,"Departamento en Santa Catalina, La Victoria, Perú","La Victoria, Lima",108,2,2,0,🌳 Dúplex frente a parque en ubicación estratégica 📍 A pasos de Av. Canadá y Av. Santa Catalina 🚗 A solo 5 cuadras de ...,https://www.laencontre.com.pe/inmueble/68df-943e-19c4e55-f8ece80ab911-74e0,laencontre
15619,0,235000,0,"Departamento en Santa Cruz, Lima","Santa Cruz, Miraflores, Lima",91,3,2,0,VENTA DE DÚPLEX 91 m² + COCHERA MIRAFLORES 235 MIL DOLARES Se vende moderno departamento dúplex con excelente distribución...,https://www.laencontre.com.pe/inmueble/feb9-b3b8-19cdb4a-56b34cae6e78-77c0,laencontre
15620,0,890000,0,"Departamento en Country Club, Lima","Country Club, San Isidro, Lima",306,3,3,0,"LINDO DEPARTAMENTO EN EDIFICIO DE SOLO 6 DEPARTAMENTOS VISTA Y SALIDA A PARQUE PECANAS Ascensor directo, recibo, baño de...",https://www.laencontre.com.pe/inmueble/bcf3-9616-19c43e9-6f610372b263-7796,laencontre
15621,0,99355,0,"Departamento en Calle Las Campanillas, Ate, Lima, 15022, Per","Salamanca De Monterrico, Ate, Lima",47,1,1,0,"Lindo Dpto, de Estreno con excelente ubicación frente a parque. Funcional, moderno y con una ubicación estratégica, este...",https://www.laencontre.com.pe/inmueble/a106-a131-1982fc0-439302f3c8a2-742d,laencontre
15622,0,134909,0,"Departamento en Santiago De Surco, Lima","Santiago de Surco, Lima",74.09,3,2,0,"¡VIVE EN UN DEPARTAMENTO DE ESTRENO! ✨ 📍 ¡Ubicación privilegiada! En Urb. Villa El Contador, a solo 1 cuadra de parque ...",https://www.laencontre.com.pe/inmueble/81e4-906c-19d0949-ea798f8181a0-7822,laencontre
15623,0,94000,0,"Departamento en Avenida Mar Pacífico Sur, San Bartolo, Perú","San Bartolo, Lima",102,3,2,0,"Descubre este acogedor departamento en el corazón de San Bartolo, Lima. Situado en el primer piso, cuenta con 3 dormitorios...",https://www.laencontre.com.pe/inmueble/fdc6-ad5f-19d2b87-368b55da07b-77e9,laencontre
15624,0,295000,0,"Departamento en San Borja, Lima","San Borja, Lima",153.92,2,3,0,"CONTACTO : OSCAR GAMARRA , CEL: 99454---- Departamento de 02 niveles, ascensor directo con llave, vista externa, buena iluminación...",https://www.laencontre.com.pe/inmueble/8a43-995b-19c48b8-d65b9214ac29-77f1,laencontre
15625,0,171591,0,"Departamento en Barranco, Lima","Barranco, Lima",85.7,2,2,0,"MOSAIC – Departamentos de autor en Barranco Diseño, confort y singularidad para una vida con carácter único. ...",https://www.laencontre.com.pe/inmueble/ce33-bff0-1982aef-4a0b3b441aa2-7388,laencontre
15626,0,418937,0,"Departamento en El Olivar, Lima","El Olivar, San Isidro, Lima",114.71,3,3,0,"Moderno departamento con 3 dormitorios en lindo edificio BOUTIQUE en San Isidro. Cuenta con sala comedor y 3 dormitorios,...",https://www.laencontre.com.pe/inmueble/905e-a6e3-18f2cd3-a010437a5daf-72a3,laencontre
15627,0,198000,0,"Departamento en Jr. Allamanda 375, Lima, Perú","Santiago de Surco, Lima",115,2,2,0,"🏡 Departamento en venta – Santiago de Surco, Lima Vive con estilo en este luminoso departamento de 115m² ubicado en una ...",https://www.laencontre.com.pe/inmueble/8933-c078-19c2b07-730dcddf34da-70f2,laencontre
15628,0,80000,0,"Departamento en Av. Bolivia, Breña, Lima, Perú","Chacra Colorada, Breña, Lima",47.13,2,2,0,"CITAS 9.*2.*4.*5.*5.*3.*2.*3.*9 ¡VIVE EN BREÑA DISTRITO ECONOMICO Y CENTRICO, VENDO FUNCIONAL Y MODERNO DEPARTAMENTO CON ...",https://www.laencontre.com.pe/inmueble/6773-84d3-199a780-6dc24d5b5057-7501,laencontre
15629,0,425000,0,"Departamento en Orrantia, Lima","Orrantia, San Isidro, Lima",243,3,2,0,"LINDO PH DUPLEX CON GRAN TERRAZA Y ESPECTACULAR VISTA Primer nivel: Sala/comedor amplia con mucha luz, cocina, hall de distribución...",https://www.laencontre.com.pe/inmueble/6ad2-97e0-fdf6f18a-cdaec40c193e-495b,laencontre
15630,0,1800000,0,"Departamento en Calle Capitán Renán Elías, San Isidro, Perú","Orrantia, San Isidro, Lima",779,3,3,0,"LINDO PH DUPLEX RODEADO DE TERRAZAS Y CON ASCENSOR QUE LLEGA A LOS DOS NIVELES. Primera planta: ascensor directo, recibo...",https://www.laencontre.com.pe/inmueble/55a6-9625-992febff-3f62cf275b1f-4a91,laencontre
15631,0,280000,0,"Departamento en Santiago De Surco, Lima","Santiago de Surco, Lima",110,1,1,0,"LINDO LOFT CON HERMOSA VISTA AL GOLF El dpto cuenta con rollers con blackout a control remoto, aire acondicionado, linea...",https://www.laencontre.com.pe/inmueble/327d-8d2d-19c7c71-ec85894732a3-7545,laencontre
15632,0,37072,0,"Departamento en Condominio Ciudad Verde - Paz Centenario - Depa + Club, Autopista Panamericana Norte, Puente Piedra, Perú","Puente Piedra, Lima",58,3,1,0,Departamento en venta – Ubicación estratégica en Puente Piedra Vive o invierte en una zona con alta conectividad. Departamento...,https://www.laencontre.com.pe/inmueble/da47-a743-19be241-c25819faccbb-7511,laencontre
15633,0,392082,0,"Departamento en Calle Chiclayo 333, Miraflores, Perú","Miraflores, Lima",184.48,3,3,0,‼ MIRAFLORES ‼ NO PAGAS ALCABALA PRIMER PISO DE ESTRENO VENTA DÚPLEX. ☀ ENTREGA INMEDIATA ☀ Ubicado en Calle Chiclayo...,https://www.laencontre.com.pe/inmueble/8fb6-ae51-197664a-c3064e565071-7c3a,laencontre
15634,0,179000,0,"Departamento en Avenida Bertolotto 270, San Miguel, Perú","San Miguel, Lima",100,3,2,0,"Venta de Departamento en San Miguel – Frente al Malecón 📍 Ubicado en edificio frente al malecón, en excelente zona de San...",https://www.laencontre.com.pe/inmueble/64d1-b749-19c59b8-711c7680612-719f,laencontre
15635,0,26000,0,"Departamento en Calle Los Andes 26, Asentamiento Humano San Antonio De Padua, Los Olivos, Lima, Per","Los Olivos, Lima",20.5,1,1,0,"🏢✨ SE VENDE MONOAMBIENTE DE 21 m² EN LOS OLIVOS 📍 Ubicado en Los Olivos, altura de la cuadra 5 de la Av. Angélica Gamarra...",https://www.laencontre.com.pe/inmueble/61ff-a0f1-9abd6e59-98b0aedaaacb-461c,laencontre
15636,0,93127,0,"Departamento en Calle General Francisco Vidal 300, Breña, Lima, 15083, Per","28 De Julio, Breña, Lima",71,3,2,0,"🏡✨ ¡OPORTUNIDAD ÚNICA! DEPARTAMENTO EN VENTA EN BREÑA ✨🏡 Ubicado en Breña, en Jr. José Vidal, en una zona estratégica...",https://www.laencontre.com.pe/inmueble/d083-9556-4c3f9d08-1ddd48e852e6-4f06,laencontre
15637,0,162616,0,"Departamento en Av. Arequipa 1400, Lima, Perú","Cercado de Lima, Lima",66.3,3,2,0,¡Vive con estilo en un moderno departamento tipo studio de estreno en Santa Beatriz! Disfruta de un espacio funcional con...,https://www.laencontre.com.pe/inmueble/c42a-a1ac-19c0b1b-6a692dd7f672-70cf,laencontre
15638,0,154882,0,"Departamento en Av. Costanera 900, San Miguel, Perú","San Miguel, Lima",62.5,1,2,0,"Descubre este moderno departamento tipo loft con una encantadora vista lateral al mar, ideal para quienes buscan confort ...",https://www.laencontre.com.pe/inmueble/f660-a7de-1998cf7-89be9dc3e350-77a1,laencontre
15639,0,187000,0,"Departamento en Ancon, Lima","Ancon, Lima",182,3,2,0,LINDO DUPLEX REMODELADO EN ANCON HERMOSO DUPLEX UBICADO FRENTE AL MAR Y CERCA AL CASINO NAUTICO Primer nivel: sala/comedor...,https://www.laencontre.com.pe/inmueble/ffcd-bac7-19cba3f-dcebac0c3ca2-7408,laencontre
15640,0,540000,0,"Departamento en Avenida Jorge Vanderghen, Miraflores, Perú","Santa Cruz, Miraflores, Lima",225,3,3,0,"LINDO Y ACOGEDOR DUPLEX EN VENTA Y ALQUILER Ubicado en una zona muy residencial cerca a cines, restaurantes, cafés, supermercados...",https://www.laencontre.com.pe/inmueble/ab73-9c0d-198bab6-e9e475b43752-7200,laencontre
15641,0,142063,0,"Departamento en Oyague, Lima","Oyague, Jesus Maria, Lima",66,3,2,0,"🏡 ¡Departamento de Estreno en Jesús María! ¡¡¡ NO PAGAS ALCABALA!!! ✨una de las zonas más céntricas , seguras y cotizadas...",https://www.laencontre.com.pe/inmueble/c3c2-c00c-1965a57-23b9d73cefb9-7a17,laencontre
15642,0,98000,0,"Departamento en Avenida José Leguía Y Meléndez, Pueblo Libre, Perú","Pueblo Libre, Lima",98,3,2,0,"¿Buscas comodidad, buena ubicación y excelente distribución? Este departamento de 98 m² en Av. Clement, frente a Plaza Vea...",https://www.laencontre.com.pe/inmueble/78f2-88a0-197cd3e-d3156c8ea1a-7f98,laencontre
15643,0,309900,0,"Departamento en Calle Alberto Lynch 100, San Isidro, Perú","El Olivar, San Isidro, Lima",128,1,2,0,"Se Vende Departameto en Primer Piso en San Isidro Departamento en venta – San Isidro, primer piso Área ocupada: 128.82 m²...",https://www.laencontre.com.pe/inmueble/5498-b291-1993c73-c3837673dabf-708c,laencontre
15644,0,298000,0,"Departamento en Santiago De Surco, Lima","Santiago de Surco, Lima",190,4,3,0,"Hermoso Dúplex con terrazas, seguridad, iluminación, amplitud y ubicación privilegiada en Valle Hermoso Altura cuadra 19 ...",https://www.laencontre.com.pe/inmueble/36a4-b714-1981ae0-c52f3d466242-72d6,laencontre
15645,0,308000,0,"Departamento en Santiago De Surco, Lima","Santiago de Surco, Lima",157,3,3,0,"VENTA Departamentos de estreno , de 3 dormitorios, 2 baños completos y un baño para visitas, en modelo flat. amplia cocina...",https://www.laencontre.com.pe/inmueble/47af-82b9-196bb11-ded3f6f82e92-7adf,laencontre
15646,0,110000,0,"Departamento en Av. Elmer Faucett 571, San Miguel, Perú","Maranga, San Miguel, Lima",94,3,2,0,Depa 94 m² - Remodelado 100% - Balcon Vista Exterior - San Miguel CONTACTO PARA VISITAS CLARA BUSTAMANTE 9.5.1.7.3.3.3---...,https://www.laencontre.com.pe/inmueble/9970-a7b4-19c1780-3ef4e2d6f280-71ac,laencontre
15647,0,535390,0,"Departamento en El Olivar, Lima","El Olivar, San Isidro, Lima",132.7,2,2,0, Espectacular proyecto donde la arquitectura y estilo se fusionan para ofrecerte una experiencia única con vista privilegiada...,https://www.laencontre.com.pe/inmueble/162b-8f89-199a2e1-394606aa105-7257,laencontre
15648,0,950000,0,"Departamento en Santa Cruz, Lima","Santa Cruz, Miraflores, Lima",328,3,3,0,"LINDO PH EN MIRASIDRO TOTALMENTE REMODELADO CON LINDA VISTA Y TERRAZA Ascendores directos, linda sala con chimenea, comedor...",https://www.laencontre.com.pe/inmueble/f242-a2a7-19bf8a7-700e52d5b8ed-7313,laencontre
15649,0,1150000,0,"Departamento en Country Club, Lima","Country Club, San Isidro, Lima",508,5,4,0,LINDO PH DUPLEX DE 5 DORMITORIOS CON GRAN TERRAZA Ubicado a 2 cuadras del Golf y del Hotel Country. Primer nivel: ingreso...,https://www.laencontre.com.pe/inmueble/3594-9c6b-19953f2-5dcb261d9445-7252,laencontre
15650,0,359000,0,"Departamento en Santiago De Surco, Lima","Santiago de Surco, Lima",300,3,4,0,"NO PAGA ALCABALA!!! Vendo dúplex con piscina de ESTRENO en calle Los Granados. Excelente ubicación: cerca de colegios, parques...",https://www.laencontre.com.pe/inmueble/b352-9b84-19bf3f5-3608bfdcb619-73c9,laencontre
15651,0,610000,0,"Departamento en Malecón Cisneros 1070, Miraflores, Perú","Santa Cruz, Miraflores, Lima",209.5,3,2,0,"Si te gusta vivir donde el mar es parte de tu día, ¡este fabuloso flat es para ti y tu familia!🌊 En Malecón Cisneros 1070...",https://www.laencontre.com.pe/inmueble/18ac-86f9-19ccbcf-d4e6b3be9b1-76c0,laencontre
15652,0,70000,0,"Departamento en Avenida Pedro Miotta 1000, San Juan De Miraflores, Perú","San Juan de Miraflores, Lima",70,3,1,0,CITAS WSP 9.*2.*4.*5.*5.*3.*2.*3.*9 VENDO SOLO DEPA 03 DORM 3ER PISO ESCALERAS NO COCHERA CERCA A PEDRO MIOTTA CERCA A MALL...,https://www.laencontre.com.pe/inmueble/6950-8a56-19b4883-fa07dcb3d9d8-7640,laencontre
15653,0,389000,0,"Departamento en Country Club, Lima","Country Club, San Isidro, Lima",137.18,3,2,0,"Ubicado en una de las calles residenciales mas lindas de la zona de parques privados de San Isidro, muy cerca a Miguel Dasso...",https://www.laencontre.com.pe/inmueble/47a9-b68d-19d2320-9d7eed886693-7422,laencontre
15654,0,800000,0,"Departamento en Chacarilla Del Estanque, Santiago De Surco, Perú","Santiago de Surco, Lima",541,3,4,0,¡Tu nuevo hogar te espera! Venta de hermoso Dúplex remodelado frente a parque en una de las zonas mas residenciales y seguras...,https://www.laencontre.com.pe/inmueble/934a-a2a1-193c82d-4bd26bfcef6c-7c45,laencontre
15655,0,350000,0,"Departamento en Calle José Gonzáles 600, Miraflores, Perú","Armendáriz, Miraflores, Lima",147,2,4,0,"HERMOSO TRIPLEX PENTHOUSE DE ESTRENO CON EXCELENTE UBICACIÓN IDEAL COMO INVERSIÓN, YA QUE SE PUEDE DIVIDIR Y HACER 2 DPTOS...",https://www.laencontre.com.pe/inmueble/ce8b-a3ce-19ac685-fb3f6d403f7-7452,laencontre
15656,0,400000,0,"Departamento en Calle José Gonzáles 600, Miraflores, Perú","Armendáriz, Miraflores, Lima",180,3,3,0,HERMOSO DUPLEX PENTHOUSE DE ESTRENO CON EXCELENTE UBICACIÓN Muy cerca del Malecón de la Reserva y de Larcomar ** La terraza...,https://www.laencontre.com.pe/inmueble/a694-b7a8-19ac66f-80265369f7c0-71d9,laencontre
15657,0,168358,0,"Departamento en Santiago De Surco, Lima","Santiago de Surco, Lima",99.35,2,3,0,"SE VENDE DUPLEX DE ESTRENO EN SURCO! 📍 Ubicado en Urb. Villa El Contador, en el piso 9 con vista externa, a solo 1 cuadra...",https://www.laencontre.com.pe/inmueble/c81e-ae1d-19d1c17-e0b288f3b600-7585,laencontre
15658,0,490000,0,"Departamento en El Olivar, Lima","El Olivar, San Isidro, Lima",300,3,4,0,🏌️‍♂️ VENTA — PRECIOSO Y AMPLIO DEPARTAMENTO FRENTE AL GOLF DE SAN ISIDRO 📍 Piso 3 📐 Área total: 300 m² 💵 Precio: US...,https://www.laencontre.com.pe/inmueble/597c-a149-19a8a88-110da5825685-70b2,laencontre
15659,0,319419,0,"Departamento en Av. Jacarandá, Surco, Perú","Santiago de Surco, Lima",171.62,3,3,0,"YVT022612 MODERNO DUPLEX DE ESTRENO EN ZONA RESIDENCIAL EN SURCO • Ubicación: Av. Jacaranda, Surco | Piso 6 | vista a la...",https://www.laencontre.com.pe/inmueble/8433-89ba-19c7517-dc4c7b31c82b-7671,laencontre
15660,0,324758,0,"Departamento en Av. Jacarandá, Surco, Perú","Santiago de Surco, Lima",177.62,3,3,0,"YVT022610 MODERNO DUPLEX DE ESTRENO EN ZONA RESIDENCIAL EN SURCO • Ubicación: Av. Jacaranda, Surco | Piso 6 | vista a ...",https://www.laencontre.com.pe/inmueble/2ad3-b0b9-19c74b3-27335729d018-7176,laencontre
15661,0,643160,0,"Departamento en Av. Del Parque Nte., San Isidro, Perú","Corpac, San Isidro, Lima",249.76,3,5,0,"TMT062501 UBICACIÓN TOP, DISEÑO MODERNO Y AMPLITUD REAL Exclusivo edificio de 8 pisos, de solo 14 departamentos, ubicado...",https://www.laencontre.com.pe/inmueble/e8f7-851c-1976184-8c3a343cb4b-7b31,laencontre
15662,0,300000,0,"Departamento en Calle José Gonzáles 600, Miraflores, Perú","Armendáriz, Miraflores, Lima",135,2,3,0,HERMOSO DUPLEX PENTHOUSE DE ESTRENO CON EXCELENTE UBICACIÓN Muy cerca del Malecón de la Reserva y de Larcomar ** La terraza...,https://www.laencontre.com.pe/inmueble/82ff-b981-19ac680-3bd3fb96aaf9-774f,laencontre
15663,0,137000,0,"Departamento en Country Club, Lima","Country Club, San Isidro, Lima",73,3,2,0,"El condominio ofrece un ubicacion privilegiada por ser una zona tranquila, segura, residencial y a la vez situada estrategicamente...",https://www.laencontre.com.pe/inmueble/5d7a-b9dc-19d233e-892bbefff41d-73bd,laencontre
15664,0,564000,0,"Departamento en Miraflores, Lima","Miraflores, Lima",240,3,3,0,EXCLUSIVO DEPARTAMENTO FRENTE AL MAR — MALECÓN CISNEROS / MALECÓN DE LA MARINA (ZONA SKATE PARK) Área total: 240 m² Precio...,https://www.laencontre.com.pe/inmueble/9e63-8f16-19acf40-55ba07e025b4-75d9,laencontre
15665,0,392000,0,"Departamento en Calle Juan José Calle, Miraflores, Perú","Miraflores, Lima",317,3,4,0,"VENDO DUPLEX $392,000 DE 317M2 EN JUAN JOSÉ CALLE - MIRAFLORES Ubicado cerca de a Wong de la Aurora • 8 dpto. x torre •...",https://www.laencontre.com.pe/inmueble/6d1f-b715-198cd98-97cfc1d0bb40-71ec,laencontre
15666,0,198000,0,"Departamento en Avenida El Sol Este 135, Barranco, Lima, 15063, Per","Barranco, Lima",73.29,2,2,0,"Departamento ubicado en piso 7 de un edificio en Av. El Sol Oeste Barranco, frente al estadio Gálvez Chipoco y a parque, ...",https://www.laencontre.com.pe/inmueble/13f2-ab8c-54f4a916-a2bd1c84da84-43e1,laencontre
15667,0,321792,0,"Departamento en Av. Jacarandá, Surco, Perú","Santiago de Surco, Lima",176.1,3,3,0,YVT022611 MODERNO DUPLEX DE ESTRENO EN ZONA RESIDENCIAL EN SURCO • Ubicación: Av. Jacaranda Surco | Piso 6 | vista interna...,https://www.laencontre.com.pe/inmueble/9494-8325-19c74db-92f09f3386d0-77e8,laencontre
15668,0,550000,0,"Departamento en Alfredo Salazar, San Isidro, Perú","Country Club, San Isidro, Lima",212,3,3,0,"Departamento Con LA MEJOR UBICACIÓN en San Isidro a pasos de Dasso, con Salida Directa a Parque Pecanas. Departamento con...",https://www.laencontre.com.pe/inmueble/f0ed-9945-199f634-e49b02d3d1a9-73e9,laencontre
15669,0,180000,0,"Departamento en Jiron Puerto Eten 110, Surco, Perú","Santiago de Surco, Lima",126.46,3,3,0,"Dúplex que incluye un espacio en azotea (aires, espacio libre para ampliar) Propiedad con 126.46 m2 (4 y 5to Piso) Azotea...",https://www.laencontre.com.pe/inmueble/7167-9f05-199bc0f-352f3bff4fab-736f,laencontre
15670,0,185936,0,"Departamento en Santiago De Surco, Lima","Santiago de Surco, Lima",64.86,2,2,0,"Departamento NUEVO en Surco – Construido en 2025Ref: Parque Los Agrónomos, Surco (cuadra 4 de Av. Caminos del Inca). Área...",https://www.laencontre.com.pe/inmueble/1c45-9e9e-19c2a0a-8f49f215b070-73dc,laencontre
15671,0,95000,0,"Departamento en Maranga, Lima","Maranga, San Miguel, Lima",75,3,2,0,"📍 Ubicación: Calle San Martín, por Plaza Vea La Paz – Cdra. 25 de Av. Costanera, San Miguel 📅 Disponible desde: 16/03/2026...",https://www.laencontre.com.pe/inmueble/201e-9ec1-19cda97-e346491e645d-7813,laencontre
15672,0,95000,0,"Departamento en San Bartolo, Lima","San Bartolo, Lima",80,2,2,0,Departamento de Estreno en San Bartolo – ¡Con balcón y vista a parque! ¡Vive cerca del mar con todas las comodidades! Este...,https://www.laencontre.com.pe/inmueble/6762-abdf-19c0b24-90237703f9db-7964,laencontre
15673,0,180000,0,"Departamento en Avenida Brasil 1032, Breña, Perú","28 De Julio, Breña, Lima",85,3,3,0,"✅ Ubicación estratégica: cerca de restaurantes, centros comerciales LA RAMBLA y con excelente conexión a avenidas principales...",https://www.laencontre.com.pe/inmueble/b1e5-b7ee-19cf499-4136e017365c-7459,laencontre
15674,0,169052,0,"Departamento en Av. Manuel Cipriano Dulanto 1681, Pueblo Libre, Perú","Pueblo Libre, Lima",97.65,3,2,0,"Vive con luz natural, vista despejada y una ubicación estratégica en este excelente departamento ubicado en la Av. Manuel...",https://www.laencontre.com.pe/inmueble/b240-9c3e-19bbfcc-d5a5a5cec06a-780f,laencontre
15675,0,275000,0,"Departamento en Miraflores, Lima","Miraflores, Lima",138,2,3,0,"Ubicado en una de las zonas más céntricas y residenciales de Miraflores, este amplio departamento ofrece comodidad, buena...",https://www.laencontre.com.pe/inmueble/2bc8-9bd0-19cd913-821a6a863fc0-7533,laencontre
15676,0,263000,0,"Departamento en Miraflores, Lima","Miraflores, Lima",0,4,3,0,"Excelente Oportunidad Penthouse Duplex 4 Dorm., Terraza, Cochera a92 m2 de area ocupada Esta es una excelente oportuinidad...",https://www.laencontre.com.pe/inmueble/e2bd-aa62-19ad849-ab84685bd561-7cf2,laencontre
15677,0,2600000,0,"Departamento en Country Club, Lima","Country Club, San Isidro, Lima",758,2,2,0,Espectacular departamento Ph duplex en edificio super moderno. El departamento es muy espacioso e iluminado. Techos altos...,https://www.laencontre.com.pe/inmueble/52b5-8542-9cef2143-4af699ee1497-5049,laencontre
15678,0,210000,0,"Departamento en Pedro De Candia 186, Lima, Perú","Santiago de Surco, Lima",142.23,4,4,0,"🏡✨ ¡Tu nuevo hogar te espera en Valle Hermoso – Surco! ✨🌳 ¿Buscas comodidad, estilo y una vista al parque? 🌿 ¡Este hermoso...",https://www.laencontre.com.pe/inmueble/26b7-9e94-1993cbb-ec4c30f293e1-7461,laencontre
15679,0,70000,0,"Departamento en Jirón Manuel Portocarrero, San Juan De Miraflores, Lima, 15824, Per","San Juan de Miraflores, Lima",60,2,2,0,"* VENTA DEPARTAMENTO + COCHERA * -- ÁREA 60 m2 -- -- PRECIO US$ 70,000 -- ** UBICACIÓN ** - Zona C - San Juan de Miraflores...",https://www.laencontre.com.pe/inmueble/cc2e-a81f-1928440-9ad52941c923-74eb,laencontre
15680,0,109142,0,"Departamento en Magdalena Del Mar, Perú","Magdalena del Mar, Lima",42,2,1,0,"Moderno proyecto ubicado en Magdalena del Mar, una de las zonas con mayor crecimiento y demanda, ideal tanto para vivienda...",https://www.laencontre.com.pe/inmueble/d6a3-b16c-19d50f0-da05914f37eb-71b5,laencontre
15681,0,215000,0,"Departamento en Santiago De Surco, Lima","Santiago de Surco, Lima",99,3,2,0,ULTIMA UNIDAD DISPONIBLE /  DEPARTAMENTO ENTREGA INMEDIATA EN SURCO – CHACARILLA!!! SANTA TERESA – SURCO Ubicado en Av....,https://www.laencontre.com.pe/inmueble/bf01-a7be-19b288b-113e3ba1d494-775a,laencontre
15682,0,316400,0,"Departamento en Santiago De Surco, Lima","Santiago de Surco, Lima",149,3,3,0,"DÚPLEX CON TERRAZA Y JARDÍN – 149 m² Vive la experiencia de un hogar que combina diseño, amplitud y privacidad en este exclusivo...",https://www.laencontre.com.pe/inmueble/535a-8f63-19c1fbd-166f1bd2c0a-75db,laencontre
15683,0,202269,0,"Departamento en Santiago De Surco, Lima","Santiago de Surco, Lima",86,3,2,0,🏡 DEPARTAMENTOS EN PRE VENTA EN URB.HIGUERETA – FLATS Y DÚPLEX CON EXCELENTES ACABADOS 🏡 📍 Ubicación estratégica en Santiago...,https://www.laencontre.com.pe/inmueble/b0e2-8f08-1958b1a-6904359d9cab-75d9,laencontre
15684,0,320000,0,"Departamento en Av. José Pardo 1520, Miraflores, Perú","Cercado de Lima, Lima",126.73,3,2,0,"🌊 Departamento con vista al mar – Miraflores 📍 Ubicación: Octavo piso, al final de la Av. Pardo, a solo pasos del malecón...",https://www.laencontre.com.pe/inmueble/1614-971b-ce9c61e9-7d9db17c121e-4ac5,laencontre
15685,0,239000,0,"Departamento en Batallón Callao, Surco, Perú","Santiago de Surco, Lima",116,3,3,0,"Excelente departamento frente a parque en zona Batallones, con una cochera, impecable, listo para mudarse. 3 dormitorios...",https://www.laencontre.com.pe/inmueble/c882-81b0-199112a-59fd074227bf-7744,laencontre
15686,0,427928,0,"Departamento en Calle Raymundo Morales De La Torre 170, San Isidro, Lima, 15073, Per","El Olivar, San Isidro, Lima",140.51,3,2,0,"Lindo departamento flat en venta, desde el ingreso, te recibe una linda sala comedor con salida a terraza de buen tamaño ...",https://www.laencontre.com.pe/inmueble/4d19-ac8a-1983105-8fccf0f25e05-74cf,laencontre
15687,0,1000000,0,"Departamento en El Boulevard, Surco, Perú","Santiago de Surco, Lima",1,4,4,0,"Área de Terreno: 1,101.53 m2 Departamento 601: 4 habitaciones, 4 baños, 6 estacionamientos, cocina, sala-comedor y azotea...",https://www.laencontre.com.pe/inmueble/65a6-b127-19549bb-909363b9e811-7f72,laencontre
15688,0,163120,0,"Departamento en Pueblo Libre, Perú","Pueblo Libre, Lima",78,3,2,0,"🏡Departamento entrega inmediata Residencial Lizzier , creciendo día a día para convertirse en el espacio donde comenzarás...",https://www.laencontre.com.pe/inmueble/87f1-8864-1958e0d-10c457dceac6-7090,laencontre
15689,0,129000,0,"Departamento en Avenida San Martín 223, Barranco, Lima, 15063, Per","Cercado de Lima, Lima",51,1,1,0,Descubre las ventajas de vivir en un loft minimalista y funcional en el distrito bohemio de Barranco. Ubicado a pocas cuadras...,https://www.laencontre.com.pe/inmueble/5643-afe9-19bcad7-8d659777b941-7932,laencontre
15690,0,125000,0,"Departamento en Avenida La Paz 1362-1388, San Miguel, Lima, 15087, Per","San Miguel, Lima",78.79,3,2,0,🏡 𝐒𝐀𝐍 𝐌𝐈𝐆𝐔𝐄𝐋 | 𝐀𝐯. 𝐋𝐚 𝐏𝐚𝐳 𝟏𝟑𝟔𝟒 Depa en 1er piso con TERRAZA ENORME + cochera + depósito 📌 Vista interior...,https://www.laencontre.com.pe/inmueble/791-b445-aba4ff0e-8cc3119bd60b-491a,laencontre
15691,0,113000,0,"Departamento en Avenida La Paz 812, San Miguel, Lima, 15087, Per","San Miguel, Lima",90,3,2,0,"DEPARTAMENTO 502 ⭐⭐ 𝐄𝐍𝐓𝐑𝐄𝐆𝐀 𝐃𝐄𝐋 𝐏𝐑𝐎𝐘𝐄𝐂𝐓𝐎: ABRIL 𝟐𝟎𝟐𝟔 ⭐⭐ 💵 S/. 379,000 (SOLES) Tu nuevo hogar...",https://www.laencontre.com.pe/inmueble/2b04-a4de-aaa6dc71-601b72a2c0ca-48d6,laencontre
15692,0,113000,0,"Departamento en Avenida La Paz 812, San Miguel, Lima, 15087, Per","San Miguel, Lima",85,3,2,0,"DEPARTAMENTO 402 ⭐⭐ 𝐄𝐍𝐓𝐑𝐄𝐆𝐀 𝐃𝐄𝐋 𝐏𝐑𝐎𝐘𝐄𝐂𝐓𝐎: ABRIL 𝟐𝟎𝟐𝟔⭐⭐ 💵 S/. 379,000 (SOLES) Tu nuevo hogar...",https://www.laencontre.com.pe/inmueble/59a9-85ab-88b713da-9c34f326c4d8-42ca,laencontre
15693,0,113000,0,"Departamento en Avenida La Paz 812, San Miguel, Lima, 15087, Per","San Miguel, Lima",85,3,2,0,"DEPARTAMENTO 202 ⭐⭐ 𝐄𝐍𝐓𝐑𝐄𝐆𝐀 𝐃𝐄𝐋 𝐏𝐑𝐎𝐘𝐄𝐂𝐓𝐎: ABRIL 𝟐𝟎𝟐𝟔⭐⭐ 💵 S/. 379,000 (SOLES) Tu nuevo hogar...",https://www.laencontre.com.pe/inmueble/8ac0-9508-57fe2557-b49be7e3dca1-4c7d,laencontre
15694,0,275000,0,"Departamento en Calle Las Moras 220, Miraflores, Perú","Miraflores, Lima",146.26,2,4,0,Departamento en Miraflores – La Aurora – Las Moras cuadra 2 – Frente a Parque Departamento en primer piso elevado Edificio...,https://www.laencontre.com.pe/inmueble/d853-a64c-19cfa8f-b46be096e61f-70f5,laencontre
15695,0,280000,0,"Departamento en Avenida Manuel Villarán, Miraflores, Perú","Miraflores, Lima",216,3,3,0,"✅ Ubicación estratégica: cerca de restaurantes, centros comerciales y con excelente conexión a las avenidas principales. ...",https://www.laencontre.com.pe/inmueble/9be0-94c1-19cf4b3-56f753563dec-7250,laencontre
15696,0,280000,0,"Departamento en Avenida Manuel Villarán, Miraflores, Perú","Miraflores, Lima",216,3,3,0,"✅ Ubicación estratégica: cerca de restaurantes, centros comerciales y con excelente conexión a las avenidas principales. ...",https://www.laencontre.com.pe/inmueble/9be0-94c1-19cf4b3-56f753563dec-7250,laencontre
15697,0,730000,0,"Departamento en Jirón Batallón Callao Norte, Santiago De Surco, Perú","Santiago de Surco, Lima",368,4,4,0,"¡No te pierdas la oportunidad de vivir en un fabuloso duplex, con piscina y área de parrilla! 🔹 1er NIVEL: 🛋️ Sala amplia...",https://www.laencontre.com.pe/inmueble/4fc3-b703-19c49ee-8248c097b7f-75b1,laencontre
15698,0,1212000,0,"Departamento en Orrantia, Lima","Orrantia, San Isidro, Lima",302,4,4,0,HERMOSO FLAT CON VISTA AL MAR DE 4 DORMITORIOS EN EDIFICIO DE ESTRENO Proyecto de los Arquitectos Uruguayos Carlos Ott y...,https://www.laencontre.com.pe/inmueble/8786-b52a-19ac388-8fab6e2aa110-71a2,laencontre
15699,0,290000,0,"Departamento en Calle Tacna 814, Miraflores, Perú","Miraflores, Lima",128,2,4,0,"Vendo lindo departamento, ubicado frente a parque. Edificado por la constructa VALICO que se encuentra en el mercado inmobiliario...",https://www.laencontre.com.pe/inmueble/f67-9c35-feae42ec-82435e70d8e6-4a7f,laencontre
15700,0,360000,0,"Departamento en Av. Villaran 280, Miraflores, Perú","Miraflores, Lima",172,3,2,0,VENDO DEPARTAMENTO EN MIRAFLORES – LA AURORA – AV. VILLARAN DEPARTAMENTO CON EXCELENTE UBICACIÓN EDIFICIO DE 4 PISOS CON...,https://www.laencontre.com.pe/inmueble/8bab-8d81-19712ed-c9b7b7609589-7b27,laencontre
15701,0,275000,0,"Departamento en Calle Coronel Inclán, Miraflores, Perú","Miraflores, Lima",138,2,3,0,"VENDO DEPARTAMENTO CON VISTA A LA CALLE – MIRAFLORES Ubicado en Calle Coronel Inclán – Miraflores, cerca a restaurantes,...",https://www.laencontre.com.pe/inmueble/c22d-a812-1920326-92d9d0360e1b-72af,laencontre
15702,0,161341,0,"Departamento en Jirón El Cortijo 396, Santiago De Surco, Perú","Santiago de Surco, Lima",97.66,2,2,0,Departamento ubicado en 2do piso. Sin ascensor. amplias escaleras. Sala-comedor espaciosa. Cocina con muebles altos y bajos...,https://www.laencontre.com.pe/inmueble/84bd-8265-6ae4a6c6-fd6fa94d438d-1fcc,laencontre
15703,0,430000,0,"Departamento en Avenida Cerros De Camacho 555, Surco, Perú","Santiago de Surco, Lima",250,3,3,0,"Excelente departamento moderno con mucha luz, lindas vistas y de muy buenos acabados. Muy buena distribución. En Cerros de...",https://www.laencontre.com.pe/inmueble/3715-ba87-199bc79-f4d6bcb789d3-75e0,laencontre
15704,0,103210,0,"Departamento en Av. Del Río 222, Pueblo Libre, Perú","Pueblo Libre, Lima",50,2,2,0,"🏢 PROYECTO SIE7EUNO – PUEBLO LIBRE 📍 Av. del Río 257 ✨ Departamento Tipo B1 – 50 m² Moderno, funcional y excelente distribución...",https://www.laencontre.com.pe/inmueble/40d4-b012-19bc482-514f5aa2c740-725e,laencontre
15705,0,152000,0,"Departamento en Armendáriz, Lima","Armendáriz, Miraflores, Lima",73,2,3,0,"¡VIVE MIRAFLORES A PASOS DEL MALECÓN! Si te gusta caminar frente al mar, salir a cafés, restaurantes y disfrutar lo mejor...",https://www.laencontre.com.pe/inmueble/1b40-9a0c-19cd3c5-dbde0950cd10-742b,laencontre
15706,0,275000,0,"Departamento en Miraflores, Lima","Miraflores, Lima",113,3,2,0,"Acogedor e implecable departamento en venta frente a parque en Miraflores, ideal para familias. Cuenta con amplia sala comedor...",https://www.laencontre.com.pe/inmueble/c81d-9c56-19bf8ad-68e04c17d310-70ae,laencontre
15707,0,104130,0,"Departamento en Maranga, Lima","Maranga, San Miguel, Lima",67,2,2,0,"Departamento cuidadosamente diseñado para brindar la comodidad que usted y su familia necesitan. Así, podrá disfrutar de ...",https://www.laencontre.com.pe/inmueble/39a-80c6-192b531-32a9467d63d9-75d9,laencontre
15708,0,75000,0,"Departamento en San Juan De Lurigancho, Lima","San Juan de Lurigancho, Lima",90,3,2,0,"Dpto. de estreno 6to piso, edificio de 6 pisos 1 dpto por piso sin ascensor, cuenta con un área de 90.00 m2 de área construida...",https://www.laencontre.com.pe/inmueble/6199-ab3a-19467d6-4a9aeea5ed0-77fd,laencontre
15709,0,94000,0,"Departamento en San Juan De Lurigancho, Lima","San Juan de Lurigancho, Lima",107,3,3,0,"Dpto. de estreno 4to piso, edificio de 6 pisos 1 dpto por piso sin ascensor, cuenta con un área de 107.00 m2 de área construida...",https://www.laencontre.com.pe/inmueble/ee9f-ab39-1946796-fa2115e09a8c-77fd,laencontre
15710,0,122000,0,"Departamento en Santiago De Surco, Lima","Santiago de Surco, Lima",95,2,2,0,"LINDO DEPARTAMENTO, TOTALMENTE RENOVADO RECIENTEMENTE UBICADO EN SEGUNDO PISO, EN EDIFICIO DE 4 PISOS AREA DE 95 M2 MUY BIEN...",https://www.laencontre.com.pe/inmueble/751b-96dd-1995dd2-cd6c1036fc97-7537,laencontre
15711,0,245000,0,"Departamento en Avenida La República, Surco, Perú","Santiago de Surco, Lima",118,6,3,0,"CERCA DE AVENIDAS PRINCIPALES Y COLEGIOS (MAGISTER Y MARKHAN) A.C : 118 m2 Sala, comedor, 01 terraza, baño de visitas...",https://www.laencontre.com.pe/inmueble/5b73-ad28-caaf23db-8a3514580444-41cc,laencontre
15712,0,139000,0,"Departamento en Parque Calle Las Golondrinas, Golondrinas, San Isidro, Lima, Perú","Corpac, San Isidro, Lima",90,2,2,0,"¡Ocasión! Vive o invierte en San Isidro a US$1,545 x m2 ¡el mejor precio del distrito y sin pagos de mantenimiento! Ubicación...",https://www.laencontre.com.pe/inmueble/7a2c-9580-19767dc-c6a59e53bcdc-7910,laencontre
15713,0,130000,0,"Departamento en Los Flamencos, San Bartolo, Perú","San Bartolo, Lima",95,3,2,0,"¡Vive a pasos del mar en San Bartolo! Se vende amplio departamento en 3er piso, ideal para vivir todo el año o disfrutarlo...",https://www.laencontre.com.pe/inmueble/15bd-a300-19b90cc-5c165b2ffcec-753b,laencontre
15714,0,174900,0,"Departamento en Calle Coronel Inclán 343, Miraflores, Perú","Miraflores, Lima",62.88,3,2,0,"Departamento ubicado en Calle Coronel Inclán 343, en una de las zonas más céntricas y solicitadas de Miraflores, a pocos ...",https://www.laencontre.com.pe/inmueble/e12-8319-19d30c3-68ec899a1ead-70a4,laencontre
15715,0,250000,0,"Departamento en Avenida Javier Prado Oeste 555, Lima, Perú","Orrantia, San Isidro, Lima",154,3,3,0,"Muy buen dpto. de amplios ambientes. Hall de ingreso, amplia sala comedor, muy iluminada. 3 dormitorios de muy buen tamaño...",https://www.laencontre.com.pe/inmueble/ffc9-b20f-19d7a25-8e39faa3557a-70de,laencontre
15716,0,170000,0,"Departamento en Calle Paseo De Los Condes, La Molina, Perú","La Molina, Lima",110,3,2,0,"Acogedor departamento en edificio familiar de 3 pisos con solo 6 departamentos, ubicado casi frente a parque en Las Lomas...",https://www.laencontre.com.pe/inmueble/df82-9a43-19790ab-1a2f8793b82-75e1,laencontre
15717,0,210000,0,"Departamento en Av. Juan De Aliaga, Magdalena Del Mar, Perú","Magdalena del Mar, Lima",100,3,2,0,"Se vende departamento ideal para inversionistas o para quienes no tengan inconveniente en percibir una renta mensual, puesto...",https://www.laencontre.com.pe/inmueble/d9e0-8afc-190e089-bdb50ffda587-7b2c,laencontre
15718,0,127590,0,"Departamento en Avenida Principal 411, Lima, Perú","Surquillo, Lima",61,2,1,0,"🔑 ¡ENTREGA INMEDIATA! – EDIFICIO “MATE” 📍 Av. Principal 497, La Calera – Surquillo 👉 Junto a la Huaca La Merced 🏦 Financiado...",https://www.laencontre.com.pe/inmueble/c9c8-8a78-19b9fe4-425dba8cb2c4-76b5,laencontre
15719,0,240000,0,"Departamento en Santiago De Surco, Lima","Santiago de Surco, Lima",140,2,3,0,¡Tu Nuevo Hogar Te Espera! Departamento en Venta en Santiago de surco Te presentamos este espectacular departamento de ...,https://www.laencontre.com.pe/inmueble/3180-8d96-194620f-4288d0f20fd-71a3,laencontre
15720,0,349000,0,"Departamento en Calle Batallón Ayacucho 275, Urbanización Santa Teresa, Santiago De Surco, Lima, 15039, Per","Santiago de Surco, Lima",181,3,2,0,"💫Te presento una propiedad única diseñada para una familia que busca espacio, independencia y confort en uno de los sectores...",https://www.laencontre.com.pe/inmueble/4119-a5be-aa5b19c6-77373487b032-48f3,laencontre
15721,0,124000,0,"Departamento en Maranga, Lima","Maranga, San Miguel, Lima",59,2,2,0,"Descubra este hermoso departamento de estreno en venta, ubicado en la mejor zona de San Miguel. Con una ubicación privilegiada...",https://www.laencontre.com.pe/inmueble/2e01-a124-19c4aa8-731d7845a743-76c4,laencontre
15722,0,128000,0,"Departamento en Contisuyo 260, San Miguel, Perú","Maranga, San Miguel, Lima",60,2,2,0,"🏡 Departamento de Estreno en San Miguel – 60 m², moderno y bien ubicado ✨ Vive en un lugar cómodo, funcional y moderno,...",https://www.laencontre.com.pe/inmueble/ad93-bdca-19bc40d-639ed0ebe0ac-74b3,laencontre
15723,0,230000,0,"Departamento en Santiago De Surco, Lima","Santiago de Surco, Lima",205,3,4,0,Área construida: 205 m2. 3° 4° Y 5° piso con ascensor. Con cochera. DISTRIBUCIÓN: 1er Nivel: Área: 68 m2 Sala Comedor Baño...,https://www.laencontre.com.pe/inmueble/130b-a300-19a759b-df46ea5479d7-73d9,laencontre
15724,0,285000,0,"Departamento en Avenida General Mendiburu 155, Miraflores, Perú","Santa Cruz, Miraflores, Lima",145,3,3,0,"Se vende bonito dpto. muy bien ubicado en la cuadra 1 de Mendiburu casi esquina con la Av. Santa Cruz, Miraflores. Ascensor...",https://www.laencontre.com.pe/inmueble/7c3d-929c-19d2cd8-deb381527c00-71c1,laencontre
15725,0,480000,0,"Departamento en Avenida Cerros De Camacho, Santiago De Surco, Lima, Perú","Santiago de Surco, Lima",262,3,3,0,"BELLO DEPARTAMENTO EN 5TO PISO EN EDIFICIO GOLF IMPERIO, CERROS DE CAMACHO - SURCO AO: 262M2, CON LINDA VISTA AL GOLF Y AMPLIOS...",https://www.laencontre.com.pe/inmueble/da24-aec8-19d2c84-d62b6d931a80-7420,laencontre
15726,0,559000,0,"Departamento en Montelimar, Surco, Perú","Santiago de Surco, Lima",248,3,3,0,"Vive con el confort y la seguridad que mereces en este hermoso departamento tipo casa, ubicado en una zona cerrada y exclusiva...",https://www.laencontre.com.pe/inmueble/e894-b0fa-19abd95-363f839c9ce7-73d3,laencontre
15727,0,75000,0,"Departamento en Avenida Mar Pacífico Sur, San Bartolo, Perú","San Bartolo, Lima",0,1,2,0,Departamento de Playa con vista al mar en playa sur San Bartolo Disfruta de este hermoso de departamento de playa con piscina...,https://www.laencontre.com.pe/inmueble/19f1-b5e0-19d0e59-fcabdba9bca0-73d0,laencontre
15728,0,248358,0,"Departamento en 26 108807 Jr Tomasal Surco, Jirón Tomasal, Surco, Perú","Santiago de Surco, Lima",106,3,3,0,"JHC112501 🏙️ ¡Últimos 4 departamentos disponibles! Venta de departamentos en Jr. Tomasal, Surco 📍 Ubicación estratégica...",https://www.laencontre.com.pe/inmueble/c65-9e54-19a84ba-3200a9d418bf-7211,laencontre
15729,0,125929,0,"Departamento en Maranga, Lima","Maranga, San Miguel, Lima",55,2,2,0,"Este espectacular departamento en venta ubicado en San Miguel, es la oportunidad ideal para aquellos que buscan un hogar ...",https://www.laencontre.com.pe/inmueble/2bfb-b820-1998760-2c4c67bbd03-7813,laencontre
15730,0,172907,0,"Departamento en San Miguel, Lima","San Miguel, Lima",0,3,2,0,Departamento en Venta – 3 Dormitorios con Balcón | San Miguel Este moderno departamento de 78.90 m² ofrece una distribución...,https://www.laencontre.com.pe/inmueble/6927-aa01-19c209a-cadad5c56d5-7525,laencontre
15731,0,230000,0,"Departamento en Av. Jacarandá, Surco, Perú","Santiago de Surco, Lima",133,4,4,0,"VENDO HERMOSO DEPARTAMENTO EN SURCO AV. JACARANDA HERMOSO DEPARTAMENTO EN SURCO DE 133M2, UBICADO EN AVENIDA JACARANDA, ...",https://www.laencontre.com.pe/inmueble/2d77-a22b-190d422-5e3314ddfe4a-7a1a,laencontre
15732,0,225106,0,"Departamento en Santiago De Surco, Perú","Santiago de Surco, Lima",108,3,2,0,¡COMIENZA UNA NUEVA ETAPA EN EL HOGAR PERFECTO! Inmobiliaria De La Fuente te presenta su nuevo proyecto residencial con...,https://www.laencontre.com.pe/inmueble/92b7-b94e-199b229-f399f85ffd3d-77b5,laencontre
15733,0,620000,0,"Departamento en Los Delfines, Santa María Del Mar, Perú","Santa Maria del Mar, Lima",196,4,3,0,LINDO DEPARTAMENTO CON GRAN TERRAZA Y VISTA AL MAR Sala/comedor de buen tamaño con salida a gran terraza con hermosa vista...,https://www.laencontre.com.pe/inmueble/e5c8-a1ab-e75dafd7-f5dcd67b6acf-47e9,laencontre
15734,0,495000,0,"Departamento en Santa Cruz, Lima","Santa Cruz, Miraflores, Lima",220,3,2,0,"MUY ACOGEDOR PH DUPLEX EN EDIFICIO CON SALIDA A PARQUE NACIONES UNIDAS. Piso 7, vista a la calle, excelente ubicación en...",https://www.laencontre.com.pe/inmueble/3028-808d-794850da-607566149291-4486,laencontre
15735,0,270000,0,"Departamento en Avenida José Pardo 1201, Miraflores, Perú","Santa Cruz, Miraflores, Lima",95,2,2,0,"Flat en venta, actualmente alquilado, ideal para inversionistas! El departamento está recién remodelado, tiene vista lateral...",https://www.laencontre.com.pe/inmueble/5348-b02f-1f04a199-2f8d5e6e0130-4982,laencontre
15736,0,375000,0,"Departamento en Calle Las Flores 410, San Isidro, Perú","Country Club, San Isidro, Lima",146.61,3,2,0,"🏙️ ¡Exclusivo Departamento en Venta con Inquilino Corporativo – Calle Las Flores 410, Piso 5, San Isidro! 🌿 Este moderno...",https://www.laencontre.com.pe/inmueble/e79-8638-199cbaf-da5f56ec61eb-73b8,laencontre
15737,0,229323,0,"Departamento en Calle Cantuarias 300, Miraflores, Perú","Miraflores, Lima",79.59,2,2,0,"Espacios a tu medida con excelentes acabados Tipo 1 93.28m2 2dormitorios, 2 baños, 1 incorporado, Sala comedor, Kitchenette...",https://www.laencontre.com.pe/inmueble/eff1-8adf-19c816c-66a4c28a7a5c-76e5,laencontre
15738,0,449000,0,"Departamento en Avenida Circunvalacion Del Golf, Surco, Perú","Santiago de Surco, Lima",228,3,5,0,En Venta esta opción de un departamento ideal! 3 dormitorios 4.5 baños Estudio Sala de estar Sala comedor Terraza amplia...,https://www.laencontre.com.pe/inmueble/f450-aa32-1952b49-dfd5ca85fa8e-7349,laencontre
15739,0,53000,0,"Departamento en Jirón Manuel Portocarrero, San Juan De Miraflores, Lima, 15824, Per","San Juan de Miraflores, Lima",70,2,2,0,"* VENTA DEPARTAMENTO DE ESTRENO * -- ÁREA 70 m2 -- -- PRECIO OCASIÓN US$ 53,000 -- ** UBICACIÓN ** - Zona C - San Juan de...",https://www.laencontre.com.pe/inmueble/43d9-a043-1971f91-78ae145c4cdf-780e,laencontre
15740,0,64000,0,"Departamento en Jirón Manuel Portocarrero, San Juan De Miraflores, Lima, 15824, Per","San Juan de Miraflores, Lima",70,3,2,0,"* VENTA DEPARTAMENTOS DE ESTRENO * -- ÁREA 70 m2 -- -- PRECIO US$ 64,000 -- ** UBICACIÓN ** - Zona C - San Juan de Miraflores...",https://www.laencontre.com.pe/inmueble/3dca-84e8-1971f91-64d936e2529a-7a48,laencontre
15741,0,253044,0,"Departamento en 26 108807 Jr Tomasal Surco, Jirón Tomasal, Surco, Perú","Santiago de Surco, Lima",108,3,3,0,"JHC112503 ¡Últimos 4 departamentos disponibles! Venta de departamentos en Jr. Tomasal, Surco 📍 Ubicación estratégica y ...",https://www.laencontre.com.pe/inmueble/5daf-a714-19a850e-882978606a01-7774,laencontre
15742,0,110000,0,"Departamento en Urb Los Cedros De Villa, Chorrillos, Perú","Chorrillos, Lima",120,4,3,0,"CITAS 9.*2.*4.*5.*5.*3.*2.*3.*9 VENDO DEPA TIPO CASITA EN CEDROS CHORRILLOS UBICACIÓN: URB. CEDROS DE VILLA, CHORRILLOS. ...",https://www.laencontre.com.pe/inmueble/80ff-baa8-19d8924-2a680050ec20-724d,laencontre
15743,0,350000,0,"Departamento en Avenida Del Parque Norte 690, San Isidro, Perú","Corpac, San Isidro, Lima",180,3,3,0,"Lindo y acogedor departamento en Av. del Parque Norte, frente a parque. Ascensor directo. AT: 180 mts. 1er. Nivel Sala comedor...",https://www.laencontre.com.pe/inmueble/ba02-a956-f0de07b6-63e1ace74415-1274,laencontre
15744,0,140000,0,"Departamento en Santiago De Surco, Lima","Santiago de Surco, Lima",90,3,2,0,¡Vive donde el mar te saluda cada mañana! En Surco Viejo! A solo 5 min de la Vía Expresa Paseo de la República 2 y la Plaza...,https://www.laencontre.com.pe/inmueble/8f3b-bcd7-19b958c-f471737332f2-7a5a,laencontre
15745,0,115000,0,"Departamento en Maranga, Lima","Maranga, San Miguel, Lima",76,3,2,0,Vive la verdadera exclusividad en San Miguel.Buscas un hogar que crezca contigo y asegure tu inversión. Nuestro edificio ...,https://www.laencontre.com.pe/inmueble/971f-8daa-19c0b24-2a1c4eb4854f-74ec,laencontre
15746,0,39000,0,"Departamento en 10 Grupo 1, Villa El Salvador, Lima, Per","Villa El Salvador, Lima",54,2,1,0,"* VENTA DEPARTAMENTOS SEMINUEVOS * -- ÁREA 54 m2 -- -- PRECIO US$ 39,000 -- ** UBICACIÓN ** - Av. Prolongación Mariano Pastor...",https://www.laencontre.com.pe/inmueble/99c6-833d-199560c-69987bc3bebe-726e,laencontre
15747,0,194261,0,"Departamento en Santiago De Surco, Lima","Santiago de Surco, Lima",102,3,2,0,"CONTACTO: DAYANIS BAUTISTA CEL: 9*5*8*1*2*6*2*2*5 Tu nuevo hogar en Las Doñas, SurcoDisfruta la experiencia de vivir en ...",https://www.laencontre.com.pe/inmueble/97d5-ab88-19b51be-7aabd5ebea31-78cb,laencontre
15748,0,217000,0,"Departamento en Av. Velasco Astete, Santiago De Surco, Perú","Santiago de Surco, Lima",91,3,2,0,"SFV102407 ¡ENTREGA INMEDIATA! DEPARTAMENTO 602 EN AV. VELASCO ASTETE • Precio: 217,000$ • Área total: 91m2 • Sala- comedor...",https://www.laencontre.com.pe/inmueble/df26-ab86-192b058-ee644bd484b1-73c1,laencontre
15749,0,180000,0,"Departamento en Av. Caminos Del Inca 2200, Surco, Perú","Santiago de Surco, Lima",100,2,2,0,CITAS 9.*2.*4.*5.*5.*3.*2.*3.*9 OCASIÓN DPTO 02 DORM + 01 COCHERA + 01 DEP CERCA A CHACARILLA SURCO UBICACIÓN: CERCA A AV...,https://www.laencontre.com.pe/inmueble/596b-83ed-19d88ab-5a1cfbe00f14-766e,laencontre
15750,0,70000,0,"Departamento en Pedrera 253, Lima, Perú","Rimac, Lima",88,2,2,0,"Vive en una zona tranquila y segura, rodeada de áreas verdes y con excelente conectividad. Este acogedor departamento de ...",https://www.laencontre.com.pe/inmueble/578d-88b9-19ba6c3-7c02b194f7e5-7711,laencontre
15751,0,103000,0,"Departamento en Jr. Francisco Bolognesi 837, San Miguel, Perú","San Miguel, Lima",104,3,2,0,Excelente oportunidad en el corazón de San Miguel! Este hermoso y amplio departamento de 103m² se encuentra en el tercer ...,https://www.laencontre.com.pe/inmueble/2510-895d-19ba6b8-d6234fba9dce-750e,laencontre
15752,0,1800000,0,"Departamento en Orrantia, Lima","Orrantia, San Isidro, Lima",779,4,4,0,"LINDO PH DUPLEX RODEADO DE TERRAZAS Ubicado en una linda calle con parques, mucha luz y excelentes acabados...",https://www.laencontre.com.pe/inmueble/8a9f-9fbe-19953f4-ce54cbffc85d-71c9,laencontre
15753,0,126000,0,"Departamento en Surquillo, Lima","Surquillo, Lima",61,3,2,0,"📍 Ubicación: Av. Principal, cdra. 7 – Surquillo 💰 Precio: US$ 126,000 (incluye cochera) 🔒 Separación: US$ 2,000 📐 Características...",https://www.laencontre.com.pe/inmueble/a641-93b1-19d0267-5561918b59e0-7140,laencontre
15754,0,154000,0,"Departamento en San Luis, Lima","San Luis, Lima",109,3,3,0,"📍 Ubicación: Calle Las Violetas, Urb. Villa Jardín – San Luis 🏞 Frente al Parque Jaime Quevedo Cavada Se vende amplio ...",https://www.laencontre.com.pe/inmueble/c489-b14a-19cc5ce-d6e48f2400b2-70f3,laencontre
15755,0,315000,0,"Departamento en Calle Julio Becerra, Miraflores, Perú","Santa Cruz, Miraflores, Lima",137,3,2,0,Vivir en Miraflores con espacio real y luz natural todo el día sí es posible. Este departamento en Julio Becerra destaca...,https://www.laencontre.com.pe/inmueble/aef9-a550-19c6794-361f15cb286b-7444,laencontre
15756,0,270000,0,"Departamento en Jirón Batallón Tarma 656, Urbanización Valle Hermoso Oeste, Santiago De Surco, Lima, 15039, Per","Santiago de Surco, Lima",138,3,2,0,Adquiere este Exclusivo Dúplex con hermosa vista de 154 mt2 en 1er y 2do piso + Estacionamiento doble lineal y depósito en...,https://www.laencontre.com.pe/inmueble/b8aa-a6f2-6c6edf50-c7afe64bcd4-4174,laencontre
15757,0,230000,0,"Departamento en Calle Tambo Real 320, Urbanización Los Huertos De San Antonio, Santiago De Surco, Lima, 15023, Per","Santiago de Surco, Lima",140,4,4,0,"Vive con comodidad, espacio y una ubicación privilegiada en este excelente departamento flat de gran tamaño, ubicado en una...",https://www.laencontre.com.pe/inmueble/302d-afe0-27d20d1b-f4591fdf9da0-4fc0,laencontre
15758,0,419000,0,"Departamento en Calle Los Laureles 431, San Isidro, Lima, 15073, Per","Country Club, San Isidro, Lima",220,3,2,0,"Espectacular Departamento en venta de 220 m2, en super zona de San Isidro, cerca al Golf. Edificio de sólo 4 pisos , 1 departamento...",https://www.laencontre.com.pe/inmueble/7317-a023-199a8f5-c523f9bc6759-7de7,laencontre
15759,0,449000,0,"Departamento en Morro Solar, Jirón Morro Solar, Surco, Perú","Santiago de Surco, Lima",388,5,4,0,RAD012601 Lindo y amplio duplex en Morro Solar - Surco 📍Jr. Morro Solar #3... dpto. 901 Valle Hermoso Oeste - Surco...,https://www.laencontre.com.pe/inmueble/f98b-aab9-19bdca2-e98659645085-7370,laencontre
15760,0,197793,0,"Departamento en Santiago De Surco, Lima","Santiago de Surco, Lima",158,2,2,0,✨ Flat en primer piso con minidepartamento independiente – Excelente oportunidad de inversión ✨ Ubicado en la cuadra 6 de...,https://www.laencontre.com.pe/inmueble/943d-8e39-19d737c-132b71c9c858-7114,laencontre
15761,0,265000,0,"Departamento en Pueblo Libre, Lima","Pueblo Libre, Lima",116.5,3,2,0,DEPARTAMENTOS DE ESTRENO EN PUEBLO LIBRE ¡¡¡ NO PAGA ALCABALA!!! Ubicación privilegiada | A un paso del Parque Las Américas...,https://www.laencontre.com.pe/inmueble/ce0b-a62e-19bf689-b7c0c9dd7ed-7c3f,laencontre
15762,0,350000,0,"Departamento en Jirón Los Morochucos 97-205, Urbanización Santa Constanza, Santiago De Surco, Lima, 15023, Per","Santiago de Surco, Lima",168,3,5,0,"¡Oportunidad única! Dúplex en 1er piso con piscina privada y terraza, ideal para disfrutar comodidad y exclusividad. para...",https://www.laencontre.com.pe/inmueble/63c9-af6d-19d2bd3-4f94bcdf296d-776c,laencontre
15763,0,760000,0,"Departamento en Malecón De La Marina, Miraflores, Perú","Santa Cruz, Miraflores, Lima",301,4,2,0,"En el piso 13 y 14, tiene ingreso directo ( al piso 13) a la sala que tiene vista al mar y es amplia, pueden incluso entrar...",https://www.laencontre.com.pe/inmueble/b2b2-b5dd-190bcbe-84e8fa0e9b14-7093,laencontre
15764,0,245000,0,"Departamento en Calle Pascal 241-277, Surquillo, Lima, 15038, Per","Surquillo, Lima",160,4,5,0,"VENTA DE DÚPLEX – LA CALERA, SURQUILLO 160 m² | Cochera | Terraza | $245,000 Si buscas amplitud, buena distribución y excelente...",https://www.laencontre.com.pe/inmueble/9dd6-9c79-19c9c37-760ee9de8c7-7699,laencontre
15765,0,203000,0,"Departamento en Santa Cruz, Lima","Santa Cruz, Miraflores, Lima",100,3,3,0,"El departamento se encuentra ubicado en un edificio moderno , a solo 2 cuadras del Malecón de la Marina y con rápido ...",https://www.laencontre.com.pe/inmueble/cbbf-af84-199db18-74b5387e8093-76d9,laencontre
15766,0,319000,0,"Departamento en Orrantia, Lima","Orrantia, San Isidro, Lima",139,3,4,0,"Venta de Moderno dpto en San Isidro . Ref : Calle Los Robles. Departamento en exclusivo edificio de San Isidro , rodeado...",https://www.laencontre.com.pe/inmueble/4406-bbe9-197cee1-a9b17f9d1ff4-7701,laencontre
15767,0,569000,0,"Departamento en Avenida Comandante Bielovucic Cavalier, Urbanización Chacarilla Del Estanque, San Borja, Lima, 15037, Per","San Borja, Lima",324,4,5,0,SFV022503 Lujoso departamento con preciosa área social en Chacarilla 🏡💫   📍 Av. Bielovucic Cavalier 1XX. Chacarilla...,https://www.laencontre.com.pe/inmueble/d217-a246-1950222-39eb94c7bd1b-76f2,laencontre
15768,0,250000,0,"Departamento en Calle Tarata, Miraflores, Perú","Miraflores, Lima",126,2,1,0,"ABL072501 Vive en el Corazón 💙 de Miraflores donde encontrarás todo está a solo 1 paso de distancia. 📍Calle Tarata,...",https://www.laencontre.com.pe/inmueble/2ee6-832c-197fb23-ca199d418550-7559,laencontre
15769,0,231000,0,"Departamento en Country Club, Lima","Country Club, San Isidro, Lima",91.14,1,2,0,"Área de 91.14 m²  Tipo: 04 Piso: 6 con Vista interna Ubicado en la tranquila Calle Clemente X, este edificio boutique de...",https://www.laencontre.com.pe/inmueble/3d8-bd8c-19d318d-a05f50109f47-7f21,laencontre
15770,0,158078,0,"Departamento en Jirón El Cortijo 100, Lima, Perú","Santiago de Surco, Lima",58,2,2,0,PROYECTO PRECIOS DE PRE VENTA El Cortijo está diseñado para empezar una nueva historia en familia o para quiénes buscan un...,https://www.laencontre.com.pe/inmueble/c49c-9272-19bca1a-f7ab31f5fc8d-72b3,laencontre
15771,0,69548,0,"Departamento en San Juan De Lurigancho, Lima","San Juan de Lurigancho, Lima",62,2,2,0,"Dpto en 4to piso vista calle, edificio de 4 pisos, 2 dptos por piso sin ascensor. Cuenta con un área de 62 m2 con intercomunicador...",https://www.laencontre.com.pe/inmueble/a95c-afdb-19ca6f8-ff23d617b6b3-7415,laencontre
15772,0,375000,0,"Departamento en Miraflores, Lima","Miraflores, Lima",172,3,4,0,"VENDO EXCELENTE DEPARTAMENTO CON ASCENSOR DIRECTO, UN DPTO. POR PISO, UBICADO EN ESQUINA CON VISTA EXTERNA, TIENE DOS FRENTES...",https://www.laencontre.com.pe/inmueble/bc3f-a761-19cd561-435e967fd95d-757a,laencontre
15773,0,800000,0,"Departamento en Miraflores, Lima","Miraflores, Lima",395,4,4,0,"LINDO PH DUPLEXCON VISTA A LA HUACA PUCLLANA Primer nivel: ascensor directo, sala-comedor amplios con linda vista, baño ...",https://www.laencontre.com.pe/inmueble/6cb2-a7e6-cb801bfc-72eeb1f9dd86-465e,laencontre
15774,0,258333,0,"Departamento en Surco, Jr Cosmos, Santiago De Surco, Perú","Santiago de Surco, Lima",99,3,2,0,"Departamento en piso 6, ubicado en un moderno edificio de dos torres. Cuenta con 3 dormitorios, 2 baños completos, baño de...",https://www.laencontre.com.pe/inmueble/9ec0-91ec-199c0d2-a9d735a72c92-7643,laencontre
15775,0,91000,0,"Departamento en Magdalena Del Mar, Lima","Magdalena del Mar, Lima",56,3,2,0,𝐌𝐀𝐆𝐃𝐀𝐋𝐄𝐍𝐀 𝐃𝐄 𝐎𝐂𝐀𝐒𝐈𝐎́𝐍 ‼️ 🎯𝐕𝐄𝐍𝐃𝐎 𝐃𝐄𝐏𝐀𝐑𝐓𝐀𝐌𝐄𝐍𝐓𝐎 𝐂𝐎𝐍 𝐂𝐎𝐂𝐇𝐄𝐑A 𝐕𝐄𝐍𝐓𝐀: 𝐔𝐒$ ...,https://www.laencontre.com.pe/inmueble/9f23-94e2-19c112f-99943550ba9f-738e,laencontre
15776,0,590000,0,"Departamento en Avenida Cerros De Camacho, Santiago De Surco, Perú","Santiago de Surco, Lima",418,3,3,0,"sala, comedor, terraza, baño de visitas, hall de distribucion, dormitorio principal con salida a terraza, walking closet ...",https://www.laencontre.com.pe/inmueble/a01b-b107-199e039-ab720bc4e85d-7538,laencontre
15777,0,320000,0,"Departamento en Calle Tomasal 355, Urbanización Los Huertos De Casuarinas, Santiago De Surco, Lima, 15023, Per","Santiago de Surco, Lima",220,4,3,0,"Hermoso y amplio dúplex de 220 m², ubicado en 3.er y 4.º piso, con excelente iluminación natural y vista a la calle. Cuenta...",https://www.laencontre.com.pe/inmueble/7aee-a273-19cdbc8-ce57bc053db4-75c7,laencontre
15778,0,830000,0,"Departamento en Country Club, Lima","Country Club, San Isidro, Lima",267.28,3,3,0,"Enacatador Penthouse o duplex  en San Isidro en Urb. el Country Club. El deparatmento se encuenta en piso 15 y 16 , vista...",https://www.laencontre.com.pe/inmueble/846c-9c84-19bce32-c6f40429cb25-7779,laencontre
15779,0,265000,0,"Departamento en Calle Las Acacias, Miraflores, Perú","Armendáriz, Miraflores, Lima",70.3,2,2,0,INFORMACIÓN: 932-11---- Exclusivo Departamento a Pasos del Malecón – Vive lo Mejor de Miraflores Descubre la oportunidad ...,https://www.laencontre.com.pe/inmueble/5ae8-8f4b-19d8ae7-8a017512e56f-71ee,laencontre
15780,0,288000,0,"Departamento en Jr. Los Cipreses 102, La Molina, Perú","La Molina, Lima",180,3,2,0,"¡Vive en Grande! Tríplex en Venta en El Remanso, La Molina Ubicación Premium: Este exclusivo tríplex en Calle Los Cipreses...",https://www.laencontre.com.pe/inmueble/9dba-be44-1973c5f-c22b5b17f63d-7089,laencontre
15781,0,93000,0,"Departamento en Jirón Incahuasi 398, San Juan De Lurigancho, Lima, 15427, Per","San Juan de Lurigancho, Lima",75,3,2,0,"Este departamento ofrece una excelente combinación de comodidad, funcionalidad y ubicación, en una zona residencial con fácil...",https://www.laencontre.com.pe/inmueble/e2e-b763-19c2f26-6a628f7d94bc-7122,laencontre
15782,0,195000,0,"Departamento en Carlos Cueto Fernandini, Urb Vista Alegre, Surco, Perú","Santiago de Surco, Lima",123,3,2,0,"Se vende departamento de 3 dormitorios, el principal con baño incorporado, los otros dos dormitorios comparten 1 baño. Sala...",https://www.laencontre.com.pe/inmueble/17a-a5a4-19bb40f-db170a840a1b-7382,laencontre
15783,0,120000,0,"Departamento en El Olivar, Lima","El Olivar, San Isidro, Lima",61,1,1,0," Estratègicamente ubicado a metros de Av, Santa Cruz y muy cerca de Colegio San SIlvestre, Colegio Inmaculado Corazon e Iglesia...",https://www.laencontre.com.pe/inmueble/d178-b967-19a1497-2349d597a7b5-7917,laencontre
15784,0,54571,0,"Departamento en San Juan De Lurigancho, Lima","San Juan de Lurigancho, Lima",54,2,1,0,"Dpto en 3ser piso vista interna, edificio de 4 pisos, 2 dptos por piso sin ascensor. Cuenta con un área de 54 m2 con intercomunicador...",https://www.laencontre.com.pe/inmueble/8a25-ba9e-19ca5a4-1430ca72e84c-755f,laencontre
15785,0,385000,0,"Departamento en Calle Orion, Surco, Perú","Santiago de Surco, Lima",220,3,3,0,"FLAT CON BUENOS ACABADOS – VISTA A JARDINES AO: 220 m2, CALLE ORION, LOS GRANADOS - SURCO Hall de ingreso. Amplia sala – ...",https://www.laencontre.com.pe/inmueble/a322-b0de-198edf6-bf1b24535a8f-7535,laencontre
15786,0,1150000,0,"Departamento en Avenida Nicolas De Ribera, San Isidro, Perú","Orrantia, San Isidro, Lima",507,4,5,0,📍 A 2 cuadras del Golf y del Country Club Lima Hotel ✔ Ascensor directo ✔ 3 estacionamientos paralelos + depósito ✔ Portería...,https://www.laencontre.com.pe/inmueble/1ef6-968a-19d89ac-a7ac9dc17eca-77f2,laencontre
15787,0,415000,0,"Departamento en Jirón Bellavista, Santiago De Surco, Perú","Santiago de Surco, Lima",341,3,2,0,Descubre un espacio donde el diseño moderno y la amplitud se combinan a la perfección. Este exclusivo dúplex tipo loft en...,https://www.laencontre.com.pe/inmueble/59e6-aa01-19d6e34-ccb372f0d8d9-7676,laencontre
15788,0,628000,0,"Departamento en Av. José Pardo, Miraflores, Perú","Santa Cruz, Miraflores, Lima",260,3,4,0,"Exclusivo penthouse a media cuadra del malecón de Miraflores, en una de las zonas más cotizadas de Lima, a pasos del mar ...",https://www.laencontre.com.pe/inmueble/378a-bd91-19d03a4-bf732562602d-72aa,laencontre
15789,0,478000,0,"Departamento en Av. Angamos Oeste, Miraflores, Perú","Santa Cruz, Miraflores, Lima",198,3,3,0,"Ubicado en una de las zonas más exclusivas y verdes de Lima, entre Miraflores y San Isidro, este departamento combina lo ...",https://www.laencontre.com.pe/inmueble/10cf-951a-19d039c-6c343ac1d7ea-777a,laencontre
15790,0,395000,0,"Departamento en Avenida San Borja Norte 1603, San Borja, Perú","San Borja, Lima",227.27,3,3,0,"Venta de duplex en San Borja: tu nuevo lugar favorito frente al Pentagonito Vive en un dúplex amplio, moderno y con una ...",https://www.laencontre.com.pe/inmueble/8dd6-b09b-19c0b24-c027e6807dfc-7e40,laencontre
15791,0,48500,0,"Departamento en 10 Grupo 1, Villa El Salvador, Lima, Per","Villa El Salvador, Lima",74,3,2,0,"* VENTA DEPARTAMENTOS SEMINUEVOS * -- ÁREA 74 m2 -- -- PRECIO US$ 48,500 -- ** UBICACIÓN ** - Av. Prolongación Mariano Pastor...",https://www.laencontre.com.pe/inmueble/9458-bdc4-199560c-bc65ede1251-7e6d,laencontre
15792,0,285400,0,"Departamento en Miraflores, Lima","Miraflores, Lima",136.44,2,3,0,"Venta de moderno departamento en edificio diseñado en estilo industrial. Ref. : cerca a avenidas principales, Ovalo Gutiérrez...",https://www.laencontre.com.pe/inmueble/dd80-96fe-a765e106-8305a602dd13-1faf,laencontre
15793,0,212547,0,"Departamento en Armendáriz, Lima","Armendáriz, Miraflores, Lima",64,2,2,0,"Un departamento perfecto para quienes buscan comodidad y una ubicación privilegiada, en una de las zonas más residenciales...",https://www.laencontre.com.pe/inmueble/cdb8-a1f5-19c7881-ad528e176423-7dfa,laencontre
15794,0,293497,0,"Departamento en Armendáriz, Lima","Armendáriz, Miraflores, Lima",88.89,3,3,0,"Un departamento perfecto para quienes buscan comodidad y una ubicación privilegiada, en una de las zonas más residenciales...",https://www.laencontre.com.pe/inmueble/ec9d-910f-19c77ec-e62c7aac4c43-7218,laencontre
15795,0,145323,0,"Departamento en La Victoria, Lima","La Victoria, Lima",59,2,2,0,"Venta de Moderno Departamento Estreno en Santa Catalina, a pasos de Parque. Ref: a pocas cuadras del edificio de Interbank...",https://www.laencontre.com.pe/inmueble/673b-9bfa-198fdd5-70223803771a-7f1a,laencontre
15796,0,118099,0,"Departamento en Jesus Maria, Lima","Jesus Maria, Lima",53.21,2,2,0,"Venta de Moderno Departamento en proyecto en Jesús María, con una excelente ubicación cerca de las avenidas Salaverry,, ...",https://www.laencontre.com.pe/inmueble/7eba-aa82-1984931-b419425963d0-76ba,laencontre
15797,0,142224,0,"Departamento en Surquillo, Lima","Surquillo, Lima",59.42,2,2,0,Venta Flat de estreno en Surquillo Ref: Cerca a Av Aramburu en San Isidro y facil acceso a principales avenidas . El...,https://www.laencontre.com.pe/inmueble/2e55-8b52-195795d-a33cfc22bdaa-7fa0,laencontre
15798,0,574900,0,"Departamento en Malecón Armendáriz, Miraflores, Perú","Armendáriz, Miraflores, Lima",198,3,3,0,"Vive en una de las ubicaciones más privilegiadas de Lima: Malecón Armendáriz, límite entre Miraflores y Barranco, a pasos...",https://www.laencontre.com.pe/inmueble/5d90-b740-19d039f-f510040ad68d-77fb,laencontre
15799,0,116000,0,"Departamento en Avenida Pedro Miotta, San Juan De Miraflores, Perú","San Juan de Miraflores, Lima",113,3,2,0,"CITAS WSP 9.*2.*4.*5.*5.*3.*2.*3.*9 VENDO DPTO TIPO CASITA 1ER PISO SIN COCHERA EN SJM UBICACIÓN: CERCA A MALL DEL SUR, ...",https://www.laencontre.com.pe/inmueble/76e8-b082-19b2f89-243c8f230ed6-779e,laencontre
15800,0,329820,0,"Departamento en Miraflores, Lima","Miraflores, Lima",112.9,3,3,0,"Despierta cada mañana con luz natural, silencio y verde frente a ti. Este exclusivo departamento de 143.40 m² no solo se ...",https://www.laencontre.com.pe/inmueble/64ea-c006-19c9826-9fcb88132987-7ba6,laencontre
15801,0,399000,0,"Departamento en Santiago De Surco, Lima","Santiago de Surco, Lima",283,4,3,0,¡OPORTUNIDAD ÚNICA! SE VENDE ESPECTACULAR DÚPLEX CON VISTA A PARQUE EN VALLE HERMOSO RESIDENCIAL Ubicación de Ensueño en ...,https://www.laencontre.com.pe/inmueble/a34b-b122-19a89c2-3964bdf94de4-7246,laencontre
15802,0,320000,0,"Departamento en Av. Circunvalación Golf Los Incas 300, Santiago De Surco, Perú","Santiago de Surco, Lima",199,3,4,0,LINDO Y AMPLIO DUPLEX CON TERRAZA Y BALCÓN A la espalda del Club El Golf Los Inca y al costado de la Embajada de Corea (...,https://www.laencontre.com.pe/inmueble/904f-b69b-19c4eb7-a903ee8aeff1-736f,laencontre
15803,0,195000,0,"Departamento en Santiago De Surco, Lima","Santiago de Surco, Lima",119.79,4,4,0,Venta en Surco – Las Gardenias Departamento amplio y moderno cerca de avenidas principales 📍 Ubicación privilegiada: ...,https://www.laencontre.com.pe/inmueble/bfcc-bc78-19bfda6-bda753939d2a-7855,laencontre
15804,0,197227,0,"Departamento en Avenida República De Panamá 5757, Urbanización Los Tulipanes, Miraflores, Lima, 15047, Per","Miraflores, Lima",57,93,2,0,"Moderno y Exclusivo Ubicado en una de las zonas más emblemáticas de Miraflores, edificio de 21 pisos 97 departamentos Proyecto...",https://www.laencontre.com.pe/inmueble/f543-90ec-a9f3699f-e33685fedfc5-4f27,laencontre
15805,0,150367,0,"Departamento en Avenida República De Panamá 5757, Urbanización Los Tulipanes, Miraflores, Lima, 15047, Per","Miraflores, Lima",65.36,2,1,0,"Moderno y Exclusivo Ubicado en una de las zonas más emblemáticas de Miraflores, edificio de 21 pisos 97 departamentos Proyecto...",https://www.laencontre.com.pe/inmueble/6eb-91b3-21fcf8a-80bb551a4556-4e1d,laencontre
15806,0,415000,0,"Departamento en San Borja, Lima","San Borja, Lima",302,4,3,0,"VENTA DE HERMOSO Y AMPLIO DUPLEX EN BUENAVISTA $/415,000 Descripción ILUMINADO Y AMPLIO DUPLEX BIEN DISTRIBUIDO...",https://www.laencontre.com.pe/inmueble/ed35-a8cd-198ece9-6662d7e9a35e-7764,laencontre
15807,0,296980,0,"Departamento en Santiago De Surco, Lima","Santiago de Surco, Lima",137,3,3,0,"Este moderno dúplex en venta, ofrece una excelente oportunidad para quienes buscan un hogar cómodo y funcional. La propiedad...",https://www.laencontre.com.pe/inmueble/f04b-ac23-199886e-e08d97e12298-7365,laencontre
15808,0,255070,0,"Departamento en Santiago De Surco, Lima","Santiago de Surco, Lima",107,3,3,0,"Ubicado en una zona estratégica de Santiago de Surco, este atractivo departamento en venta ofrece una excelente oportunidad...",https://www.laencontre.com.pe/inmueble/28fc-add9-19987df-321b85bc2f06-7276,laencontre
15809,0,140000,0,"Departamento en Av. Alfredo Benavides 1130, Miraflores, Perú","Miraflores, Lima",42.18,1,1,0,VENDO HERMOSO DEPARTAMENTO – MIRAFLORES – SAN ANTONIO - AV. BENAVIDES CDRA. 11 – DEPARTAMENTO CON VISTA PANORAMICA PISO...,https://www.laencontre.com.pe/inmueble/b55e-84b8-19cdc31-5b1cb339b35b-77d2,laencontre
15810,0,140000,0,"Departamento en Avenida Alfredo Benavides 1130, Lima, Perú","Miraflores, Lima",41.28,1,1,0,VENDO DEPARTAMENTO DE ESTRENO – MIRAFLORES – AV. BENAVIDES CDRA 11 DEPARTAMENTO EN PISO 3 EDIFICIO DE 20 PISOS 3 ASCENSORES...,https://www.laencontre.com.pe/inmueble/7b13-8198-1970b8a-55f479d97ad3-75d9,laencontre
15811,0,315000,0,"Departamento en Santiago De Surco, Lima","Santiago de Surco, Lima",187,3,3,0,"- Venta Duplex área total 187m2, área construida 138m2. - 3 dormitorios, cocina cerrada, sala, comedor, 4 banos, amplia lavandería...",https://www.laencontre.com.pe/inmueble/249d-9d5b-19be6b1-5965cf3a2ac9-76eb,laencontre
15812,0,450000,0,"Departamento en Malecón De La Marina, Miraflores, Perú","Santa Cruz, Miraflores, Lima",171,3,3,0,"DISFRUTA DE LA MEJOR VISTA DE ESTE ESPECTACULAR DEPARTAMENTO DE 171 m2, UBICADO EN MIRAFLORES TIENE 3 DORMITORIOS, SALA,...",https://www.laencontre.com.pe/inmueble/9c37-bf31-190dde4-e144f4afa54c-790a,laencontre
15813,0,245000,0,"Departamento en Calle Las Turmalinas, Santiago De Surco, Perú","Santiago de Surco, Lima",140,3,2,0,"A.O. : 140 m2, A.C. : 140 m2, Mantenimiento S/450 / mes. Piso 2, 2 departamentos por piso, 6 departamentos en total. Guardianía...",https://www.laencontre.com.pe/inmueble/af13-98c3-b7fafcaa-66ec46ff4bff-4fe7,laencontre
15814,0,450000,0,"Departamento en Avenida El Rosario, San Isidro, Lima, Perú","Country Club, San Isidro, Lima",177,3,2,0,Lindo departamento frente al Golf en Av. El Rosario - San Isidro con vista espectacular desde la sala y el dormitorio principal...,https://www.laencontre.com.pe/inmueble/681a-981a-19a947b-4a006434b13-75ad,laencontre
15815,0,1200000,0,"Departamento en Avenida Tudela Y Varela, San Isidro, Perú","El Olivar, San Isidro, Lima",520,4,3,0,"Moderno penthouse dúplex en pisos 7 y 8, 520 m² totales (307 m² techados), ubicado en un exclusivo edificio de 7 pisos con...",https://www.laencontre.com.pe/inmueble/f9c7-a6f2-199f45b-ae0d23675348-751c,laencontre
15816,0,162000,0,"Departamento en Vulcano, Surco, Perú","Santiago de Surco, Lima",130,3,2,0,"VENDO DEPARTAMENTO – SURCO | URB. LIBERTAD ⭐️ Jr. Vulcano. 📐 130 m² | Piso 4 🚩 Independizado, título en SUNARP. Consta...",https://www.laencontre.com.pe/inmueble/9806-b621-19c90f6-1f5e502d0c4b-7264,laencontre
15817,0,136428,0,"Departamento en Cercado De Lima, Lima","Cercado de Lima, Lima",66,3,0,0,"este Dpto. se encuentra ubicado en  el edificio URBAN PARK, Av. Pettit Thouars cdra. 11 esq. Enrique Villar, cuenta con una...",https://www.laencontre.com.pe/inmueble/9253-bcdd-19d5abb-ee811aff8b36-709e,laencontre
15818,0,630000,0,"Departamento en Country Club, Lima","Country Club, San Isidro, Lima",249,4,4,0,"En el corazón de San Isidro, una de las zonas más exclusivas de Lima, se encuentra este magnífico departamento Duplex en ...",https://www.laencontre.com.pe/inmueble/ad25-a89f-19c07b4-c287d0261b0e-769b,laencontre
15819,0,190000,0,"Departamento en Santiago De Surco, Lima","Santiago de Surco, Lima",74.26,3,2,0,"???? Departamento 3 Dormitorios + Cocina cerrada – 74.26 m² Exclusivo proyecto en Surco, frente al Parque de la Amistad....",https://www.laencontre.com.pe/inmueble/cf1e-b4f6-1996b15-be425a7317e3-7d8e,laencontre
15820,0,124900,0,"Departamento en Calle Bernardino Gutierrez 194, Pueblo Libre, Perú","Pueblo Libre, Lima",78.68,2,2,0,Este hermoso departamento de 78.68 m2 está ubicado en una de las zonas más privilegiadas y seguras del distrito de Pueblo...,https://www.laencontre.com.pe/inmueble/92e8-aa7c-19d1e39-2434093f4779-749d,laencontre
15821,0,270000,0,"Departamento en Playa San Bartolo Sur, Malecón Miguel Grau, San Bartolo, Perú","San Bartolo, Lima",180,4,4,0,"¡Vive frente al mar en San Bartolo! 🏖️ Vendo exclusivo departamento dúplex en Playa Sur, San Bartolo, en la mejor zona del...",https://www.laencontre.com.pe/inmueble/46ae-b012-1988859-545fb9211f29-7105,laencontre
15822,0,315000,0,"Departamento en Santiago De Surco, Lima","Santiago de Surco, Lima",108,3,3,0,"HERMOSOS DEPARTAMENTOS: Descripción: Comprende un edificio compuesto por 4 pisos y 7 departamentos, 2 departamentos por...",https://www.laencontre.com.pe/inmueble/5c6a-b587-fafb3cc5-53e0067c1ab6-450f,laencontre
15823,0,483554,0,"Departamento en Country Club, Lima","Country Club, San Isidro, Lima",171,3,5,0,Venta dpto en edificio boutique ubicado en una zona exclusiva de San Isidro. A pocos pasos del Lima Golf Club. Etapa : En...,https://www.laencontre.com.pe/inmueble/ce30-ba2e-19c4b71-59a4e82e9e97-7cf9,laencontre
15824,0,174687,0,"Departamento en Magdalena Del Mar, Lima","Magdalena del Mar, Lima",66,3,2,0,"Un departamento perfecto para quienes buscan exclusividad, comodidad y una ubicación privilegiada, en la zona más residencial...",https://www.laencontre.com.pe/inmueble/c861-856b-19c48ea-c8331cc380f4-7eb5,laencontre
15825,0,179000,0,"Departamento en Av. Chorrillos, Chorrillos, Perú","Chorrillos, Lima",70.37,2,2,0,"MCG012601 “Departamento moderno, práctico y funcional” • Precio de venta:$179,000 dólares • Dirección: Av. Chorrillos,...",https://www.laencontre.com.pe/inmueble/ff1e-ab45-19b9f50-952c825cdc62-7508,laencontre
15826,0,185000,0,"Departamento en Jr. Tumbes 309, Barranco, Perú","Barranco, Lima",103.67,3,2,0,"Departamento en Venta en Barranco *EDIF sin Ascensor* Us$185,000 DEPARTAMENTO EN VENTA – JR. TUMBES 309, BARRANCO Te presentamos...",https://www.laencontre.com.pe/inmueble/66d3-979c-19accad-8d79ef242e01-76ca,laencontre
15827,0,93000,0,"Departamento en Cercado De Lima, Lima","Cercado de Lima, Lima",46.89,2,1,0,"Descubre la perfecta combinación entre estilo y funcionalidad en este elegante departamento de 46,89 m², ubicado en el prestigioso...",https://www.laencontre.com.pe/inmueble/a4fa-961d-19ce890-1cc7420e0444-754a,laencontre
15828,0,195000,0,"Departamento en Maipu 643, Pueblo Libre, Perú","Pueblo Libre, Lima",150,3,5,0,"Se vende departamento de tres dormitorios en Pueblo Libre, está ubicado el edificio frente a parque, es un edificio corto...",https://www.laencontre.com.pe/inmueble/cb20-99e5-19bfc13-95a93a76c52-7097,laencontre
15829,0,151553,0,"Departamento en Magdalena Del Mar, Lima","Magdalena del Mar, Lima",57,2,2,0,"Un departamento perfecto para quienes buscan exclusividad, comodidad y una ubicación privilegiada, en la zona más residencial...",https://www.laencontre.com.pe/inmueble/5c02-ad79-19c48f2-9765996a6abd-7b7d,laencontre
15830,0,117095,0,"Departamento en Talambo 161, San Miguel, Lima, Perú","Maranga, San Miguel, Lima",75,3,2,0,"Bienvenido a tu nuevo hogar acogedor ✨ 75M2 de purovAmor 🛏️ 3 Dormitorios: Espaciosos y llenos de luz, perfectos para descansar...",https://www.laencontre.com.pe/inmueble/be2c-97bb-19a13db-670b414f05a1-727c,laencontre
15831,0,208000,0,"Departamento en Miraflores, Lima","Miraflores, Lima",73.85,3,2,0,"Edificio ubicado en una de las avenidas más icónicas, vibrantes y culturales de Lima, este proyecto ha sido diseñado para...",https://www.laencontre.com.pe/inmueble/cfd4-99ad-1983460-da5fdd7bad85-7cfd,laencontre
15832,0,120000,0,"Departamento en Huaccarunco, San Miguel, Perú","Maranga, San Miguel, Lima",70,2,2,0,"Descubre la comodidad de vivir en San Miguel, en una ubicación estratégica cerca de parques y las principales vías de la ...",https://www.laencontre.com.pe/inmueble/d8e6-9ffa-19d7403-91f87ec02db0-7841,laencontre
15833,0,700000,0,"Departamento en Surquillo, Lima","Surquillo, Lima",544,15,10,0,"Se busca Familia numerosa para presentar, a la venta, esta interesante propiedad de 5 pisos, ubicado en la Urbanización Limatambo...",https://www.laencontre.com.pe/inmueble/51f5-aa0b-19b0b91-47451e6e01a3-70f1,laencontre
15834,0,65000,0,"Departamento en Jirón Los Contadores 1, Asentamiento Humano San Miguel, San Juan De Lurigancho, Lima, Per","San Juan de Lurigancho, Lima",80,2,1,0,"Ubicado en Av. Central, urbanización Mariscal Cáceres (3.ª y 4.ª etapa) – SJL, en una zona residencial con fácil acceso a...",https://www.laencontre.com.pe/inmueble/4997-990d-19c43fd-571371a16f27-7324,laencontre
15835,0,620000,0,"Departamento en San Bartolo, Lima","San Bartolo, Lima",196,4,3,0,LINDO DEPARTAMENTO CON GRAN TERRAZA Y VISTA AL MAR Ubicación privilegiada. Sala/comedor de buen tamaño con salida a gran...,https://www.laencontre.com.pe/inmueble/769a-85e8-19953f0-fc0002c531d4-7d65,laencontre
15836,0,610000,0,"Departamento en Parque José De Acosta, Avenida Jose De Acosta, San Isidro, Perú","Orrantia, San Isidro, Lima",240,4,3,0,"LINDO FLAT DE 4 DORMITORIOS FRENTE A PARQUE Excelente distribución y muy buenos acabados Ascensor directo, recibo, sala-comedor...",https://www.laencontre.com.pe/inmueble/9080-9695-19953ec-e7ed3151ea25-71e5,laencontre
15837,0,335000,0,"Departamento en Santiago De Surco, Lima","Santiago de Surco, Lima",194,3,3,0,VENDO DEPARTAMENTO DE 3 DORMITORIOS FRENTE A PARQUE EN EN CONDOMINIO PRIVADO Te gustaría vivir en uno de los lugares más ...,https://www.laencontre.com.pe/inmueble/e750-b139-194d6a6-6cf3008c6d6e-79cf,laencontre
15838,0,780000,0,"Departamento en Calle Manuel Ugarte Y Moscoso & Avenida General Pezet, San Isidro, Perú","Orrantia, San Isidro, Lima",370,3,3,0,En la esquina de Ugarte y Moscoso con Pezet se ubica este elegante dpto. con terraza. Un elegante Hall con pisos de mármol...,https://www.laencontre.com.pe/inmueble/9d37-8af2-19aa66f-3913086adc64-723f,laencontre
15839,0,130000,0,"Departamento en Plaza De La Composición, Surquillo, Perú","Surquillo, Lima",80.15,2,1,0,Vendo Bonito Departamento en Condominio - Surquillo – Plaza de La Composición cuadra 1 – A media cuadra del Parque La Enramada...,https://www.laencontre.com.pe/inmueble/34b9-9a7e-19c0779-7c425709b5d-719d,laencontre
15840,0,356500,0,"Departamento en Santa Cruz, Lima","Santa Cruz, Miraflores, Lima",102.5,2,2,0,Departamento en venta en proyecto preventa en Miraflores límite San Isidro cerca colegios. Edificio con una estructura ligera...,https://www.laencontre.com.pe/inmueble/f88-87a7-18fa346-6efbdda88d0f-7f32,laencontre
15841,0,179432,0,"Departamento en Jesus Maria, Lima","Jesus Maria, Lima",73,3,2,0,"Venta de Moderno Departamento en proyecto en Jesús María, con una excelente ubicación cerca de la avenida San Felipe . ...",https://www.laencontre.com.pe/inmueble/297c-ba2b-19c4a14-cef3e26f48ce-7337,laencontre
15842,0,120000,0,"Departamento en Chorrillos, Lima","Chorrillos, Lima",86,3,2,0,"Departamento remodelado en Chorrillos, a dos cuadras del Malecón Grau Se vende bonito departamento totalmente remodelado...",https://www.laencontre.com.pe/inmueble/64f5-bea3-19cc2d0-9491431e290e-7e4a,laencontre
15843,0,189900,0,"Departamento en Santiago De Surco, Lima","Santiago de Surco, Lima",123.48,3,0,0,"Departamento en primer piso elevado con hermosa vista al parque Antonia Moreno de Cáceres, ubicado en Santiago de Surco. ...",https://www.laencontre.com.pe/inmueble/be85-8e6d-19cbbf2-e570acf7a2c0-7e6c,laencontre
15844,0,120000,0,"Departamento en Inversiones Centro De Baja Vision Angelica Oliva Sac, Calle Huacarrunco 174, San Miguel, Lima, 15088, Per","Maranga, San Miguel, Lima",70,2,1,0,"Descubre la comodidad de vivir en San Miguel, en una ubicación estratégica cerca de parques y las principales vías de la ...",https://www.laencontre.com.pe/inmueble/a3cb-a837-19cd3aa-e7d627bca8fe-757a,laencontre
15845,0,304796,0,"Departamento en Avenida Jorge Basadre 1310, San Isidro, Lima, 15073, Per","Country Club, San Isidro, Lima",95.5,1,1,0,"Lindo mini departamento de estreno con terraza y vista a calle en San Isidro. Se encuentra muy bien ubicado, cerca del Lima...",https://www.laencontre.com.pe/inmueble/1a17-95ee-19d0f48-f008dd373a7a-73ea,laencontre
15846,0,258027,0,"Departamento en Av. 28 De Julio 441, Miraflores, Perú","Miraflores, Lima",77,3,2,0,Área total: 77 m² Distribución: 3 habitaciones amplias + ESPACIO PARA ESCRITORIO 2 baños completos + baño de visita Sala ...,https://www.laencontre.com.pe/inmueble/e609-99ca-19bec0b-37e1c44f3a0c-7554,laencontre
15847,0,309000,0,"Departamento en Jirón Tomasal 830, Surco, Perú","Santiago de Surco, Lima",164.5,4,3,0,"Exclusivo departamento remodelado en la mejor ubicación interna del condominio, con doble vista y excelente distribución....",https://www.laencontre.com.pe/inmueble/6ace-b16a-19c9841-28acd0a35459-71ee,laencontre
15848,0,254980,0,"Departamento en Santiago De Surco, Lima","Santiago de Surco, Lima",122,3,3,0,Este atractivo dúplex en venta se presenta como una oportunidad única para quienes buscan comodidad y modernidad en una de...,https://www.laencontre.com.pe/inmueble/c799-995a-199887a-21d98e5c42a7-7130,laencontre
15849,0,240000,0,"Departamento en Barranco, Lima","Barranco, Lima",80,1,1,0,"Hermoso Dúplex ubicado en zona estrategica de Barranco,   frente Parque Confraternidad, con vista hacia Miraflores y vista...",https://www.laencontre.com.pe/inmueble/a99f-9a59-197c45c-b7cf9050295f-7fab,laencontre
15850,0,240000,0,"Departamento en Miraflores, Lima","Miraflores, Lima",147,3,3,0,"¡Tu próximo hogar está lleno de historia, estilo y oportunidades!  VENTA EXCLUSIVA EN MIRAFLORES – USD 240,000 Calle Juan...",https://www.laencontre.com.pe/inmueble/4adc-9567-1968136-c2e0f5201316-7683,laencontre
15851,0,660000,0,"Departamento en Avenida Alejandro Velasco Astete, Santiago De Surco, Perú","Santiago de Surco, Lima",322,4,4,0,"Precioso y moderno edificio con áreas comunes en excelente zona de Chacarilla, Surco. Finos acabados, excelente iluminación...",https://www.laencontre.com.pe/inmueble/504a-90c2-1976038-8197e321b150-75dd,laencontre
15852,0,146215,0,"Departamento en La Molina, Lima","La Molina, Lima",78.34,4,3,0,"En venta Departamento esquina ✅Av. Alameda de La Paz, esquina con Av. Los Fresnos ✅Urb. El Remanso. La Molina ✅A pasos del...",https://www.laencontre.com.pe/inmueble/8021-a73a-19cc0bc-5edc87a71419-730e,laencontre
15853,0,215000,0,"Departamento en Calle 2 180, Miraflores, Perú","Miraflores, Lima",116,3,3,0,Departamento en venta en Miraflores frente a parque¡Excelente oportunidad! Se vende amplio y acogedor departamento de 116...,https://www.laencontre.com.pe/inmueble/872d-be96-19bc30c-af3288daaff3-793e,laencontre
15854,0,180000,0,"Departamento en Jirón Carlos Arrieta 194, Barranco, Lima, 15063, Per","Barranco, Lima",59,2,2,0,"Acogedor y Luminoso Departamento de 2 Dormitorios y 2 baños, Semi Amoblado con muebles de sala, comedor, juego de dormitorio...",https://www.laencontre.com.pe/inmueble/62b-b487-19cd6a2-3959f2f8a8b7-7a2d,laencontre
15855,0,510000,0,"Departamento en Av. Dos De Mayo, San Isidro, Perú","Orrantia, San Isidro, Lima",285,4,4,0,"JDP012502 Amplio flat de 4 dormitorios con terraza, cerca al Country Club de San Isidro, Vivanda de Dos de Mayo y los mejores...",https://www.laencontre.com.pe/inmueble/fac-a486-194a966-8aa6502a77e6-7e65,laencontre
15856,0,695000,0,"Departamento en Avenida El Golf Los Incas, Santiago De Surco, Perú","Santiago de Surco, Lima",415,5,5,0,Este espectacular departamento de lujo está ubicado en Circunvalación del Golf Los Incas y ofrece un estilo de vida inigualable...,https://www.laencontre.com.pe/inmueble/a593-a356-db5cf360-a8fb8008aec7-4816,laencontre
15857,0,325000,0,"Departamento en Santiago De Surco, Lima","Santiago de Surco, Lima",170,4,4,0,"VENTA DE DEPARTAMENTO BIEN UBICADO EN SURCO Departamento ubicado por la Av. Encalada cerca de Vivanda, de la embajada de ...",https://www.laencontre.com.pe/inmueble/8761-a7d7-19d5c1d-68be2547a475-724f,laencontre
15858,0,135000,0,"Departamento en Pueblo Libre, Lima","Pueblo Libre, Lima",85,3,2,0,"OPORTUNIDAD ÚNICA EN PUEBLO LIBRE! Si buscas ubicación, vista y comodidad, este depa es para ti 85 m² REMODELADOS Súper luminoso...",https://www.laencontre.com.pe/inmueble/5772-99d1-19bc8c9-c963ebd3f516-72f0,laencontre
15859,0,75000,0,"Departamento en Calle Batería Independencia 242, La Victoria, Lima, 15034, Per","La Victoria, Lima",65,2,2,0,Tu nuevo hogar con luz natural y vista externa en Santa Catalina¡Oportunidad en Santa Catalina! Se vende departamento en ...,https://www.laencontre.com.pe/inmueble/1d36-90d4-19c0b24-4fca7ee1eede-7698,laencontre
15860,0,280000,0,"Departamento en San Bartolo, Perú","San Bartolo, Lima",209,4,4,0,"CPJ112301 MARAVILLOSO DÚPLEX EN VENTA CON FABULOSA VISTA AL MAR EN PLAYA NORTE – SAN BARTOLO • Precio Venta US $ 280,000...",https://www.laencontre.com.pe/inmueble/17ec-bb58-dcd69f5f-92a7e2225641-4590,laencontre
15861,0,249663,0,"Departamento en Avenida Alejandro Velasco Astete, Urbanización La Alborada, Santiago De Surco, Lima, 15038, Per","Santiago de Surco, Lima",108,3,3,0,"¡Estrena departamento flat en Chacarilla — Surco! 🏙️✨ 📍 Dirección: Av. Alejandro Velasco Astete, Chacarilla, Santiago...",https://www.laencontre.com.pe/inmueble/7e12-9e37-e1fdb387-7c2d8c69d8c2-4f90,laencontre
15862,0,291211,0,"Departamento en Calle Los Narcizos, Urbanización Casuarinas Sur, Santiago De Surco, Lima, 15023, Per","Santiago de Surco, Lima",103.33,3,3,0,"✨ ¡Oportunidad única en Santiago de Surco! ✨ Descubre tu próximo hogar en Las Cantutas 865, un moderno y acogedor departamento...",https://www.laencontre.com.pe/inmueble/772c-a73f-c558e35f-60fc7a87712f-435a,laencontre
15863,0,135241,0,"Departamento en Avenida Los Patriotas 665, San Miguel, Lima, 15087, Per","Maranga, San Miguel, Lima",73,2,2,0,🔥 ¡OPORTUNIDAD DE INVERSIÓN ESTRATÉGICA EN RESIDENCIAL ALAMEDA - SAN MIGUEL! 🔥 📍 Ubicación privilegiada - El futuro...,https://www.laencontre.com.pe/inmueble/6c9b-abfd-116668e5-c1e81c09b4b1-41d7,laencontre
15864,0,200000,0,"Departamento en Avenida José Larco 1000, Miraflores, Perú","Miraflores, Lima",64,1,1,0,"PRE - VENTA DE MODERNOS DEPARTAMENTOS EN AV LARCO - MIRAFLORES Departamentos en venta, aún estamos con los precios de PRE...",https://www.laencontre.com.pe/inmueble/62e3-8299-19c070d-a34ad5d35cec-7825,laencontre
15865,0,139000,0,"Departamento en Avenida Javier Prado Este 476, San Isidro, Lima, 15046, Per","Corpac, San Isidro, Lima",72,1,1,0,Venta de Ocasión Departamento de 75mts en San isidro Ficus Edificio de 15pisos Seguridad 24h 1hab con clóset Baño Sala ...,https://www.laencontre.com.pe/inmueble/5729-816e-19d8a95-1dda9621ab06-7533,laencontre
15866,0,194000,0,"Departamento en Corpac, Lima","Corpac, San Isidro, Lima",79.35,2,2,0,Vive en el corazón financiero de San Isidro con nuestros nuevos departamentos en venta. El edificio ideal para ti si buscas...,https://www.laencontre.com.pe/inmueble/4b75-90d3-19ab7da-a0c718fded6e-77e8,laencontre
15867,0,395000,0,"Departamento en Avenida Alejandro Velasco Astete, Urbanización Chacarilla Del Estanque, Santiago De Surco, Lima, 15038, Per","Santiago de Surco, Lima",297,3,3,0,VENDO DEPARTAMENTO en 1º piso de edificio con buena ubicación en Av. Alejandro Velasco Astete. FLAT CON FINOS Y MODERNOS ...,https://www.laencontre.com.pe/inmueble/8e9b-9766-1981eb6-a1558b8f0e03-7208,laencontre
15868,0,256544,0,"Departamento en Peñascal, Malecon Rivera Norte, San Bartolo, Perú","San Bartolo, Lima",136,3,2,0,Hermoso departamento de estreno en Condominio Namua con Vista al Mar en 180° grados ubicado en Los Acantilados s/n Urb. El...,https://www.laencontre.com.pe/inmueble/25ea-bece-13e83923-47561204f5af-4943,laencontre
15869,0,118336,0,"Departamento en La Victoria, Lima","La Victoria, Lima",55.8,2,2,0,"El proyecto está en una estratégica ubicación de Santa Catalina, límite con San Isidro, muy cerca de la torre de Interbank...",https://www.laencontre.com.pe/inmueble/5f1e-8180-199df09-2bf27e6e4599-75d1,laencontre
15870,0,200193,0,"Departamento en Miraflores, Lima","Miraflores, Lima",68,2,2,0,"Proyecto en construcción, ubicado en una calle silenciosa, a dos cuadras de la Av. 28 de julio y a una de la Av. Benavides...",https://www.laencontre.com.pe/inmueble/a0a9-b1be-194ec7a-dd6466352588-7c36,laencontre
15871,0,190000,0,"Departamento en Calle Monte Sauce, Lima, Perú","Santiago de Surco, Lima",130,2,2,0,"PEZ012601 🏡 DEPARTAMENTO EN VENTA – SURCO | PRIMER PISO (AÑO 2020) 🌿 📍 Monte Sauce– Santiago de Surco 💰 Precio: US$190,000...",https://www.laencontre.com.pe/inmueble/dd19-8547-19bb8f4-b1345bbaf295-7854,laencontre
15872,0,225000,0,"Departamento en Santa Cruz, Lima","Santa Cruz, Miraflores, Lima",76,2,2,0,"Venta de departamento en Miraflores de estreno, entrega inmediata, no paga alcabala, primer piso cuenta con 77 m2 de area...",https://www.laencontre.com.pe/inmueble/166c-b260-19cc03d-a1e337a0492a-72cd,laencontre
15873,0,258000,0,"Departamento en Alameda Del Corregidor 1418, La Molina, Perú","La Molina, Lima",209,4,3,0,¡Tu nuevo hogar te espera en La Molina! Este amplio dúplex con terraza en Alameda del Corregidor cdra 14 es una joya. Aquí...,https://www.laencontre.com.pe/inmueble/3535-aa4a-197e1f6-e8b1d2217df9-7754,laencontre
15874,0,192778,0,"Departamento en Calle Marquez De La Torre Tagle 351, Miraflores, Perú","Santa Cruz, Miraflores, Lima",105,3,3,0,Departamento en 6to Piso. Vista externa El edificio tiene un solo departamento por piso. Asensor directo al departamento...,https://www.laencontre.com.pe/inmueble/dff9-8ba6-19a3ce3-ddfd1a9da42-770d,laencontre
15875,0,315000,0,"Departamento en Avenida Buena Vista, San Borja, Perú","San Borja, Lima",195,3,2,0,En Chacarilla se encuentra este departamento recientemente remodelado que combina ubicación estratégica con comodidad total...,https://www.laencontre.com.pe/inmueble/fa40-9a8f-19c735d-8d3d8b3f371f-7125,laencontre
15876,0,139000,0,"Departamento en Calle B 294, Urb La Calera De La Merced, Surquillo, Perú","Surquillo, Lima",77,3,2,0,"LINDO DEPARTAMENTO REMODELADO, BIEN UBICADO CERCA A TODO, AL HOSPITAL NEOPLASICA, A LOS CENTROS COMERCIALES, BANCOS, COLEGIOS...",https://www.laencontre.com.pe/inmueble/4d42-89c8-19d2c45-f6e06a38def9-71b3,laencontre
15877,0,280270,0,"Departamento en Santiago De Surco, Lima","Santiago de Surco, Lima",168,3,3,0,"CONTACTO: DAYANIS BAUTISTA CEL: 9*5*8*1*2*6*2*2*5 Tu nuevo hogar en Las Doñas, SurcoDisfruta la experiencia de vivir en ...",https://www.laencontre.com.pe/inmueble/a027-940b-19b51be-c418cb6dfced-7d8e,laencontre
15878,0,520000,0,"Departamento en Malecón Cisneros, Malecón Cisneros, Miraflores, Perú","Santa Cruz, Miraflores, Lima",200,3,2,0,¡Un Sueño! Departamento en Venta en el piso 14 con vista única panorámica al mar! Ubicado en el exclusivo Malecón Cisneros...,https://www.laencontre.com.pe/inmueble/5e59-8f60-19d4d14-20c923e2445e-7c34,laencontre
15879,0,199000,0,"Departamento en Avenida La Paz, Miraflores, Perú","Miraflores, Lima",113.29,3,2,0,Excelente departamento en venta con balcón y vista a la calle en el corazón de Miraflores. Totalmente amoblado y equipado...,https://www.laencontre.com.pe/inmueble/dae5-8b73-19c6fa2-28bd3773bad9-73fb,laencontre
15880,0,216172,0,"Departamento en San Antonio, Lima","San Antonio, Miraflores, Lima",80.7,2,3,0,Venta Flat cerca Parque Reducto en Miraflores Ref: Urb San Antonio El departamento tiene un diseño amplio y luminoso...,https://www.laencontre.com.pe/inmueble/ad5-a60f-195841d-f23cf3523be2-714d,laencontre
15881,0,1350000,0,"Departamento en José Del Llano Zapata, Miraflores, Perú","Santa Cruz, Miraflores, Lima",517.53,3,3,0,JDP082302 LUJOSO PENT HOUSE CON PISCINA Y LINDA TERRAZA A MEDIA CUADRA DE LA CLÍNICA ANGLO AMERICANA MIRAFLORES. 📍Calle...,https://www.laencontre.com.pe/inmueble/91bf-8614-ea4fe44b-53dcd0bf1587-4254,laencontre
15882,0,240000,0,"Departamento en Calle Godofredo Garcia Díaz, Santiago De Surco, Lima, Perú","Santiago de Surco, Lima",160,3,3,0,"Vendo Duplex frente a Parque Cerrado en Calle Godofredo Garcia Diaz - Surco AO: 160m2, Se Vende: $260,000 Departamento con...",https://www.laencontre.com.pe/inmueble/7046-9073-192107e-a2f48fd0b88b-7d46,laencontre
15883,0,147550,0,"Departamento en Risso, Lima","Risso, Lince, Lima",65.95,3,2,0,Departamento de Estreno 65.95 m² en Lince – 3 Dormitorios + Full Áreas Comunes ¡Vive o invierte en el corazón de Lince! ...,https://www.laencontre.com.pe/inmueble/612d-915b-19ac18c-fce738714951-7309,laencontre
15884,0,236000,0,"Departamento en Santiago De Surco, Lima","Santiago de Surco, Lima",100,2,2,0,DEPARTAMENTOS DE ESTRENO EN VENTA (EDIFICIO TIPO EUROPEO) EN EL CORAZÓN DE MONTERRICO ULTIMOS DEPARTAMENTOS...,https://www.laencontre.com.pe/inmueble/e781-82d2-191c993-5a2fdf87d123-7ac8,laencontre
15885,0,165000,0,"Departamento en Chorrillos, Lima","Chorrillos, Lima",193.69,3,3,0,"SE VENDE TRIPLEX FRENTE A PARQUE EN CALLE LOS TUMBOS , URB. CERRADA CON PARQUE PRIVADO, VIGILANCIA 24 HORAS , EL DEPARTAMENTO...",https://www.laencontre.com.pe/inmueble/d946-bdc3-19bc30a-e3d02a58fbf3-7486,laencontre
15886,0,314500,0,"Departamento en Alameda Monte Umbroso 175, Santiago De Surco, Perú","Santiago de Surco, Lima",165.91,3,3,0,VENDO LINDO DEPARTAMENTO UBICAOD FRENTE A PARQUE UBICADO EN PRIMER PISO DE EDIFICIO CON AREAS LIBRE EN EL DEPARTAMENTO ...,https://www.laencontre.com.pe/inmueble/9ae2-869b-19cdea4-a9838d4a8fc6-77c5,laencontre
15887,0,379358,0,"Departamento en Miraflores, Lima","Miraflores, Lima",172,2,2,0,Penthouse de Estreno en el Corazón de Miraflores – A pasos del Parque Kennedy Descubre este exclusivo Penthouse de 172.76...,https://www.laencontre.com.pe/inmueble/b367-a16d-1995fed-35ffde38819c-7d88,laencontre
15888,0,250000,0,"Departamento en Av. José Pardo 1035, Miraflores, Perú","Santa Cruz, Miraflores, Lima",119,3,3,0,"Lindo departamento en piso 13, con vista exterior y vista al mar desde el balcón 3 dormitorios. Sala/comedor 2 baños completos...",https://www.laencontre.com.pe/inmueble/65d0-ad16-1946b39-671ca5e4e819-74c9,laencontre
15889,0,165000,0,"Departamento en Santiago De Surco, Lima","Santiago de Surco, Lima",125,5,5,0,DEPARTAMENTO EN SURCO PARA INVERSIONISTAS DEPARTAMENTO EN SURCO EN 2DO PISO ACONDICONADO EN 05 HAMBIENTES CON ...,https://www.laencontre.com.pe/inmueble/3fd8-a932-1975655-d03243876a6-7d51,laencontre
15890,0,324000,0,"Departamento en Avenida Manuel Olguín, Santiago De Surco, Lima, Perú","Santiago de Surco, Lima",170,3,2,0,"DEPARTAMENTO FLAT EN VENTA, BUENA UBICACION, cerca al Jockey Plaza y CC El Polo. Calle Manuel Olguin – Surco - A.O. 170m2...",https://www.laencontre.com.pe/inmueble/1ad8-8e2e-19bfc63-57ec21546d78-723d,laencontre
15891,0,117000,0,"Departamento en Chorrillos, Lima","Chorrillos, Lima",94.11,3,2,0,Descubre la comodidad y tranquilidad que tu familia merece en este espacioso y acogedor departamento de 94 m². Con una ubicación...,https://www.laencontre.com.pe/inmueble/9a00-b93a-19cbb38-54e74b3d15b9-7855,laencontre
15892,0,148291,0,"Departamento en Miramar San Bartolo - Condominio De Playa, Cruz De Hueso, San Bartolo, Perú","San Bartolo, Lima",66.08,3,2,0,¡Tu nuevo hogar en San Bartolo te está esperando! Te presentamos un exclusivo departamento amoblado con vista al mar de ...,https://www.laencontre.com.pe/inmueble/5d47-ad01-198957c-99b21564af20-7596,laencontre
15893,0,470000,0,"Departamento en El Olivar, Lima","El Olivar, San Isidro, Lima",215,3,2,0,"DEPARTAMENTO EN PRIMER PISO EN SAN ISIDRO Recibo, baño de visitas, sala/comedor de buen tamaño, cocina amplia con lavanderia...",https://www.laencontre.com.pe/inmueble/42f0-ba85-19cbc54-bdb93c7386d7-779f,laencontre
15894,0,179000,0,"Departamento en Santiago De Surco, Lima","Santiago de Surco, Lima",127,3,1,0," ¡OPORTUNIDAD ÚNICA! Departamento Remodelado en Las Gardenias, Surco(A 4 cuadras de Av. Benavides y El Trigal - Acceso Rápido...",https://www.laencontre.com.pe/inmueble/579c-8d67-19a7b2b-85acbb87af17-7613,laencontre
15895,0,275000,0,"Departamento en Magdalena Del Mar, Lima","Magdalena del Mar, Lima",147.26,3,2,0,"Venta de departamento en Magdalena, en el límite con San Isidro. Este espacioso inmueble de 147.26 m2 se encuentra en el ...",https://www.laencontre.com.pe/inmueble/ed40-a383-19c44a5-72500caabd19-76a2,laencontre
15896,0,253500,0,"Departamento en San Borja, Lima","San Borja, Lima",153,3,3,0,"Venta hermoso departamento en San Borja se encuentra en el segundo piso de un edificio de 4 pisos, solo tiene dos departamentos...",https://www.laencontre.com.pe/inmueble/3390-8ae6-69e100bd-91c56e7759bb-4ebe,laencontre
15897,0,380000,0,"Departamento en Av. Coronel Reynaldo Vivanco, Surco, Perú","Santiago de Surco, Lima",199,3,4,0,"Amplio dpto de 200 metros techados, con ascensor directo en 3er. piso. Muy cercaa avenidas principales y salida al Sur. Sala...",https://www.laencontre.com.pe/inmueble/552f-9cbf-192af80-46a4819778d3-76ec,laencontre
15898,0,1200000,0,"Departamento en Armendáriz, Miraflores, Perú","Armendáriz, Miraflores, Lima",482,3,6,0,VENTA DE PENTHOUSE EN MALECÓN DE ARMENDÁRIZ – MIRAFLORES - Área ocupada: 482 m² - Área construida: 461 m² - Precio: USD ...,https://www.laencontre.com.pe/inmueble/c6ca-9a14-19303d9-f2e82d176cfd-8078,laencontre
15899,0,199000,0,"Departamento en Miraflores, Lima","Miraflores, Lima",71,2,2,0,"EXCELENTE OPORTUNIDAD DE INVERSIÓN. Este lindo departamento se vende amoblado y equipado, listo para generar ingresos. Ideal...",https://www.laencontre.com.pe/inmueble/f099-a4ff-1982191-ad9e1d12c910-76ab,laencontre
15900,0,385000,0,"Departamento en Av. Coronel Reynaldo Vivanco 425, Santiago De Surco, Perú","Santiago de Surco, Lima",211,3,5,0,"Lindo departamento 2do. Piso, con vista a jardín interior, muy bien ubicado, cerca a avenidas principales y muy cerca a parques...",https://www.laencontre.com.pe/inmueble/2dc1-bbf7-191d965-7bda3e6ea241-75da,laencontre
15901,0,224000,0,"Departamento en Santiago De Surco, Lima","Santiago de Surco, Lima",127,3,2,0,Venta de departamento en Surquillo En 1er Piso 127m2 de Área 1 año de Antigüedad 1 Estacionamiento Descripción: - ...,https://www.laencontre.com.pe/inmueble/11fc-a295-19bc3bf-3375d6eb01ae-747f,laencontre
15902,0,630000,0,"Departamento en Santiago De Surco, Lima","Santiago de Surco, Lima",332,4,4,0,"LINDO PH DUPLEX CON HERMOSA VISTA A PARQUE Primer nivel: ascensor directo, recibo, sala super iluminada con ...",https://www.laencontre.com.pe/inmueble/41cf-b66a-19953fb-8ea00bfe8a10-7593,laencontre
15903,0,470000,0,"Departamento en Santa Cruz, Lima","Santa Cruz, Miraflores, Lima",220,3,2,0,MUY ACOGEDOR PH DUPLEX EN EDIFICIO CON SALIDA A PARQUE NACIONES UNIDAS. Area Ocupada 220m2 / area construida 180m2 Pisos...,https://www.laencontre.com.pe/inmueble/a012-b9b4-19953ec-72edc9a54487-76e5,laencontre
15904,0,139394,0,"Departamento en San Miguel, Lima","San Miguel, Lima",68.29,2,2,0,NUESTRO PROYECTO CARMENCA TE ESPERA... Comunícate con Jorly Hernández *9*8*9*3*1*0*1*5*0* Ubicado en la cuadra 1 de Calle...,https://www.laencontre.com.pe/inmueble/507f-8f39-19bc30d-afc6c75a2727-76e3,laencontre
15905,0,120412,0,"Departamento en San Miguel, Lima","San Miguel, Lima",64.06,2,2,0,NUESTRO PROYECTO CARMENCA TE ESPERA... Comunícate con Jorly Hernández *9*8*9*3*1*0*1*5*0* Ubicado en la cuadra ...,https://www.laencontre.com.pe/inmueble/25e7-9a3f-19bc30d-aa949674df1e-7973,laencontre
15906,0,335000,0,"Departamento en Santiago De Surco, Lima","Santiago de Surco, Lima",154,4,4,0,"Departamento en venta en El edificio Moon, situado en la Av. Circunvalación del Golf Los Incas en Santiago de Surco, ubicada...",https://www.laencontre.com.pe/inmueble/e360-ab87-19c91fc-1b9e23f05727-7855,laencontre
15907,0,200000,0,"Departamento en Jr. José De Sucre 726, San Miguel, Perú","San Miguel, Lima",201,4,4,0,"Hermoso DUPLEX en venta, ubicado en el 7mo PISO más azotea, el mismo que se encuentra cerca a Av. la Marina y a diferentes...",https://www.laencontre.com.pe/inmueble/bf15-9b9e-194f751-c8dfc92d702b-7087,laencontre
15908,0,178543,0,"Departamento en Santiago De Surco, Lima","Santiago de Surco, Lima",93.97,3,3,0,Contacto: Brenda Ramos 9.4.4.9.8.8.8... .-..0.4. Venta de espectacular departamento flat en segundo piso con vista externa...,https://www.laencontre.com.pe/inmueble/b9c0-ac3e-1976096-3be6d71afd34-7090,laencontre
15909,0,230000,0,"Departamento en Avenida Paseo De La Castellana 337, Urbanización La Castellana, Santiago De Surco, Lima, 15048, Per","Santiago de Surco, Lima",118,3,3,0,"🏡 ¡Vive en la exclusiva zona de La Castellana – Surco! Descubre este hermoso departamento de 110 m², ubicado en el 3er piso...",https://www.laencontre.com.pe/inmueble/6f16-9545-19cb538-e3f37e8c2bba-7186,laencontre
15910,0,131884,0,"Departamento en Avenida José Pardo 669, Miraflores, Perú","Miraflores, Lima",36,1,1,0,"En la cuadra 5 de la Av. Pardo, en el centro de Miraflores, se levanta éste nuevo edificio moderno y de vanguardia, con buenos...",https://www.laencontre.com.pe/inmueble/cd1f-9a22-19d0dbc-4e1cba4ffc2b-779f,laencontre
15911,0,160000,0,"Departamento en Magdalena Del Mar, Lima","Magdalena del Mar, Lima",80,3,2,0,"VENTA DE DEPARTAMENTO EN MAGDALENA DEL MAR Ubicado en el Jirón Antonio Raymondi, cuadra 3, este departamento en el quinto...",https://www.laencontre.com.pe/inmueble/c9e5-ab0e-19d273e-92375021a9cf-70c9,laencontre
15912,0,230000,0,"Departamento en Santa Cruz, Lima","Santa Cruz, Miraflores, Lima",118,3,2,0,SE VENDE DPTO SUPER BIEN UBICADO 3 DORMITS EDIFICIO CON CLUB HOUSE MIRAFLORES CERCA AL MALECON Luminosa Sala y comedor con...,https://www.laencontre.com.pe/inmueble/35a-bc7b-192453c-1899e19ac26b-73be,laencontre
15913,0,346363,0,"Departamento en El Olivar, Lima","El Olivar, San Isidro, Lima",147.59,3,2,0,ACOGEDOR PENTHOUSE DE 2 PISOS EN EL OLIVAR Area Ocupada: 145.58 m2 / Area Techada 116.71m2 / Area Libre 28.87 m2. Muy buena...,https://www.laencontre.com.pe/inmueble/c2f1-8207-19953ee-2e98fd3d67fe-73ba,laencontre
15914,0,390000,0,"Departamento en El Olivar, Lima","El Olivar, San Isidro, Lima",147.59,3,2,0,ACOGEDOR PENTHOUSE DE 2 PISOS EN EL OLIVAR Area Ocupada: 147.59m2 / Area Techada 118.25m2 / Area Libre 29.34 m2. Muy buena...,https://www.laencontre.com.pe/inmueble/9cad-8a35-19953ee-d9e1e780ff64-7bc3,laencontre
15915,0,502617,0,"Departamento en El Olivar, Lima","El Olivar, San Isidro, Lima",215,3,3,0,ACOGEDOR PH DE 2 PISOS EN EL OLIVARArea Ocupada: 215 m2 / Area Techada 131.72 m2 / Area Libre 83.48 m2. Muy buena ubicación...,https://www.laencontre.com.pe/inmueble/4ee6-a95a-19953ee-7897a13715d6-72e0,laencontre
15916,0,96389,0,"Departamento en Santiago De Surco, Lima","Santiago de Surco, Lima",53,2,2,0,"Se ofrece en venta un moderno departamento ubicado en la exclusiva zona de Vulcano, en Santiago de Surco, Lima. A tan solo...",https://www.laencontre.com.pe/inmueble/8cf4-a846-19bc30c-eef363fd2f19-7c4b,laencontre
15917,0,280000,0,"Departamento en Santiago De Surco, Lima","Santiago de Surco, Lima",142,3,3,0,"Ubicado en la exclusiva Urb. La Castellana, a pocos minutos del Óvalo Higuereta. Su ubicación es privilegiada, con fácil ...",https://www.laencontre.com.pe/inmueble/1c3b-a601-19cd517-a1c5546ebd09-77bf,laencontre
15918,0,166083,0,"Departamento en José Gregorio Paredes 279, Lima, Perú","Pueblo Libre, Lima",80.14,3,2,0,"En venta amplio y lindo departamento con vista exterior, en edificio con áreas comunes. Cerca de supermercados, comercios...",https://www.laencontre.com.pe/inmueble/152d-81eb-19c33c2-dc597f8e224c-7ea5,laencontre
15919,0,206944,0,"Departamento en Miraflores, Lima","Miraflores, Lima",68,2,2,0,"Imagina vivir en un espacio único, innovador y de alto nivel que transformará tu estilo de vida. Con un diseño exclusivo...",https://www.laencontre.com.pe/inmueble/7533-a7e0-19d318b-f6372ba526cc-7bd1,laencontre
15920,0,560000,0,"Departamento en Avenida Circunvalación Del Club Golf Los Incas 1007, Urbanización Fundo Monterrico Chico, Santiago De Surco, Lima, 15023, Per","Santiago de Surco, Lima",265,3,3,0,Excelente Departamento Penthouse duplex en venta con 3 dormitorios y dos terrazas con vista a los Cerros de Camacho en Circunvalación...,https://www.laencontre.com.pe/inmueble/a83-8987-19bfe57-b2f8e86f480d-789f,laencontre
15921,0,159000,0,"Departamento en Contisuyo 234, San Miguel, Perú","Maranga, San Miguel, Lima",81.2,3,2,0,"En venta dpto. casi nuevo de menos de 4 años en el piso 4, con 81.15m2 y estacionamiento incluido en el precio, con las siguientes...",https://www.laencontre.com.pe/inmueble/f44f-b272-19d3aa1-b84d519c26d0-77be,laencontre
15922,0,220000,0,"Departamento en Avenida San Borja Sur 179, San Borja, Perú","San Borja, Lima",90.12,3,2,0,"Departamento ubicado en el piso 10 de un moderno edificio frente al Parque La Familia, en San Borja Sur, una de las zonas...",https://www.laencontre.com.pe/inmueble/ca16-a6f6-19c2586-356dad0ee86c-72b2,laencontre
15923,0,190000,0,"Departamento en Av. Javier Prado Oeste, Magdalena Del Mar, Perú","Magdalena del Mar, Lima",78.76,3,2,0,"JCG092503 DEPARTAMENTO MODERNO CON BALCÓN Y VISTA EXTERNA • Área: 78.76m2 • Precio $190,000 • Piso 2, ascensor • Dirección...",https://www.laencontre.com.pe/inmueble/d903-bfad-1999b6b-249aac9267d4-757e,laencontre
15924,0,185000,0,"Departamento en Av. 15 De Enero 3, Miraflores, Perú","Miraflores, Lima",105.59,2,2,0,"Vive frente a uno de los parques más emblemáticos de Miraflores y disfruta de la seguridad, tranquilidad y áreas verdes de...",https://www.laencontre.com.pe/inmueble/f3d3-9275-19cb497-820cfeb4259e-7881,laencontre
15925,0,235000,0,"Departamento en Santiago De Surco, Lima","Santiago de Surco, Lima",116,3,3,0,Vendo acogedor departamento con vista a la calle en Batallón Callao Sur. Excelente ubicación: cerca de av. Caminos del Inca...,https://www.laencontre.com.pe/inmueble/a533-9481-19bc152-10a2c4ff9cca-72d4,laencontre
15926,0,112404,0,"Departamento en Avenida Los Faisanes 305, Chorrillos, Perú","Chorrillos, Lima",100,3,2,0,𝐄𝐍 𝐕𝐄𝐍𝐓𝐀 𝐃𝐄𝐏𝐀𝐑𝐓𝐀𝐌𝐄𝐍𝐓𝐎 𝐄𝐍 𝐂𝐇𝐎𝐑𝐑𝐈𝐋𝐋𝐎𝐒 - 𝐏𝐫𝐢𝐦𝐞𝐫 𝐏𝐢𝐬𝐨 Av. Los Faisanes 3ra Cuadra 𝐏...,https://www.laencontre.com.pe/inmueble/56a6-9b38-19b5e73-b9f6a4c7cd9-7552,laencontre
15927,0,370000,0,"Departamento en Santiago De Surco, Lima","Santiago de Surco, Lima",170,4,4,0,"VENTA DE MODERNO DÚPLEX EN SURCO – 170 m² $370,000 DESCRIPCION 📍 Ubicado en la mejor zona residencial de Surco, en esquina...",https://www.laencontre.com.pe/inmueble/f518-a383-19b098e-30b4be4268fa-77d5,laencontre
15928,0,180000,0,"Departamento en Montoneros 345, Surco, Perú","Santiago de Surco, Lima",106.5,2,2,0,Vendo acogedor departamento en Primer Piso Calle Los Montoneros – Urb. Neptuno Edificio de 4 pisos No Ascensor Departamento...,https://www.laencontre.com.pe/inmueble/9cd5-99ad-19d6a48-5221834cdbfe-74f2,laencontre
15929,0,220000,0,"Departamento en Av. La Paz, Miraflores, Lima, Perú","Barranco, Lima",130,2,2,0,"Vendo departamento dúplex en 8vo piso en Av. La Paz - Miraflores, con muy buena ubicación cerca a Centro Comerciales, Colegios...",https://www.laencontre.com.pe/inmueble/65a6-ad7f-19a030a-86b7f4b27843-709f,laencontre
15930,0,630000,0,"Departamento en Malecón Luis Benjamín Cisneros, Miraflores, Lima, 15074, Per","Santa Cruz, Miraflores, Lima",236.85,3,3,0,"Buen departamento con vista exterior desde todos los ambientes, mucha luz natural y ventilación. Amplia sala comedor con ...",https://www.laencontre.com.pe/inmueble/8bf9-92b2-19d3354-999c725f64aa-71ce,laencontre
15931,0,80000,0,"Departamento en Jirón Los Arándanos 574b, San Juan De Lurigancho, Lima, 15419, Per","San Juan de Lurigancho, Lima",76,2,1,0,"Ubicado en Jr. Los Arándanos 579 – SJL, a media cuadra del paradero 7 de la Av. Las Flores de Primavera, dentro de una urbanización...",https://www.laencontre.com.pe/inmueble/ca52-9239-19cd36f-b16eebcb1334-75ce,laencontre
15932,0,215000,0,"Departamento en Av. San Borja Sur, Lima, Perú","San Borja, Lima",92,3,2,0,Vendo Departamento San Borja Sur Área 92 m2 San Borja Sur casi san isidro cerca de parques de clinicas iglesias etc 3 dormitorios...,https://www.laencontre.com.pe/inmueble/87f7-87f7-19a78e4-689ef7a88642-7360,laencontre
15933,0,240000,0,"Departamento en Jirón General José Ramón Pizarro 501, Pueblo Libre, Perú","Pueblo Libre, Lima",255,6,5,0,"VENDO AMPLIO DEPARTAMENTO EN 2DO PISO EN EL PARQUE DE LAS AMERICAS CON LINDA VISTA EXTERIOR CERCA A PRINCIPALES AVENIDAS,...",https://www.laencontre.com.pe/inmueble/81ef-8793-19cb11a-2fdd85eedbe1-7794,laencontre
15934,0,107000,0,"Departamento en Av. El Sol, Ate, Perú","Salamanca De Monterrico, Ate, Lima",106,3,2,0,"Lindo dpto. ubicado en Zona Estratégica de Ate Cuenta con sala, comedor - cocina integrada (estilo americano) 3 dormitorios...",https://www.laencontre.com.pe/inmueble/5dbe-a81c-470cefa8-234ab6dfb66e-4984,laencontre
15935,0,426000,0,"Departamento en Miraflores, Lima","Miraflores, Lima",218,3,3,0,¡Descubre tu nuevo hogar en el corazón de Miraflores! 🌟 Este impresionante dúplex de 218 m² es el espacio perfecto para ...,https://www.laencontre.com.pe/inmueble/9ec9-94b3-19259bc-5f43a139b74f-7b31,laencontre
15936,0,549000,0,"Departamento en Romero 1025, Lima, Provincia De Lima 15081, Perú","Cercado de Lima, Lima",0,12,0,0,Inversión Inmobiliaria en Bloque – Edificio Completo en Venta Edificio completo en venta ubicado en la calle Luis Romero...,https://www.laencontre.com.pe/inmueble/ee23-8335-19bc90b-ed8e9aee992d-74de,laencontre
15937,0,189000,0,"Departamento en San Borja, Lima","San Borja, Lima",121,3,3,0,"Departamento ubicado en San Borja en 2° piso sin ascensor, frente a parque. conservado, amplio y funcional, pisos de parquet...",https://www.laencontre.com.pe/inmueble/165d-ae7a-1985dcc-8620e75f3c47-747f,laencontre
15938,0,310000,0,"Departamento en Santiago De Surco, Lima","Santiago de Surco, Lima",162.7,3,2,0,"Ubicado en la prestigiosa zona de Chacarilla, en Santiago de Surco, este departamento ofrece una combinación perfecta de ...",https://www.laencontre.com.pe/inmueble/4694-a714-19c1fbc-5aeb6978a96f-78ca,laencontre
15939,0,396000,0,"Departamento en Calle Piura 862, Miraflores, Perú","Santa Cruz, Miraflores, Lima",191,3,3,0,"EXCELENTE DEPARTAMENTO TRIPLEX EN MIRAFLORES, JR. PIURA ,ALTURA DE COMANDANTE ESPINAR, CUENTA CON ASCENSOR DIRECTO AL DEPARTAMENTO...",https://www.laencontre.com.pe/inmueble/960e-b7e3-19bb01f-4d71c6cb8739-71bf,laencontre
15940,0,680000,0,"Departamento en Barranco, Lima","Barranco, Lima",272,3,3,0,"Elegante y luminoso departamento con pisos de madera pumaquiro y puertas en madera caoba con marcos de cajón, ubicado en ...",https://www.laencontre.com.pe/inmueble/2e44-bbe6-19a1a41-6c1b69482a8-76bf,laencontre
15941,0,396400,0,"Departamento en Calle José Del Llano Zapata 460, Miraflores, Lima, 15073, Per","Santa Cruz, Miraflores, Lima",132,3,2,0,"Lindo departamento de 3 dormitorios proyecto en Miraflores límite con San Isidro, a pasos de parques privados. El departamento...",https://www.laencontre.com.pe/inmueble/f3fb-abb8-197f338-a0ebe86b0f3e-7472,laencontre
15942,0,118336,0,"Departamento en Jesus Maria, Lima","Jesus Maria, Lima",43,1,1,0,"Venta de Moderno Departamento en Jesús María, con una excelente ubicación cerca de la avenida San Felipe . El edificio contará...",https://www.laencontre.com.pe/inmueble/49f-9233-1984907-23cb1aa9bd30-72ac,laencontre
15943,0,320000,0,"Departamento en C. Juan Fanning 429, Miraflores, Perú","Miraflores, Lima",125.8,3,3,0,¡Vive en Miraflores a pasos del Malecón y Larcomar! Calle Juan Fanning – Ubicación privilegiada Descubre este moderno departamento...,https://www.laencontre.com.pe/inmueble/f031-81b6-19c35b4-bbaa4c4841f3-7804,laencontre
15944,0,330000,0,"Departamento en Calle Porta 581, Miraflores, Perú","Miraflores, Lima",198.8,3,4,0,✨ Vive la experiencia de Miraflores en su máxima expresión ✨ Este espectacular departamento se encuentra en el piso 7 y ofrece...,https://www.laencontre.com.pe/inmueble/19ec-a696-199cf2d-5fd55774c522-73d9,laencontre
15945,0,80000,0,"Departamento en Lobatón, Lima","Lobatón, Lince, Lima",64,2,1,0,"APROVECHA! DEPARTAMENTO TOTALMENTE REMODELADO CERCA A PRINCIPALES AVENIDAS, MUY CENTRICO CERCA AL PARQUE CASTILLA ACCESO ...",https://www.laencontre.com.pe/inmueble/de32-8951-19cda2f-384469bccbe3-7167,laencontre
15946,0,530347,0,"Departamento en Av. Del Parque Nte., San Isidro, Perú","Corpac, San Isidro, Lima",213.07,3,5,0,"TMT062506 UBICACIÓN TOP, DISEÑO MODERNO Y AMPLITUD REAL Exclusivo edificio de 8 pisos, de solo 14 departamentos, ubicado...",https://www.laencontre.com.pe/inmueble/1000a-ab78-1976611-2a6fe844dd8a-72ab,laencontre
15947,0,458860,0,"Departamento en Av. Del Parque Nte., San Isidro, Perú","Corpac, San Isidro, Lima",154.77,3,5,0,"TMT062504 ESPACIOS QUE HABLAN DE TI Exclusivo edificio de 8 pisos, de solo 14 departamentos, ubicado en una de las zonas...",https://www.laencontre.com.pe/inmueble/c78b-99c4-197659b-7558f77c83e8-7f6b,laencontre
15948,0,366013,0,"Departamento en Av. 28 De Julio, Miraflores, Perú","Miraflores, Lima",150,2,2,0,Vendo Hermoso Duplex de Estreno en Miraflores Ubicado : Av 28 de Julio Cuadra 6 Miraflores Ultimo Duplex de estreno Entrega...,https://www.laencontre.com.pe/inmueble/6e66-8b1d-19ba5df-b594e4e1fc2c-71d2,laencontre
15949,0,210000,0,"Departamento en Santa Cruz, Lima","Santa Cruz, Miraflores, Lima",63.05,2,2,0,"Venta de departamento exclusivo en Miraflores,  Edifico boutique con fachada Autosostenible y acabados de calidad, ,el deparatmaneto...",https://www.laencontre.com.pe/inmueble/bc5b-afde-19ce525-d9611d3e8b04-7fb2,laencontre
15950,0,198000,0,"Departamento en Calle El Baron 270, Surco, Perú","Santiago de Surco, Lima",136,3,3,0,"Amplio departamento en primer piso elevado, ubicado a una paralela a Velasco Astete y a una cuadra de Av Benavides, Surco...",https://www.laencontre.com.pe/inmueble/f68-bf1a-19d07ea-8f5fc1f426d2-7148,laencontre
15951,0,369709,0,"Departamento en Miraflores, Lima","Miraflores, Lima",171,2,2,0,Penthouse Exclusivo en Miraflores – Estreno a pasos del Parque Kennedy Vive o invierte en el corazón de Miraflores con este...,https://www.laencontre.com.pe/inmueble/9f81-aadb-1995fed-9b38209e2f2b-73a3,laencontre
15952,0,145000,0,"Departamento en Magdalena Del Mar, Lima","Magdalena del Mar, Lima",120,3,2,0,CUENTA CON EXCELENTE VENTILACIÓN E ILUMINACIÓN. DPTO UBICADO EN 2DO PISO CON VISTA INTERIOR SALA Y COMEDOR BASTANTE AMPLIOS...,https://www.laencontre.com.pe/inmueble/3338-9dad-197ae00-1c22a2b3936d-7873,laencontre
15953,0,155000,0,"Departamento en Jiron Ernesto López Mindreau, Lima, Perú","Santiago de Surco, Lima",102,3,3,0,HERMOSO DEPARTAMENTO EN LA ZONA SURCO CON ASCENSOR. SALA Y COMEDOR SUPER AMPLIA CON PISOS LAMINADOS COCINA AMERICANA CON...,https://www.laencontre.com.pe/inmueble/e17d-a4d4-194ae59-74805bacdff2-73bb,laencontre
15954,0,5750000,0,"Departamento en Country Club, Lima","Country Club, San Isidro, Lima",900,4,4,0,Espectacular Duplex con doble altura de 4 amplios dormitorios completos en el Edificio más lujoso de San Isidro diseñado ...,https://www.laencontre.com.pe/inmueble/a22f-8599-19c31d6-4f89b71c118c-7c99,laencontre
15955,0,2100000,0,"Departamento en Avenida General Pezet, San Isidro, Perú","Orrantia, San Isidro, Lima",498,3,3,0,"Flat con Vista al Golf – Ascensor Directo y Terraza Departamento flat con ascensor directo, completamente remodelado, ubicado...",https://www.laencontre.com.pe/inmueble/1e47-883f-19aea53-3679293625ef-7725,laencontre
15956,0,280000,0,"Departamento en Av. Javier Prado Oeste, San Isidro, Perú","Country Club, San Isidro, Lima",130,3,3,0,VENDO DPTO 130m2 03 DORM + SERVICIO + COCHERA + DEPOSITO CERCA A WONG EN SAN ISIDRO EDIFICIO DE IMAGINA Ubicación: Javier...,https://www.laencontre.com.pe/inmueble/b8f-ba74-199ba48-b9a2e78ad25c-7202,laencontre
15957,0,199226,0,"Departamento en Santiago De Surco, Lima","Santiago de Surco, Lima",70,2,2,0,"Ubicado en la mejor zona residencial de Santiago de Surco, a unas cuadras del Centro Comercial El Polo y Mall Urban, muy ...",https://www.laencontre.com.pe/inmueble/1d9c-994c-6e8291ac-cee77404ed3-4e2f,laencontre
15958,0,148172,0,"Departamento en San Miguel, Lima","San Miguel, Lima",66.75,3,2,0,"¡DEPARTAMENTO DE ESTRENO EN VENTA EN MARANGA, SAN MIGUEL! 3D + COCINA CERRADA 66,75 M2 Desde S/. 499,600 (Precio referencial...",https://www.laencontre.com.pe/inmueble/be20-96f8-196efef-9011d65db97a-7376,laencontre
15959,0,116497,0,"Departamento en San Miguel, Lima","San Miguel, Lima",56.56,2,2,0,"¡DEPARTAMENTO DE ESTRENO EN VENTA EN MARANGA, SAN MIGUEL! 2D + KITCHENNET 56,56 M2 Desde S/. 392,800 (Precio referencial...",https://www.laencontre.com.pe/inmueble/64b7-bc60-196efef-ea5afb3ac56-7712,laencontre
15960,0,785000,0,"Departamento en Calle Contralmirante Villar, Miraflores, Perú","Santa Cruz, Miraflores, Lima",300,3,3,0,"Venta de Hermoso Dúplex Estreno en Miraflores Ubicado Contraalmirante villar en Miraflores Súper Céntrico, en la mejor...",https://www.laencontre.com.pe/inmueble/446c-9080-ec83f7c9-4f813906bbe5-502d,laencontre
15961,0,119226,0,"Departamento en Jirón Simón Bolívar 140, San Miguel, Perú","San Miguel, Lima",73.58,2,2,0,¡Vive cerca al mar y disfruta de la tranquilidad y el estilo de vida que mereces!☀️ Este acogedor departamento de 73.58 m²...,https://www.laencontre.com.pe/inmueble/45a0-b4a9-19a55e5-e8c5ff4e56d-7703,laencontre
15962,0,585000,0,"Departamento en Avenida Aurelio Miró Quesada, San Isidro, Lima, 15073, Per","Country Club, San Isidro, Lima",244,3,5,0,Departamento en venta frente al Golf San Isidro Aurelio Miro Quesada piso 9 Vista espectacular al Golf Y por la parte de...,https://www.laencontre.com.pe/inmueble/30dc-a83f-19750e4-bd2fb59abf52-74c4,laencontre
15963,0,89900,0,"Departamento en Prolongación Javier Prado, Ate, Lima, 15012, Per","Mayorazgo, Ate, Lima",78,3,2,0,"🏢OCASION❗️VENDO DPTO ATE- MAYORAZGO, Límite La Molina 📞Contáctame al: +51 968-303---- Carolina De la Cruz Ubicado en...",https://www.laencontre.com.pe/inmueble/b1fe-919e-1973745-829956e1bb1-77fb,laencontre
15964,0,240000,0,"Departamento en Calle Audiencia 208, San Isidro, Lima, 15046, Per","Corpac, San Isidro, Lima",132.35,2,3,0,"Estupendo dúplex de 2 dormitorios parcialmente remodelado, ubicado en piso 10 y 11 de un edificio con extraordinarias áreas...",https://www.laencontre.com.pe/inmueble/46f5-992c-19d04fb-81e068205417-77a9,laencontre
15965,0,525000,0,"Departamento en Avenida Nicolás De Rivera 862, San Isidro, Lima, 15073, Per","Country Club, San Isidro, Lima",214,3,3,0,Vive la armonía perfecta entre el estilo tradicional y una ubicación privilegiada. Este departamento es un refugio de serenidad...,https://www.laencontre.com.pe/inmueble/efb2-8318-19cb7bb-274b7cf685c1-7d1f,laencontre
15966,0,269000,0,"Departamento en Miraflores, Lima","Miraflores, Lima",119.26,2,2,0,"Se vende impecable departamento de reestreno, remodelación integral hace menos de 1 año, ubicado en una de las zonas más ...",https://www.laencontre.com.pe/inmueble/8569-a6ac-19ca322-abbc7114881f-7104,laencontre
15967,0,63000,0,"Departamento en C. Galeano Y Mendoza 638, Lima, Perú","Cercado de Lima, Lima",63,3,1,0,"VENTA DE DEPARTAMENTO EN CERCADO DE LIMA – CONDOMINIO SEGURO Precio de venta: US$ 63,000 Ubicación: Edificio 16, Piso 701...",https://www.laencontre.com.pe/inmueble/378a-a4ab-199d73a-77058560fb1b-76f3,laencontre
15968,0,105000,0,"Departamento en Jirón Francisco Bolognesi 389, San Miguel, Lima, 15086, Per","San Miguel, Lima",72,3,2,0,"BAJO DE PRECIO Amplio y exclusivo departamento con inmejorable ubicación, a un paso del Malecón Bertolotto. Cercano a diversos...",https://www.laencontre.com.pe/inmueble/ae6-99bd-195441d-c5cb2e6e5ba6-74d2,laencontre
15969,0,184178,0,"Departamento en Av. De Los Patriotas, San Miguel 15087, Perú","Maranga, San Miguel, Lima",89.32,3,2,0,MODERNO DEPARTAMENTO DUPLEX DE ESTRENO CON TECNOLOGÍA DOMÓTICA DE ÚLTIMA GENERACIÓN C/ AREAS COMUNES LISTOS PARA LA ENTREGA...,https://www.laencontre.com.pe/inmueble/ee5c-853e-19d6aad-e29f4aab2dd1-754e,laencontre
15970,0,112600,0,"Departamento en San Miguel, Lima","San Miguel, Lima",59,2,2,0,"HERMOSO DEPARTAMENTO DE ESTRENO, EN EL CORAZÓN DE SAN MIGUEL. ESTE FUNCIONAL DEPARTAMENTO, UBICADO EN EL PISO 6, CUENTA CON...",https://www.laencontre.com.pe/inmueble/92f1-b9ff-19cdfff-5daa0138794e-747c,laencontre
15971,0,350000,0,"Departamento en Calle Los Libertadores, San Isidro, Perú","El Olivar, San Isidro, Lima",140,3,2,0,"DEPARTAMENTO BIEN UBICADO EN CALLE LOS LIBERTADORES - SAN ISIDRO CON AMBIENTES AMPLIOS , BUENA DISTRIBUCIÓN E ILUMINACION...",https://www.laencontre.com.pe/inmueble/4892-931e-1920670-359d87d72836-71a4,laencontre
15972,0,570000,0,"Departamento en Parque Acosta, Pasaje Jose De Acosta, San Isidro, Lima, Perú","Orrantia, San Isidro, Lima",143,2,2,0,"Descubre este moderno dúplex de estreno ubicado en el exclusivo Parque Acosta, dentro de un elegante edificio de solo 14 ...",https://www.laencontre.com.pe/inmueble/9a2f-b7bd-199c00b-1ca5d39a7108-76fd,laencontre
15973,0,156121,0,"Departamento en Maranga, Lima","Maranga, San Miguel, Lima",85,2,3,0,"Se encuentra a media cuadra de Plaza San Miguel y a minutos de centros comerciales, supermercados, bancos, restaurantes, ...",https://www.laencontre.com.pe/inmueble/a998-a333-192b1ce-14c618ccc6e8-7197,laencontre
15974,0,293617,0,"Departamento en Avenida 28 De Julio 639, Miraflores, Perú","Armendáriz, Miraflores, Lima",102,3,2,0,"Ubicado en el moderno edificio ECO 28 - av 28 de Julio. Con un abanico diversos de servicios, accesos rápidos a avenidas ...",https://www.laencontre.com.pe/inmueble/4b53-90dd-19d1c47-728dda5f2bd9-7404,laencontre
15975,0,620000,0,"Departamento en Av. Gral. Juan Antonio Pezet, San Isidro, Perú","Orrantia, San Isidro, Lima",165,3,2,0,JDP022404 HERMOSO DEPARTAMENTO DE LUJO EN EDIFICIO MODERNO CON VISTA AL MAR Hermoso departamento de lujo en edificio moderno...,https://www.laencontre.com.pe/inmueble/51f9-a80b-86fd859c-aa4e8eab30c9-47d3,laencontre
15976,0,498000,0,"Departamento en Malecón De La Marina, Miraflores, Perú","Santa Cruz, Miraflores, Lima",183,3,3,0,"CCV092502 📍Av. Malecón de la Marina, Miraflores 📐 AT: 183m 💴 PRECIO DE VENTA: $ 498,000 🤩 Lindo y moderno departamento...",https://www.laencontre.com.pe/inmueble/96c9-a107-19973f8-f79c24589396-7348,laencontre
15977,0,115667,0,"Departamento en Magdalena Del Mar, Lima","Magdalena del Mar, Lima",51,2,2,0,"Departamento en Magdalena del Mar. 51 m², 2 dormitorios, 2 baños y kitchenette con línea blanca incluida. Un espacio moderno...",https://www.laencontre.com.pe/inmueble/286f-a68d-19bb9bb-8acfe64340db-7373,laencontre
15978,0,312895,0,"Departamento en Santiago De Surco, Lima","Santiago de Surco, Lima",184.61,3,3,0,DÚPLEX EXCLUSIVO EN PREVENTA CERCA A PARQUE EN SURCO Entrega: Agosto 2026 | 184.61 m² | 3 dormitorios Vive en un edificio...,https://www.laencontre.com.pe/inmueble/7b66-88ed-19cbbf2-afb0258e83f6-790d,laencontre
15979,0,370000,0,"Departamento en Avenida Aurelio Miró Quesada, San Isidro, Lima, Perú","Country Club, San Isidro, Lima",172,2,2,0,"Elegante departamento frente al Golf de San Isidro con vista espectacular desde la sala y el cuarto principal. AO: 172m2,...",https://www.laencontre.com.pe/inmueble/267-997c-196d511-a1f3f71babfa-7911,laencontre
15980,0,1900000,0,"Departamento en Jr Jacinto Lara San Isidro, San Isidro, Perú","Orrantia, San Isidro, Lima",740,4,4,0,"Exclusiva propiedad de Braganini en San Isidro – Límite con Miraflores ¡Vive en la zona más exclusiva de San Isidro, a un...",https://www.laencontre.com.pe/inmueble/bab7-a170-19aea47-276812a73976-7130,laencontre
15981,0,450000,0,"Departamento en Av. El Rosario, San Isidro, Perú","Country Club, San Isidro, Lima",177,3,3,0,"Impecable flat con espectacular vista al Golf de San Isidro, ubicado en elegante edificio de 20 pisos. Cuenta con hall de...",https://www.laencontre.com.pe/inmueble/4484-a40a-199cef7-f6da1bb8006d-7865,laencontre
15982,0,195000,0,"Departamento en Miraflores, Lima","Miraflores, Lima",121.5,2,2,0,"🏙️ Amplio departamento en venta en La Aurora, Miraflores – 121.5 m² Vive en un departamento con excelente distribución, ...",https://www.laencontre.com.pe/inmueble/f8f-bd30-19c8e00-43a239bc19e7-7855,laencontre
15983,0,108000,0,"Departamento en Mayorazgo, Lima","Mayorazgo, Ate, Lima",78,3,2,0,HERMOSO DEPARTAMENTO DE ESTRENO EN VENTA EN MAYORAZGO - ATE. UBICADO CERCA A AV. HUAROCHIRI CON AV. SEPARADORA INDUSTRIAL...,https://www.laencontre.com.pe/inmueble/622362,laencontre
15984,0,1200000,0,"Departamento en Avenida Los Nogales 32, Urbanización Santa Rosa De Quives, Santa Anita, Lima, Per","El Agustino, Lima",520,4,4,0,"Exclusivo Flat de 520 m², con techos altos y excelente iluminación natural, que ofrece una vista privilegiada al Golf. El...",https://www.laencontre.com.pe/inmueble/1e5d-8119-19cd6a2-63adbd6ac113-7c9a,laencontre
15985,0,330000,0,"Departamento en Malecón Bernales 191, San Isidro, Lima, 15076, Per","Orrantia, San Isidro, Lima",177,3,3,0,¿Buscas la paz del malecón con la conectividad de San Isidro? Bienvenidos a este espectacular departamento de 177 m2 en el...,https://www.laencontre.com.pe/inmueble/70a5-9a88-19ca322-afe3e62f5758-7e43,laencontre
15986,0,595000,0,"Departamento en Santa Cruz, Lima","Santa Cruz, Miraflores, Lima",295.39,5,3,0,"Al ingresar al departamento, se siente de inmediato la amplitud de un dúplex bien resuelto: circulaciones claras, ambientes...",https://www.laencontre.com.pe/inmueble/7bec-8fea-19c6a7c-1e6754748763-7bca,laencontre
15987,0,160000,0,"Departamento en San Luis, Lima","San Luis, Lima",65,1,1,0,"Hermoso dúplex en venta con ideal distribución. Ubicado en un piso 9 con balcón, tiene una vista panorámica que le da amplitud...",https://www.laencontre.com.pe/inmueble/71a3-84f2-19b9231-6f2e2bc97aff-771d,laencontre
15988,0,349000,0,"Departamento en Calle José Dionisio Anchorena 32, San Isidro, Lima, 15076, Per","Orrantia, San Isidro, Lima",180.95,3,2,0,"Moderno flat de 180 m² en una de las zonas más exclusivas de San Isidro, muy cerca del Golf y a pasos del Colegio León Pinelo...",https://www.laencontre.com.pe/inmueble/403-b1e9-19b1699-f38acffe41ca-7a56,laencontre
15989,0,115667,0,"Departamento en Jesus Maria, Lima","Jesus Maria, Lima",53.45,2,2,0,"Rodéate de naturaleza , departamento de 2 dormitorios ubicado en la mejor zona de Jesús María cerca a parques y a la Av Salaverry...",https://www.laencontre.com.pe/inmueble/2f4b-81fd-19c49b2-60fb57ef1b4c-70f8,laencontre
15990,0,265000,0,"Departamento en Urbanización, Calle Dr. Carlos E. Ferreyros U., San Isidro, Perú","Corpac, San Isidro, Lima",150,3,2,0,"¡Oportunidad única! Venta de amplio departamento remodelado en impecable estado, ubicado en un edificio de 4 pisos con una...",https://www.laencontre.com.pe/inmueble/3161-bb6d-9a9e3987-820759635004-4130,laencontre
15991,0,890000,0,"Departamento en El Boulevard 167, Santiago De Surco, Perú","Santiago de Surco, Lima",1,5,5,0,"ZONA TRANQUILA Y SEGURA, FRENTE EMBAJADA AMERICANA, CERCA DE TODO, CLINICAS, BANCOS, RESTAURANTES, EL BARRIO ES MUY BONITO...",https://www.laencontre.com.pe/inmueble/f4c6-8442-19d0895-6eb9a5fe331-7235,laencontre
15992,0,112404,0,"Departamento en Avenida Los Faisanes 305, Chorrillos, Perú","Chorrillos, Lima",100,3,2,0,𝐄𝐍 𝐕𝐄𝐍𝐓𝐀 𝐃𝐄𝐏𝐀𝐑𝐓𝐀𝐌𝐄𝐍𝐓𝐎 𝐄𝐍 𝐂𝐇𝐎𝐑𝐑𝐈𝐋𝐋𝐎𝐒 - 𝐏𝐫𝐢𝐦𝐞𝐫 𝐏𝐢𝐬𝐨 Av. Los Faisanes - Cuadra 3 𝐏...,https://www.laencontre.com.pe/inmueble/abe7-8fdf-19ce4cc-fb9248ce284a-77d7,laencontre
15993,0,2300000,0,"Departamento en Av. Gral. Juan Antonio Pezet 200, San Isidro, Perú","Country Club, San Isidro, Lima",810,4,4,0,Descripción PH en Venta con Vista Panorámica al Golf de San Isidro Amplio y elegante triplex pent-house con vista panorámica...,https://www.laencontre.com.pe/inmueble/cbe-885a-196880f-75d3e4dbc990-7915,laencontre
15994,0,425000,0,"Departamento en Miraflores, Lima","Miraflores, Lima",187,3,2,0,"VENDO DEPARTAMENTO CON TERRAZA Y VISTA LATERAL AL MAR EN MIRAFLORES Edificio de 8 pisos, hay en total 7 departamentos, este...",https://www.laencontre.com.pe/inmueble/ed30-a340-191c993-a26aa1378bfa-75dd,laencontre
15995,0,190000,0,"Departamento en Pueblo Libre, Lima","Pueblo Libre, Lima",132,3,3,0,"Ubicado en la tranquila y acogedora calle Cabo Gutarra, en Pueblo Libre, Lima, este espectacular departamento en venta ofrece...",https://www.laencontre.com.pe/inmueble/4793-9711-198e364-f1c85674981e-7552,laencontre
15996,0,134945,0,"Departamento en Dinamarca 136, Ate, Perú","Salamanca De Monterrico, Ate, Lima",99,3,2,0,“Amplio y luminoso departamento de 3 dormitorios y 3 baños frente al parque en Ate”. “Ubicación: El edificio está ubicado...,https://www.laencontre.com.pe/inmueble/f537-b05a-1930361-a29ab22a32d0-719f,laencontre
15997,0,125000,0,"Departamento en Mayorazgo, Lima","Mayorazgo, Ate, Lima",85,3,2,0,HERMOSO DEPARTAMENTO DE ESTRENO EN VENTA EN MAYORAZGO - ATE. UBICADO CERCA A AV. HUAROCHIRI CON AV. SEPARADORA INDUSTRIAL...,https://www.laencontre.com.pe/inmueble/d3eb-8bf1-194fbda-21bab8da7342-7e61,laencontre
15998,0,87788,0,"Departamento en Condominio Gorriones 3, Calle Ontario 275, Chorrillos, Perú","Chorrillos, Lima",72,3,2,0,"En venta interesante Departamento de 72m2 con vista a calle y balcón en dormitorio principal. En total: 3 dormitorios, 2...",https://www.laencontre.com.pe/inmueble/e64d-b1f7-19d7439-8ff2720fa7c4-76a4,laencontre
15999,0,159000,0,"Departamento en Santa Cruz, Lima","Santa Cruz, Miraflores, Lima",88,2,2,0,Se vende departamento ubicado en zona céntrica de Miraflores. A pocas cuadras de Av. Angamos Oeste y José Pardo. Cerca a ...,https://www.laencontre.com.pe/inmueble/866b-a8db-19c93af-158e6937ccdf-7384,laencontre
16000,0,93423,0,"Departamento en Jesus Maria, Lima","Jesus Maria, Lima",34.85,1,1,0,"Rodéate de naturaleza , departamento de 1 dorm ubicado en la mejor zona de Jesús María cerca a parques y a la Av Salaverry...",https://www.laencontre.com.pe/inmueble/be74-922a-19c49b7-f258987d6c54-7be0,laencontre
16001,0,215556,0,"Departamento en Av. José Gálvez Barrenechea, San Borja, Perú","San Borja, Lima",89.9,3,2,0,JCG122302 ENTREGA INMEDIATA DEPARTAMENTOS 201-202-301-302-402 EN PROYECTO NATURA ECO LIVING UBICACIÓN: AV. JOSÉ GÁLVEZ...,https://www.laencontre.com.pe/inmueble/b68b-9ff2-9c4fb075-ed93367cd7ec-4840,laencontre
16002,0,321792,0,"Departamento en Av. José Gálvez Barrenechea, San Borja, Perú","San Borja, Lima",179.76,3,3,0,"SFV122306 Hermoso departamento de estreno en San Borja ✨ 📍AV. JOSÉ GÁLVEZ BARRENECHEA, SAN BORJA ENTREGA INMEDIATA Dúplex...",https://www.laencontre.com.pe/inmueble/1532-a18d-71a56c6b-ab21a4271180-4f14,laencontre
16003,0,875000,0,"Departamento en Calle Manuel Ugarte Y Moscoso, San Isidro, Perú","Magdalena del Mar, Lima",460,3,2,0,"SFV022407 Lujoso Penthouse con piscina, esquina Av. Pezet y Ca. Ugarte y Moscoso🏡💫   📍 Calle Ugarte y Moscoso 9XX San...",https://www.laencontre.com.pe/inmueble/5b3b-9483-31b3c895-72059c2aa093-4e92,laencontre
16004,0,387000,0,"Departamento en Calle Ramón Ribeyro, Barranco, Perú","Barranco, Lima",166.89,3,4,0,CCV112502 🤩 Amplio y bien ubicado Duplex con gran terraza Vive en Barranco disfruta de Miraflores!! 📍 Jiron Ramon ...,https://www.laencontre.com.pe/inmueble/72b6-8e72-19aa246-b04b3a7cf8f0-7334,laencontre
16005,0,199900,0,"Departamento en Jr. José Cossio, Magdalena Del Mar, Perú","Magdalena del Mar, Lima",98,3,3,0,"JDP092503 BONITO DEPARTAMENTO CERCA AL LIMA CRICKET CLUB Buena ubicación, con salidas rápidas a las avenidas Del Ejército...",https://www.laencontre.com.pe/inmueble/3c06-96ab-199443c-fb27f8983f43-743a,laencontre
16006,0,136428,0,"Departamento en Av. Arequipa, Cercado De Lima, Perú","Cercado de Lima, Lima",59,2,2,0,ABL032501 ¡Compra Ahora! Departamentos DE ESTRENO frente al parque de las Aguas EQUIPADOS 🏡 📍 Av. Arequipa 7XX Cercado...,https://www.laencontre.com.pe/inmueble/2ddb-bf89-195688b-617a8ad35744-7914,laencontre
16007,0,595000,0,"Departamento en Aurora, Miraflores, Perú","Miraflores, Lima",355,3,4,0,"📸 Fotos referenciales de los acabados y distribución de los espacios. Se cuenta con 3 opciones de dúplex, uno de ellos ideal...",https://www.laencontre.com.pe/inmueble/591889,laencontre
16008,0,79000,0,"Departamento en Cercado De Lima, Lima","Cercado de Lima, Lima",83,3,2,0,¡Imagina despertar cada mañana en un lugar lleno de tranquilidad y comodidad! Tenemos disponible un hermoso departamento...,https://www.laencontre.com.pe/inmueble/dc61-b1d3-19abd41-84eebc1ae220-7dab,laencontre
16009,0,279000,0,"Departamento en Juan De La Torre, Lima, Perú","Santiago de Surco, Lima",190,3,3,0,"EXCELENTE DEPARTAMENTO EN UNA MUY BUENA UBICACIÓN, CERCA A PARQUES Y CON BUENA VISTA. SE ENCUENTRA EN UN 3ER PISO. NO CUENTA...",https://www.laencontre.com.pe/inmueble/97b-86f8-195395e-ffbef86ad25c-73b9,laencontre
16010,0,320000,0,"Departamento en Av. San Borja Nte., San Borja, Perú","San Borja, Lima",164,3,3,0,"Moderno DÚPLEX DE ESTRENO en zona residencial tranquila y segura. 🛋️ Amplia sala, comedor y estar familiar 🍳 Cocina cerrada...",https://www.laencontre.com.pe/inmueble/e17e-b037-199a29b-49964ffd64cf-77a2,laencontre
16011,0,326000,0,"Departamento en Avenida Santa Cruz 1251, Miraflores, Lima, 15073, Per","Santa Cruz, Miraflores, Lima",110.42,3,2,0,No paga Alcabala! Proyecto! Hermoso departamento en cuarto piso con vista a la ciudad en zona exclusiva de Miraflores. Linda...,https://www.laencontre.com.pe/inmueble/57d-a2db-19bdf71-1d556775421e-70d0,laencontre
16012,0,151000,0,"Departamento en Maranga, Lima","Maranga, San Miguel, Lima",127,4,3,0,CONTACTO: YURY TOCRECEL: 9*5*6*3*9*5*2*8*6 Departamento amplio en San Miguel – Ubicación estratégica Vive con comodidad y...,https://www.laencontre.com.pe/inmueble/e979-8cfd-19accb4-7e3f9230f2cd-763c,laencontre
16013,0,239000,0,"Departamento en Calle Cantuarias 355, Miraflores, Perú","Miraflores, Lima",101,3,2,0,"Cerca de centros comerciales, restaurantes, clínicas, colegios. Goza del privilegio de estar ubicado en el corazón del distrito...",https://www.laencontre.com.pe/inmueble/b4e8-bfbb-fad948d-cd93ab962c24-415c,laencontre
16014,0,205000,0,"Departamento en Santiago De Surco, Lima","Santiago de Surco, Lima",107.28,3,3,0,"           Departamento Flat en Surco — Listo para mudarte Descubre este moderno departamento de 2 niveles ubicado en , ...",https://www.laencontre.com.pe/inmueble/4f0f-9141-19bbf9b-b278bf21b69c-74f1,laencontre
16015,0,550000,0,"Departamento en Boulevard Roosevelt, San Isidro, Perú","Country Club, San Isidro, Lima",155,3,3,0,JCG082502 Departamento acogedor en PISO 1 ubicado en San Isidro PREMIUM 📍Ubicado con frente a un Boulevard con acceso ...,https://www.laencontre.com.pe/inmueble/d3f5-8759-198c89d-a2a88fb68ef0-71f4,laencontre
16016,0,398669,0,"Departamento en El Olivar, Lima","El Olivar, San Isidro, Lima",151.59,3,2,0,ACOGEDOR TOWN HOUSE DE 2 PISOS EN EL OLIVAR Area Ocupada:151.59m2 / Area Techada 135.33 m2 / Area Libre 16.26 Muy buena ubicación...,https://www.laencontre.com.pe/inmueble/7f5b-8269-19953fb-3cf7cc194d6a-7578,laencontre
16017,0,398669,0,"Departamento en El Olivar, Lima","El Olivar, San Isidro, Lima",151.59,3,2,0,ACOGEDOR TOWN HOUSE DE 2 PISOS EN EL OLIVAR Area Ocupada:151.59m2 / Area Techada 135.33 m2 / Area Libre 16.26 Muy buena...,https://www.laencontre.com.pe/inmueble/89c9-a28e-19953fa-e5270560bcc9-72cf,laencontre
16018,0,456632,0,"Departamento en El Olivar, Lima","El Olivar, San Isidro, Lima",182.21,3,3,0,ACOGEDOR DPTO FLAT EN EL OLIVAR Area Ocupada: 182.21 m2 / Area Techada: 130.48 m2 / Area libre: 51.73m2 Muy buena ubicación...,https://www.laencontre.com.pe/inmueble/c964-886d-19953eb-730c49eb3ce0-7f91,laencontre
16019,0,426064,0,"Departamento en El Olivar, Lima","El Olivar, San Isidro, Lima",163.2,3,2,0,ACOGEDOR TOWN HOUSE DE 2 PISOS EN EL OLIVAR Area Ocupada: 163.20m2 / Area Techada: 132.32m2 / Area Libre 30.88m2 Muy buena...,https://www.laencontre.com.pe/inmueble/da3e-84c9-19953e9-5320e3cdb3ee-7b72,laencontre
16020,0,230000,0,"Departamento en Santiago De Surco, Lima","Santiago de Surco, Lima",260,4,3,0,"Estupendo departamento en Surco, frente a Parque, zona bien segura. Es un dúplex en 4to piso En el primer nivel Sala comedor...",https://www.laencontre.com.pe/inmueble/3230-ad0b-1f06ece4-e23d41ea4c0b-42ec,laencontre
16021,0,268110,0,"Departamento en Miraflores, Lima","Miraflores, Lima",93,2,2,0,"Presentamos un espectacular departamento en venta en Miraflores, Lima, ideal para quienes buscan una inversión de calidad...",https://www.laencontre.com.pe/inmueble/3e42-ac36-19c781f-ce0b0c73828f-768c,laencontre
16022,0,302832,0,"Departamento en Miraflores, Lima","Miraflores, Lima",105,3,3,0,"Departamento ubicado en el corazón de Miraflores, este encantador departamento representa una oportunidad excepcional para...",https://www.laencontre.com.pe/inmueble/94c9-be82-19c774e-4c16e6c8786e-763f,laencontre
16023,0,213539,0,"Departamento en Puerta Del Sol, La Castellana, Surco, Perú","Santiago de Surco, Lima",144,3,3,0,Vendo duplex de lujo en santiago de surco En Urb. La Castellana surco Cerca al Ovalo de Higuereta Acabados de primera 5to...,https://www.laencontre.com.pe/inmueble/47cc-81ad-19af6d9-e736a7655161-736f,laencontre
16024,0,213421,0,"Departamento en Avenida José Gálvez Barrenechea 943, San Borja, Perú","Corpac, San Isidro, Lima",90.13,3,2,0,"Ubicado en Av Gálvez Barrenechea cuadra 9 casi Del Parque Sur, zona muy residencial y con negocios cercanos. NO PAGA ALCABALA...",https://www.laencontre.com.pe/inmueble/912e-bf49-199794b-2e08d6f052fa-777f,laencontre
16025,0,123081,0,"Departamento en Institucion Educativa Dory Kids, Parque El Carmen 1380, Magdalena Vieja, Lima, 15084, Per","Pueblo Libre, Lima",77.5,3,2,0,"Descubre un departamento moderno, funcional y con espacios realmente cómodos, ubicado en una zona 100% residencial, tranquila...",https://www.laencontre.com.pe/inmueble/f5f5-bb92-c47631ac-8236868e6608-42ae,laencontre
16026,0,284423,0,"Departamento en Avenida Juan De Aliaga 488, Magdalena Del Mar, Lima, 15076, Per","Magdalena del Mar, Lima",102.01,3,2,0,"Ubicado en la Av. Juan de Aliaga, en el límite con San Isidro, este exclusivo departamento combina lo mejor de dos mundos...",https://www.laencontre.com.pe/inmueble/dc3-8865-7d3f601e-d34720780088-4097,laencontre
16027,0,180000,0,"Departamento en Avenida La Paz 811, Miraflores, Lima, 15074, Per","Miraflores, Lima",82,3,2,0,✨ Departamento amoblado en Av. La Paz 811 – Miraflores (piso 27) ✨ 📐 82 m² | 🛏️ 3 dormitorios | 🚿 3 baños | 🌇 Vista...,https://www.laencontre.com.pe/inmueble/a0c8-84fa-76c6ec8f-5709d6048994-45c5,laencontre
16028,0,595000,0,"Departamento en Calle General Clement 230, San Isidro, Lima, 15073, Per","Country Club, San Isidro, Lima",172,2,2,0,"Con una vista maravillosa al Boulevard Roosevelt y a las copas de los eucaliptos, este departamento en sexto piso destaca...",https://www.laencontre.com.pe/inmueble/5c38-a07c-19d5c87-8c0123027bf1-7e32,laencontre
16029,0,157485,0,"Departamento en Avenida Casimiro Ulloa, Lima, Perú","Miraflores, Lima",60.77,2,2,0,RAD092501 Lindo e iluminado departamento en Miraflores en la Urb San Antonio – en Miraflores ideal para alquiler o vivienda...,https://www.laencontre.com.pe/inmueble/80fb-98e1-1998239-d5c3d4f069c2-736a,laencontre
16030,0,448000,0,"Departamento en Jirón Monte Carmelo, Chacarilla Del Estanque, Surco, Perú","Santiago de Surco, Lima",242,3,4,0,SFV092506 Amplio departamento con 2 terrazas en el corazón de Chacarilla ✨ 📍 Monte Carmelo . Chacarilla . Surco PISO...,https://www.laencontre.com.pe/inmueble/1d21-974b-199724d-eaa6bfb31325-744e,laencontre
16031,0,182309,0,"Departamento en Santiago De Surco, Lima","Santiago de Surco, Lima",92,2,2,0,"Se vende departamento de estreno en Surco, frente al parque. No paga alcabala. Características: 2 dormitorios con walk-in...",https://www.laencontre.com.pe/inmueble/9b77-a783-19c29b9-f022260122c6-7eb9,laencontre
16032,0,300000,0,"Departamento en Orrantia, Lima","Orrantia, San Isidro, Lima",130,3,3,0,¿Te imaginas vivir en un lugar donde cada rincón está diseñado para ofrecerte comodidad y estilo? ÚLTIMO DEPARTAMENTO...,https://www.laencontre.com.pe/inmueble/df91-8455-194f219-fda3519502ce-7fc1,laencontre
16033,0,85000,0,"Departamento en Jirón Andrómeda 855, Chorrillos, Perú","Chorrillos, Lima",65.97,3,2,0,Acogedor departamento en segundo piso con vista interior. - Tres dormitorios (balcón en el dormitorio principal) - Dos ...,https://www.laencontre.com.pe/inmueble/3ddc-8a20-19c9d20-ee4ec86aa213-7627,laencontre
16034,0,949000,0,"Departamento en Club Golf Los Incas, Santiago De Surco, Perú","Santiago de Surco, Lima",683,4,4,0,"Cuatro dormitorios amplios cada uno con baño incorporado, sala de estar, jardín amplio con terraza ( 168 m2) y bar, sala ...",https://www.laencontre.com.pe/inmueble/13e6-a562-c71b99b6-e425c6d0410e-4491,laencontre
16035,0,700000,0,"Departamento en Av. Camino Real 845, San Isidro, Perú","El Olivar, San Isidro, Lima",320,3,3,0,"Departamento en Av. Camino Real, construido por conocidos arquitectos. Dos ascensores directo al piso. Un departamento por...",https://www.laencontre.com.pe/inmueble/563191,laencontre
16036,0,356500,0,"Departamento en El Olivar, Lima","El Olivar, San Isidro, Lima",130,3,2,0,ACOGEDOR DPTO EN EL OLIVAR Muy buena ubicación a unos pasos del parque y diseñado por un estudio arquitectónico de renombre...,https://www.laencontre.com.pe/inmueble/7198-a6e3-19953ed-78c03b2dbf0d-74aa,laencontre
16037,0,104000,0,"Departamento en San Miguel, Lima","San Miguel, Lima",111.53,3,3,0,OPRTUNIDAD DE DEPARTAMENTO EN Jr. AYACUCHO - SAN MIGUEL A.O: 111.53 m2; Antigüedad: 27 años; vista externa; NO COCHERA; NO...,https://www.laencontre.com.pe/inmueble/324d-b83a-19bc460-eb7196c9a727-72f3,laencontre
16038,0,86000,0,"Departamento en Prolongación 28 Julio, Ur. La Arequipeña, Pueblo Libre, Lima, 15084, Per","Pueblo Libre, Lima",50,1,2,0,SE VENDE LINDO DEPARTAMENTO DE ESTRENO EN PUEBLO LIBRE Departamento de 50m² en Pueblo Libre de estreno. Rodeado por parques...,https://www.laencontre.com.pe/inmueble/fdc-a7c2-4a2215c9-4d780fff288-4529,laencontre
16039,0,538690,0,"Departamento en Calle José Del Llano Zapata 460, Miraflores, Lima, 15073, Per","Santa Cruz, Miraflores, Lima",152,3,2,0,"Lindo departamento en proyecto de 3 dormitorios de 152m2 en Miraflores límite con San Isidro, a pasos de parques privados...",https://www.laencontre.com.pe/inmueble/94fd-a6b7-19ae319-8f7f37c856d2-7eae,laencontre
16040,0,312500,0,"Departamento en Calle José Del Llano Zapata 460, Miraflores, Lima, 15073, Per","Santa Cruz, Miraflores, Lima",108,1,2,0,"Lindo departamento de 1 dormitorio en venta, en proyecto, en Miraflores límite con San Isidro, a pasos de parques privados...",https://www.laencontre.com.pe/inmueble/fe6c-ae3c-19a8666-2dff066a9a6b-7220,laencontre
16041,0,106000,0,"Departamento en Avenida Manuel De La Fuente Chávez 638, Barranco, Perú","Cercado de Lima, Lima",60,3,2,0,"Se vende dpto de 60m2 3 habitaciones en Barranco en un segundo piso con vista exterior sin ascensor, escaleras super cómodas...",https://www.laencontre.com.pe/inmueble/7afa-b6a3-19bfbf0-f0cfbaf5a64d-7872,laencontre
16042,0,195000,0,"Departamento en Parque Manuel Gonzales Prada 115-185, Barranco, Lima, 15047, Per","Barranco, Lima",134,3,4,0,"CMS112503 ENCANTADOR Y APACIBLE DEPARTAMENTO UBICADO EN PARQUE GONZALES PRADA, BARRANCO • EXCELENTE UBICACIÓN LÍMITE CON...",https://www.laencontre.com.pe/inmueble/586440,laencontre
16043,0,780000,0,"Departamento en Avenida Aurelio Miró Quesada, San Isidro, Perú","Country Club, San Isidro, Lima",260,2,4,0,CCV072502 Amplio y elegante departamento en Av. Miroquesada con hermosa vista al Golf de San Isidro 📍Av. Aurelio Miró...,https://www.laencontre.com.pe/inmueble/cdf3-9ab9-198332e-5e4f7e28baf0-72e4,laencontre
16044,0,248358,0,"Departamento en Avenida Las Casuarinas, Urbanización Bellatrix, Santiago De Surco, Lima, 15023, Per","Santiago de Surco, Lima",106,3,3,0,Disfruta de una ubicación privilegiada en una de las zonas más exclusivas y residenciales de Surco. Este moderno y acogedor...,https://www.laencontre.com.pe/inmueble/49f6-a7b5-124fbff4-c0fad6a830a1-414b,laencontre
16045,0,102000,0,"Departamento en Avenida La Paz 812, San Miguel, Lima, 15087, Per","San Miguel, Lima",76.3,3,2,0,🏡 Se Vende Departamento De 76 M² San Miguel DEPARTAMENTO 301 ⭐⭐ 𝐄𝐍𝐓𝐑𝐄𝐆𝐀 𝐃𝐄𝐋 𝐏𝐑𝐎𝐘𝐄𝐂𝐓𝐎: ABRIL 𝟐𝟎...,https://www.laencontre.com.pe/inmueble/5731-a886-a72a0cf2-ce09452b82ed-4686,laencontre
16046,0,113000,0,"Departamento en Avenida La Paz 812, San Miguel, Lima, 15087, Per","San Miguel, Lima",85,3,2,0,"DEPARTAMENTO 302 ⭐⭐ 𝐄𝐍𝐓𝐑𝐄𝐆𝐀 𝐃𝐄𝐋 𝐏𝐑𝐎𝐘𝐄𝐂𝐓𝐎: ABRIL 𝟐𝟎𝟐𝟔 ⭐⭐ 💵 S/. 379,000 (SOLES) Tu nuevo hogar...",https://www.laencontre.com.pe/inmueble/4422-bf1b-8a2428a3-20345e29f608-4ab8,laencontre
16069,0,131925,0,"Departamento en Cercado De Lima, Lima","Cercado de Lima, Lima",71,3,2,0,"Venta departamento Santa Beatriz ubicado a una cuadra del hermoso Parque de las Aguas, de fácil acceso y salida a varios ...",https://www.laencontre.com.pe/inmueble/fc9f-8a8b-5bff1c1f-eb3d373895a3-43ff,laencontre
16047,0,143000,0,"Departamento en Avenida La Paz 812, San Miguel, Lima, 15087, Per","San Miguel, Lima",110,3,3,0,"DUPLEX 601 𝐏𝐑𝐄𝐂𝐈𝐎: 𝐒/.481,𝟎𝟎𝟎 ⭐⭐𝐄𝐍𝐓𝐑𝐄𝐆𝐀 𝐃𝐄𝐋 𝐏𝐑𝐎𝐘𝐄𝐂𝐓𝐎: ABRIL 𝟐𝟎𝟐𝟔 ⭐⭐ Un DUPLEX de...",https://www.laencontre.com.pe/inmueble/2111-96ab-7a9fe709-63cc87ced358-4821,laencontre
16048,0,145000,0,"Departamento en Mayorazgo, Lima","Mayorazgo, Ate, Lima",120,3,1,0,¡Imagina despertar cada mañana en un lugar lleno de tranquilidad y comodidad! Tenemos disponible un hermoso departamento...,https://www.laencontre.com.pe/inmueble/31ca-be79-19a2d10-53fa419fb444-78a1,laencontre
16049,0,347675,0,"Departamento en El Olivar, Lima","El Olivar, San Isidro, Lima",130,3,3,0,ACOGEDOR Y MODERNO DUPLEX EN EL OLIVAR Muy buena ubicación a unos pasos del parque y diseñado por Arquitectos de renombre...,https://www.laencontre.com.pe/inmueble/384a-a945-19953ee-32768878659a-7a95,laencontre
16050,0,413877,0,"Departamento en El Olivar, Lima","El Olivar, San Isidro, Lima",140.51,3,2,0,ACOGEDOR DPTO EN EL OLIVAR Muy buena ubicación a unos pasos del parque y diseñado por un estudio arquitectónico de renombre...,https://www.laencontre.com.pe/inmueble/f942-a12e-19953ed-4e4a04fe0afa-7745,laencontre
16051,0,301485,0,"Departamento en El Olivar, Lima","El Olivar, San Isidro, Lima",120.69,2,2,0,ACOGEDOR FLAT EN EL OLIVAR Area Ocupada: 120.69m2 / Area Techada: 88.71m2 / Area Libre: 31.98m2 Muy buena ubicación a unos...,https://www.laencontre.com.pe/inmueble/a5a3-89ab-19953ec-dac463a93c4c-7c82,laencontre
16052,0,375104,0,"Departamento en El Olivar, Lima","El Olivar, San Isidro, Lima",130.04,3,2,0,ACOGEDOR DPTO EN EL OLIVAR Muy buena ubicación a unos pasos del parque y diseñado por un estudio arquitectónico de renombre...,https://www.laencontre.com.pe/inmueble/bb5b-bf85-19953ea-11f63974db90-7794,laencontre
16053,0,131000,0,"Departamento en San Miguel, Lima","San Miguel, Lima",79,3,2,0,"Ubicado en un moderno condominio con seguridad 24/7 y múltiples accesos, este departamento de 79 m² les brindará todas las...",https://www.laencontre.com.pe/inmueble/9120-9edc-19a5a95-9f40c9220810-7163,laencontre
16054,0,265000,0,"Departamento en Alcala, Surco, Perú","Santiago de Surco, Lima",125,2,2,0,"MFC092501 CÓMODO Y LUMINOSO DEPARTAMENTO DUPLEX CON UBICACIÓN PRIVILEGIADA, EN LA CASTELLANA SURCO, Y FRENTE A PARQUE ...",https://www.laencontre.com.pe/inmueble/14e2-bf04-199635b-e1ef9cf92974-774f,laencontre
16055,0,285000,0,"Departamento en Av. El Derby, Surco, Perú","Santiago de Surco, Lima",178,3,3,0,"Vendo Hermoso Departamento Derby Surco Av. El Derby xxxx Surco Área: 178 mt2 Piso 10 Cuenta con 03 dormitorios, cuarto...",https://www.laencontre.com.pe/inmueble/9bfa-bae4-1920391-30580349f1c2-73ba,laencontre
16056,0,135000,0,"Departamento en San Juan De Lurigancho, Lima","San Juan de Lurigancho, Lima",134,4,3,0,"¡Excelente oportunidad de compra! Tenemos disponible 3 modernos departamentos de estreno en edificio multifamiliar, con vista...",https://www.laencontre.com.pe/inmueble/b543-9b3a-19bde81-a7d334f9c321-70e0,laencontre
16057,0,99900,0,"Departamento en Avenida Andrés Razuri, San Miguel, Lima, 15087, Per","Maranga, San Miguel, Lima",79,3,2,0,"Vive en una de las zonas residenciales más tranquilas y seguras de San Miguel, rodeado de parques, con excelente conectividad...",https://www.laencontre.com.pe/inmueble/aa0d-b778-19ce012-363fe9e2fdab-7800,laencontre
16058,0,210000,0,"Departamento en Avenida Alejandro Velasco Astete, Surco, Perú","Santiago de Surco, Lima",97,3,2,0,"VENDO DEPARTAMENTO DE ESTRENO en 7º piso de edificio con buena ubicación en Av. Alejandro Velasco Astete. AT: 97 M2, PRECIO...",https://www.laencontre.com.pe/inmueble/64d6-b347-190f0a4-e982cf04e72f-790d,laencontre
16059,0,930000,0,"Departamento en Av. Velasco Astete, Santiago De Surco, Perú","Santiago de Surco, Lima",537,4,5,0,"Moderno departamento duplex de estreno, cuenta con 4 habitaciones con baño propio, amplia sala de estar, (balcón de 12m2)...",https://www.laencontre.com.pe/inmueble/9b5c-9ce4-80e7c699-b4ec71995dee-4754,laencontre
16060,0,129,0,"Departamento en San Miguel, Perú","Maranga, San Miguel, Lima",103.79,3,2,0,"Venta dpto. San Miguel Área 103.79m2 Sala y comedor bien amplios, cocina y lavandería Cuenta con 3 dormitorios con closets...",https://www.laencontre.com.pe/inmueble/8ba5-9b29-19cde84-9564990a53e8-70a1,laencontre
16061,0,178127,0,"Departamento en Jirón 2 De Mayo 150, Barranco, Perú","Cercado de Lima, Lima",82,2,2,0,"A 2 cuadras del Parque Municipal de Barranco, en calle 2 de Mayo se ubica éste edificio moderno que armoniza con el entorno...",https://www.laencontre.com.pe/inmueble/60cf-ab37-19cdfe9-e3ed72b69a8e-757d,laencontre
16062,0,145000,0,"Departamento en Corpac, Lima","Corpac, San Isidro, Lima",46,1,1,0,"EXCELENTE DPTO. EN VENTA EN EL CORAZÓN FINANCIERO - SAN ISIDRO, IDEAL PARA AIRBNB. Ubicado Rivera Navarrete con Dean Valdivia...",https://www.laencontre.com.pe/inmueble/f142-8e67-19954f0-b2b13c27f170-7871,laencontre
16063,0,275157,0,"Departamento en Santiago De Surco, Lima","Santiago de Surco, Lima",172.49,3,2,0,"Vive con mayor espacio, luz natural y privacidad en un edificio boutique exclusivo Descubre este moderno departamento de ...",https://www.laencontre.com.pe/inmueble/3c93-9ffc-19d30ae-209768e229ce-7e98,laencontre
16064,0,49900,0,"Departamento en Magno Fernandez Moreano, San Martín De Porres, Perú","San Martin de Porres, Lima",105,4,2,0,"¡Oportunidad ÚNICA en Urbanización Residencial Los Nísperos! Ubicación estratégica → Muy cerca de Av. Tomás Valle, Bocanegra...",https://www.laencontre.com.pe/inmueble/9cf9-a92b-19bc7ca-4d01d8133b8c-71a8,laencontre
16065,0,790000,0,"Departamento en Calle Diego Ferré 279, Miraflores, Lima, 15074, Per","Miraflores, Lima",244,2,3,0,"Joya inmobiliaria en venta en super zona en Miraflores, Penthouse Duplex de 2 habitaciones. Departamento absolutamente moderno...",https://www.laencontre.com.pe/inmueble/5a94-b971-19ab9e6-bd96ef023310-74e1,laencontre
16066,0,385000,0,"Departamento en Avenida Angamos Oeste 1617, Miraflores, Lima, 15073, Per","Orrantia, San Isidro, Lima",183,3,2,0,Oportunidad de inversión! Venta de departamento con contrato de inquilino con una rentabilidad del 5.3%. Edificio diseñado...,https://www.laencontre.com.pe/inmueble/a52a-b50f-1974cd3-330fd3124827-7d51,laencontre
16067,0,670000,0,"Departamento en Avenida Cerros De Camacho 435, Urbanización Cerros De Camacho, Santiago De Surco, Lima, 15023, Per","Santiago de Surco, Lima",510,4,5,0,"Penthouse Dúplex en Venta, ubicado en la Av. Cerros de Camacho, Surco. Este gran penthouse dúplex posee una vista maravillosa...",https://www.laencontre.com.pe/inmueble/4c38-bd0f-194de3b-4bb2fd8ab175-73c2,laencontre
16068,0,267000,0,"Departamento en Calle Madrid, Miraflores, Perú","Miraflores, Lima",130,3,3,0,"Acogedor Dpto. En 3º piso con excelente iluminación. Muy accesible a todo, cerca a supermercados, centros comerciales, bancos...",https://www.laencontre.com.pe/inmueble/1375-b884-19495a3-7bc810ebddb2-790c,laencontre
16070,0,112440,0,"Departamento en Maranga, Lima","Maranga, San Miguel, Lima",68,3,2,0,"Vendo departamento estreno San Miguel, ha sido cuidadosamente diseñado para brindar la comodidad que usted y su familia necesitan...",https://www.laencontre.com.pe/inmueble/14fc-80c6-192b519-2eb11cf42d45-75d9,laencontre
16071,0,228684,0,"Departamento en Santiago De Surco, Lima","Santiago de Surco, Lima",109.36,3,2,0,"Vive con mayor espacio, luz natural y privacidad en un edificio boutique exclusivo Descubre este moderno departamento de ...",https://www.laencontre.com.pe/inmueble/f6d2-9f4a-19d3265-12638dca416d-7b8a,laencontre
16072,0,226442,0,"Departamento en Santiago De Surco, Lima","Santiago de Surco, Lima",109.36,3,2,0,"Vive con mayor espacio, luz natural y privacidad en un edificio boutique exclusivo Descubre este moderno departamento de ...",https://www.laencontre.com.pe/inmueble/6342-9429-19d30ae-2396e7de03a4-7b1e,laencontre
16073,0,89000,0,"Departamento en Barranco, Lima","Barranco, Lima",45,1,1,0,"Vive la experiencia de uno de los distritos más vibrantes de Lima en un departamento práctico, acogedor y bien distribuido...",https://www.laencontre.com.pe/inmueble/d583-8ac7-19ce87b-fe6f6fc5829f-7770,laencontre
16074,0,184696,0,"Departamento en Maranga, Lima","Maranga, San Miguel, Lima",109,3,2,0,"En Venta dptos. de estreno en San Miguel, NO PAGA ALCABALA, con los mejores acabados que tendrás y detallaremos a continuación...",https://www.laencontre.com.pe/inmueble/f3e4-ad95-19cb1b3-84387fe00395-7792,laencontre
16075,0,105000,0,"Departamento en M4, Los Olivos, Perú","Los Olivos, Lima",114.48,3,1,0,"Ubicación Departamento ubicado en la urbanización Puerta de Pro, con accesos rápidos a Próceres de Huandoy y Panamericana...",https://www.laencontre.com.pe/inmueble/ab81-9122-19c43fc-d508adf80a89-73f9,laencontre
16076,0,250000,0,"Departamento en Jirón Juan De Rada 319, Surco, Perú","Santiago de Surco, Lima",175,3,2,0,"Este Departamento Dúplex está ubicado en Surco, sobre la Av. Juan de Rada, una zona residencial tranquila y conectada con...",https://www.laencontre.com.pe/inmueble/9a0f-b675-19acc68-da9dc7547c5a-780e,laencontre
16077,0,340000,0,"Departamento en Jr. 9 370, San Borja, Perú","San Borja, Lima",228,4,3,0,Dúplex en San Borja — Oportunidad única ✨ 🏠 Tipo: Dúplex 📐 Área construida: 228 m² 🛏️ Habitaciones: 4 🚿 Baños:...,https://www.laencontre.com.pe/inmueble/cc3d-8232-19cbcc5-76ec972d8fe3-776e,laencontre
16078,0,88974,0,"Departamento en Av. La Marina 400, Pueblo Libre, Perú","Pueblo Libre, Lima",49,2,1,0,LINDO DPTO. EN VENTA EN PUEBLO LIBRE Sala-comedor y cocina abierta. 2 Dormitorios y 1 Baño completo. Closet como lavandería...,https://www.laencontre.com.pe/inmueble/7c92-92ad-19c170d-e9976e25ef66-7590,laencontre
16079,0,110000,0,"Departamento en Av. Elmer Faucett 243, San Miguel, Perú","Maranga, San Miguel, Lima",87,3,2,0,"¿Buscas comodidad, seguridad y una vista increíble? 🤩 ¡Este depa en el PISO 10 lo tiene todo para tu familia! ✨ 🏡 CARACTERÍSTICAS...",https://www.laencontre.com.pe/inmueble/5cf9-b470-19c7199-9939b860b5b-7624,laencontre
16080,0,250000,0,"Departamento en Avenida Alfredo Benavides Av, Miraflores, Lima, Perú","Miraflores, Lima",177,3,2,0,"Amplio y cómodo departamento en Av. Benavides, super céntrico, a pasos de tiendas, parque Kennedy, etc. AO: 177 m2. SE VENDE...",https://www.laencontre.com.pe/inmueble/744b-9c50-19a500b-a6634a22b1d-73ac,laencontre
16081,0,175000,0,"Departamento en Pucalá 120, Surco, Perú","Santiago de Surco, Lima",134.07,3,2,0,"UBICACIÓN El departamento está ubicado FRENTE A PARQUE en Calle Pucalá 120 Santiago de Surco, quinto piso sin ascensor, a...",https://www.laencontre.com.pe/inmueble/536b-8d07-197c35f-3380d5946ccf-76f0,laencontre
16082,0,410000,0,"Departamento en Jiron La Pradera, Urb Chacarilla Del Estanque, San Borja, Perú","San Borja, Lima",153,3,2,0,"Moderno y elegante dúplex de estreno ubicado en la exclusiva zona residencial de Chacarilla, San Borja. Destaca por su excelente...",https://www.laencontre.com.pe/inmueble/df20-a5b4-199bfe8-361fa4adf4d9-7178,laencontre
16083,0,328000,0,"Departamento en Los Recuerdos, San Borja, Perú","San Borja, Lima",154,3,3,0,"Departamento en venta – 154 m² – 3 dormitorios – 2 cocheras paralelas – Chacarilla, San Borja Amplio y bien distribuido ...",https://www.laencontre.com.pe/inmueble/22f4-a9a8-1986235-2b9d3a506afa-75c3,laencontre
16084,0,320000,0,"Departamento en Av. Alfredo Benavides, Surco, Perú","Santiago de Surco, Lima",225,3,2,0,Vendo Duplex 03 dorm. 225 m2 Av. Benavides Surco Ubicado en Jr. Leon Garcia Altura Av. Benavides cdra 36 xx en Santiago ...,https://www.laencontre.com.pe/inmueble/11e7-87f9-36a66797-d53302e1d7cb-4374,laencontre
16085,0,128355,0,"Departamento en Magdalena Del Mar, Lima","Magdalena del Mar, Lima",73,3,2,0,Venta departamento Magdalena del Mar el mismo que se encuentra cerca de Avenidas principales los que permiten un mayor desplazamiento...,https://www.laencontre.com.pe/inmueble/93bd-910c-7886d572-1427ab1c5d4-4129,laencontre
16086,0,185000,0,"Departamento en Cercado De Lima, Lima","Cercado de Lima, Lima",58.5,1,2,0,"Excelente departamento de 58.50m2 con vista interior, ubicado en el distrito de arte moderno de Barranco, zona muy tranquila...",https://www.laencontre.com.pe/inmueble/eed0-9bba-1993bae-ea98c79043c0-7b0a,laencontre
16087,0,146808,0,"Departamento en Avenida La Paz 769, San Miguel, Lima, 15086, Per","San Miguel, Lima",130,3,2,0,✨ Exclusividad y estilo de vida en Miramar – San Miguel Imagina vivir en una de las zonas más privilegiadas de San Miguel...,https://www.laencontre.com.pe/inmueble/2f7e-8c22-5abc21f4-73396d40ec51-448f,laencontre
16088,0,424000,0,"Departamento en Avenida General Pezet 1135, San Isidro, Perú","Orrantia, San Isidro, Lima",216,3,2,0,Buen departamento en venta en Pezet en piso 7 con impresionante vista al Golf y con muchísimo potencial para remodelación...,https://www.laencontre.com.pe/inmueble/1c63-a33b-19c8e89-be78d6bdd0dd-7da8,laencontre
16089,0,500000,0,"Departamento en Avenida Santa Cruz 830, Miraflores, Lima, 15073, Per","Santa Cruz, Miraflores, Lima",268,3,3,0,Excelente Penthouse Duplex en venta con gran terraza y 3 dormitorios cada uno con baño propio en linda zona céntrica en Miraflores...,https://www.laencontre.com.pe/inmueble/36a9-9239-199c2b5-645a08603b1d-7883,laencontre
16090,0,640000,0,"Departamento en Corpac, Lima","Corpac, San Isidro, Lima",152,3,2,0,El departamento destaca por tener mucha luz natural ya que se encuentra en esquina con vista a parque y los árboles en calle...,https://www.laencontre.com.pe/inmueble/5671-b4a6-190d843-5f7f314bbcef-7607,laencontre
16091,0,285000,0,"Departamento en Alameda Monte Umbroso, Lima, Perú","Santiago de Surco, Lima",160,3,3,0,"- Departamento de 160m2, 3 dormitorios, 3.5 banos, sala y comedor con vista panorámica al parque. - Ascensor directo al departamento...",https://www.laencontre.com.pe/inmueble/d5e8-baa2-19c72d9-86eaab644863-71e8,laencontre
16092,0,90000,0,"Departamento en Av Del Aire 1015, San Luis, Perú","San Luis, Lima",68.86,3,2,0,"Descubre tu próximo hogar en San Luis, Lima 🏡 Estamos encantados de presentarte este acogedor y luminoso departamento ubicado...",https://www.laencontre.com.pe/inmueble/e41c-81ec-19a9369-5ae52e38528d-71b2,laencontre
16093,0,269000,0,"Departamento en Calle Las Campanillas 149, Urbanización Casuarinas Sur, Santiago De Surco, Lima, 15023, Per","Santiago de Surco, Lima",198.35,4,2,0,¡Este impresionante dúplex es la oportunidad que estabas esperando! 📍Ubicado en una de las zonas más exclusivas de surco...,https://www.laencontre.com.pe/inmueble/6e0d-8206-48077da4-c26de5a29f12-4918,laencontre
16094,0,650000,0,"Departamento en Malecón Pazos 89-177, Barranco, Lima, 15063, Per","Barranco, Lima",255.87,3,3,0,"Lindo Depa en venta en Malecón Souza, una de las zonas más emblemáticas y hermosas del distrito de Barranco. Disfruta de ...",https://www.laencontre.com.pe/inmueble/d102-b64b-14d7da97-74e19dd1a46e-4bbe,laencontre
16095,0,149000,0,"Departamento en Santiago De Surco, Lima","Santiago de Surco, Lima",92,3,2,0,Venta de Departamento en Caminos del Inca – Santiago de Surco Vive en una de las zonas más valoradas y seguras de Surco!...,https://www.laencontre.com.pe/inmueble/a0b7-8ad0-19b3295-ddb5514577f6-7315,laencontre
16096,0,125000,0,"Departamento en Avenida Almirante Miguel Grau 1350, Barranco, Perú","Barranco, Lima",35,1,1,0,"Ubicado en un moderno edificio de uso mixto de departamentos, oficinas boutique y comercio. Consta de una torre de 21 pisos...",https://www.laencontre.com.pe/inmueble/4903-9ccb-19b814f-b09be2c2dc64-74b3,laencontre
16097,0,450000,0,"Departamento en Ancon, Lima","Ancon, Lima",240,4,4,0,LINDO Y MODERNO DEPARTAMENTO CON ESPECTACULAR VISTA AL MAR Ubicado en un edificio de 8 pisos en una de las mejores zonas...,https://www.laencontre.com.pe/inmueble/8bb6-89d5-19953fc-ba39f591b963-7861,laencontre
16098,0,128000,0,"Departamento en Jesus Maria, Lima","Jesus Maria, Lima",0,3,2,0,"Departamentos de estreno en la Avenida Arenales, Santa Beatriz Vive en una de las zonas con más historia de la ciudad. Santa...",https://www.laencontre.com.pe/inmueble/c699-9d84-1990785-4856594bba05-74f4,laencontre
16099,0,49500,0,"Departamento en Jirón Venus, San Martín De Porres, Lima, 15113, Per","San Martin de Porres, Lima",79.02,2,2,0,Este hermoso departamento de 79.02 m2 está ubicado en una de las zonas más privilegiadas y seguras del distrito de San Martin...,https://www.laencontre.com.pe/inmueble/befc-a5e2-19cfd1e-cec932be682f-70c5,laencontre
16100,0,218064,0,"Departamento en Calle Honorio Delgado, Magdalena Del Mar, Perú","Magdalena del Mar, Lima",99,3,2,0,DEPA DE 3 HAB DE 99 M2 CON BALCON HERMOSOS DEPAS EN CONSTRUCCIÓN ENTREGA FEBRERO 2027 CON ACABAMOS QUE ESPERABAS CON BALCON...,https://www.laencontre.com.pe/inmueble/a772-80fe-19d5f96-1da0fdc5611c-7094,laencontre
16101,0,1133777,0,"Departamento en Parque Enrique Martinelli Freundt, Avenida Ayacucho, Lima, Perú","Santiago de Surco, Lima",141,2,3,0,"Hermoso edificio de 8 pisos de entrega inmediata con vista al parque y lindas áreas comunes : zona de parrilla gym, coworking...",https://www.laencontre.com.pe/inmueble/e851-9325-19d137d-95d152aba390-730f,laencontre
16102,0,177500,0,"Departamento en Jirón Cristóbal De Peralta Sur 851, Santiago De Surco, Perú","Santiago de Surco, Lima",111,3,2,0,Venta Departamento flat 3 dormitorios - Valle Hermoso Vive con comodidad y bienestar en cada ambiente. Ideal para familias...,https://www.laencontre.com.pe/inmueble/8d49-b18e-19cb034-62ded8e940ce-70fa,laencontre
16103,0,180000,0,"Departamento en Mayorazgo, Lima","Mayorazgo, Ate, Lima",173,3,2,0,Este departamento es la oportunidad perfecta para comenzar una nueva etapa y hacer realidad todo lo que siempre soñaste!!...,https://www.laencontre.com.pe/inmueble/198d-89f0-19b5ce7-fec23fd98966-7817,laencontre
16104,0,750000,0,"Departamento en Golf, Avenida Aurelio Miró Quesada, San Isidro, Perú","Country Club, San Isidro, Lima",330,3,3,0,Lindo departamento con muy buena iluminación y hermosa vista al golf en Av. Aurelio Miroquesada - San Isidro. Ascensor directo...,https://www.laencontre.com.pe/inmueble/da61-b1df-19bfcc4-712a856e086b-74a1,laencontre
16105,0,591500,0,"Departamento en Calle La Pinta, San Isidro, Perú","El Olivar, San Isidro, Lima",201,4,3,0,"✨ ¡ÚNICO DEPARTAMENTO DE ESTRENO CERCA AL PARQUE EL OLIVAR! ✨ Vive con exclusividad en este moderno flat en primer piso,...",https://www.laencontre.com.pe/inmueble/2f9-ac94-19d20e6-13d5f27aa2d1-74d4,laencontre
16106,0,120000,0,"Departamento en San Miguel, Lima","San Miguel, Lima",60,2,2,0,Venta de Acogedor Departamento en SAN MIGUEL. Si estás listo para disfrutar de un departamento donde la luz entra y la vida...,https://www.laencontre.com.pe/inmueble/15b-b9f4-1982182-58d2cf566161-770f,laencontre
16107,0,110000,0,"Departamento en Puquina 115, San Miguel, Perú","San Miguel, Lima",117.89,3,2,0,Venta de Departamento San Miguel Primer Piso. VENTA DE DEPARTAMENTO EN PRIMER PISO CON TERRAZA. AERA TOTAL 117.89 M2 AREA...,https://www.laencontre.com.pe/inmueble/37a6-820c-19c6c9c-168b313c4382-77b2,laencontre
16108,0,259000,0,"Departamento en Magdalena Del Mar, Lima","Magdalena del Mar, Lima",173,3,3,0,"Descubre este luminoso y espacioso departamento flat de 173 m², ubicado en el piso 9, con vista externa directa a la Av. ...",https://www.laencontre.com.pe/inmueble/9724-9462-19bc30e-6a8d123e765d-77b8,laencontre
16109,0,199000,0,"Departamento en Carabayllo, Lima","Carabayllo, Lima",98,3,2,0,OPORTUNIDAD DE INVERSIÓN EN CARABAYLLOEdificio de 5 pisos en venta casi terminado al 70% para que lo concluyas a tu estilo.Son...,https://www.laencontre.com.pe/inmueble/d45e-8f3e-19d3afa-299e9df6d8d2-7b75,laencontre
16110,0,89000,0,"Departamento en Calle Andrés Avelino Cáceres, Urbanización Universal Etapa Ii, Santa Anita, Lima, 15008, Per","Santa Anita, Lima",142.02,0,0,0,"🏠 Duplex en venta — Santa Anita 📍 Dirección: Jr. Andrés Avelino Cáceres 425, Santa Anita 15008, Perú 🏢 Edificio...",https://www.laencontre.com.pe/inmueble/1482-a4fd-8c96645b-3655275750fb-482a,laencontre
16111,0,80000,0,"Departamento en Avenida Guardia Civil 960, San Isidro, Lima, 15036, Per","Corpac, San Isidro, Lima",33.7,1,1,0,"✨ Mini departamento en Corpac – San Isidro ✨ ¿Buscas un lugar cómodo, bien ubicado y perfecto para vivir! Te presento...",https://www.laencontre.com.pe/inmueble/186e-b6e7-88135c3d-484bd65b81c9-4c01,laencontre
16112,0,125900,0,"Departamento en Prolongación Javier Prado, Ate, Lima, 15012, Per","Mayorazgo, Ate, Lima",102.88,3,2,0,🌟 ¡Descubre tu nuevo hogar en Ate! 🌟 📞Contáctame al: +51 968-303---- Carolina De la Cruz 📍 Ubicado en Prolongación...,https://www.laencontre.com.pe/inmueble/508b-932d-1975b82-f987c0208f8e-7d46,laencontre
16113,0,670000,0,"Departamento en Urb San Remo, La Molina, Perú","El Sol De La Molina, La Molina, Lima",148,3,2,0,"Amplio departamento tipo flat, ubicado en la Urbanización San Remo – Sol de la Molina, 2da etapa, en una zona residencial...",https://www.laencontre.com.pe/inmueble/df86-8daf-19b95a0-d40bde2f8185-7090,laencontre
16114,0,1350000,0,"Departamento en Avenida General Jacinto Lara 367, San Isidro, Lima, 15073, Per","Orrantia, San Isidro, Lima",450,3,3,0,Lindo PH Duplex en Venta en San Isidro en Edificio de sólo 5 departamentos con Vista a Parque Privado Víctor Maurtua y ascensor...,https://www.laencontre.com.pe/inmueble/2d8d-9d04-199ebe8-2ea9dac9e4ab-7354,laencontre
16115,0,835000,0,"Departamento en Calle San Ignacio De Loyola 530, Miraflores, Lima, 15074, Per","Armendáriz, Miraflores, Lima",288.12,4,3,0,Espectacular departamento flat en venta de 4 dormitorios a pasos de Parque Melitón Porras en Miraflores. Ubicado en zona ...,https://www.laencontre.com.pe/inmueble/f346-80ef-19984e8-c7c3eda1f24c-7699,laencontre
16116,0,284787,0,"Departamento en Calle Enrique Barrón, Barranco, Perú","Barranco, Lima",89.25,3,4,0,"TMT032501 ¡DE ESTRENO! 🎉 VEN A DISFRUTAR EL ESTILO DE VIDA DE BARRANCO Donde el encanto, el arte, y la tradición, se ...",https://www.laencontre.com.pe/inmueble/9baa-83df-195cfec-9ad84b540b87-73c1,laencontre
16117,0,125000,0,"Departamento en Jirón Sol De Oro 7181, Urbanización Sol De Oro, Los Olivos, Lima, 15302, Per","Los Olivos, Lima",102,3,2,0,"¡GRAN OPORTUNIDAD EN LOS OLIVOS! VENTA DE DEPARTAMENTO DE ESTRENO DE – 102m² PRECIO DE OPORTUNIDAD $ 125,000.00 DOLARES...",https://www.laencontre.com.pe/inmueble/f0a0-87fa-2e9169f4-7075cf582d9e-4190,laencontre
16118,0,136000,0,"Departamento en Jirón El Azafrán 3854-3854, Urbanización Las Palmeras Etapa I, Los Olivos, Lima, 15301, Per","Los Olivos, Lima",104,3,3,0,VENDO DUPLEX LOS OLIVOS + COCHERA+ DEPOSITO (incluidos) Excelente oportunidad!! Moderno Duplex en la mejor zona top de...,https://www.laencontre.com.pe/inmueble/e90f-a2c6-2a651130-a6584b43d5a6-4d27,laencontre
16119,0,85000,0,"Departamento en Chosica, Lima","Chosica, Lima",84,2,1,0,¡Imagina despertar cada mañana en un lugar lleno de tranquilidad y comodidad! Tenemos disponible un hermoso departamento...,https://www.laencontre.com.pe/inmueble/e673-9e1d-19a2deb-a8bb6dbcf51c-74c6,laencontre
16120,0,145000,0,"Departamento en Mayorazgo, Lima","Mayorazgo, Ate, Lima",97,3,2,0,"¡Departamentos de Estreno en venta! en el 2do, 3er, 4to y 5to piso en la Urb. El Banco de Javier Prado, AteEstrena tu nuevo...",https://www.laencontre.com.pe/inmueble/2beb-b1b5-1998846-5fe74e7720d1-7e92,laencontre
16121,0,299000,0,"Departamento en Santiago De Surco, Lima","Santiago de Surco, Lima",140,3,2,0,MODERNO DEPARTAMENTO 3 DORMITORIOS CON JARDIN - PRIMER PISO- SURCO EL EDIFICIO SE ENCUENTRA MUY CERCA A LA UNIVERSIDAD DE...,https://www.laencontre.com.pe/inmueble/f6a4-b8d1-196c1b2-aad6ae32a0aa-7f74,laencontre
16122,0,350000,0,"Departamento en Jr. Carlos Baca Flor, Surco, Perú","Santiago de Surco, Lima",208,4,6,0,"HERMOSO TRIPLEX 208M2 - 4D + JACUZZI + TERRAZA + 2 ESTAC. -SURCO Jr. Baca Flor, cerca Mariscal Castilla, La Merced, Av. Simón...",https://www.laencontre.com.pe/inmueble/1c1f-b53d-19cf501-40319d4164bd-73f4,laencontre
16123,0,330000,0,"Departamento en Av. Angamos Oeste 1200, Miraflores, Perú","Santa Cruz, Miraflores, Lima",112,2,2,0,HERMOSO DPTO. CON AMPLIO BALCÓN Y SALIDA DIRECTA A PARQUE Sala-comedor con amplio balcón y baño de visitas. 2 Dormitorios...,https://www.laencontre.com.pe/inmueble/663e-b4c2-19d5b77-80ba32bfc2fe-721a,laencontre
16124,0,185000,0,"Departamento en Calle Malecón Norte, Punta Negra, Lima, 15851, Per","Punta Negra, Lima",127,4,3,0,🌴 ¡Oportunidad Única! Hermosa Propiedad Frente al Mar en Venta 🌊☀️ Vive cada día con la brisa marina y el sonido de ...,https://www.laencontre.com.pe/inmueble/72e7-b2d2-ae4c4571-e98570ac1983-467d,laencontre
16125,0,130496,0,"Departamento en Av. Angamos Este 1559, Surquillo, Perú","Surquillo, Lima",71,3,2,0,"Quieres tu hogar propio? este departamento es para ti, con una excelente distribución, ergonómico y donde cada metro cuadrado...",https://www.laencontre.com.pe/inmueble/5fe7-875c-195397d-8769ba9ffe1c-7f66,laencontre
16126,0,190000,0,"Departamento en Parque John F. Kennedy, Miraflores, Lima, Per","Miraflores, Lima",95.62,3,2,0,"Vive en el corazón de Miraflores: comodidad, estilo y ubicación perfecta 🌆 ¿Buscas un lugar que combine confort, practicidad...",https://www.laencontre.com.pe/inmueble/937b-8e82-1990711-a4880bd61a31-74c2,laencontre
16127,0,360000,0,"Departamento en Av. Del Sur, Lima, Perú","Santiago de Surco, Lima",325,3,2,0,"VENDO DPTO DUPLEX EN 3ER PISO EN AV. DEL SUR - CHACARILLA CON MODERNOS ACABADOS, LOS ESPACIOS SON AMPLIOS E ILUMINADOS! AO...",https://www.laencontre.com.pe/inmueble/86d8-b5e0-19d2c07-8882edc587ed-70d2,laencontre
16128,0,350000,0,"Departamento en Av. Buena Vista, San Borja, Perú","San Borja, Lima",284,3,5,0,"𝗠𝗼𝗱𝗲𝗿𝗻𝗼 𝗱𝗲𝗽𝗮𝗿𝘁𝗮𝗺𝗲𝗻𝘁𝗼 𝗱𝘂́𝗽𝗹𝗲𝘅 𝗳𝗮𝗺𝗶𝗹𝗶𝗮𝗿 ubicado en una 𝘇𝗼𝗻𝗮 𝘁𝗿𝗮𝗻𝗾𝘂𝗶𝗹𝗮, 𝗿𝗲𝘀...",https://www.laencontre.com.pe/inmueble/6075-823e-19abd17-309972cc6520-76a3,laencontre
16129,0,539000,0,"Departamento en Calle Antero Aspillaga 219, San Isidro, Lima, 15073, Per","Corpac, San Isidro, Lima",248,2,2,0,"Hermoso departamento de 2 dormitorios (con la posibilidad de 3) en San Isidro, ubicado en la exclusiva y tranquila zona de...",https://www.laencontre.com.pe/inmueble/1170-b5bc-19b5465-a40ddd09dcc3-7251,laencontre
16130,0,450000,0,"Departamento en José Del Llano Zapata, Miraflores, Perú","Santa Cruz, Miraflores, Lima",181.9,3,3,0,CCV042657 🤩 Moderno departamento en Miraflores con piscina y gimnasio común 📍Calle José Eusebio del Llano Zapata 3xx...,https://www.laencontre.com.pe/inmueble/7fbc-b93e-19d799b-7355890f7a61-7832,laencontre
16131,0,175000,0,"Departamento en Barranco, Lima","Barranco, Lima",76.7,2,2,0,¡Departamento de estreno en 3er piso con ascensor directo!  Vive en un moderno y exclusivo departamento de 2 dormitorios...,https://www.laencontre.com.pe/inmueble/276d-85f7-19ca07c-987b2f61716d-7207,laencontre
16132,0,170000,0,"Departamento en Barranco, Lima","Barranco, Lima",77,2,2,0,"¡Moderno, bien ubicado y sin alcabala en Barranco!  Ubicado en el 2do piso, este departamento de estreno ofrece funcionalidad...",https://www.laencontre.com.pe/inmueble/c852-bd1b-19ca07b-db6dcb75c3b2-771a,laencontre
16133,0,149000,0,"Departamento en Jirón Morro Solar, Valle Hermoso Oeste, Lima, Perú","Santiago de Surco, Lima",95,3,3,0,"Se vende departamento con balcón en Jr. Morro Solar cuadra 2 en Surco, cerca a Av Precursores de Chacarilla y cerca al puente...",https://www.laencontre.com.pe/inmueble/c182-9f44-19cb173-35dca6b8f53f-766b,laencontre
16134,0,225000,0,"Departamento en Santa Cruz, Lima","Santa Cruz, Miraflores, Lima",77,2,2,0,"ZONA RESIDENCIAL Y SEGURA A UN PASO DEL MALECON DE LA MARINA, CERCA DE TODO, A PARQUE GRAU, AVENIDAS PRINCIPALES COMO AV....",https://www.laencontre.com.pe/inmueble/edc5-8481-199a65d-bd342cd7aab8-7681,laencontre
16135,0,450000,0,"Departamento en Santiago De Surco, Lima","Santiago de Surco, Lima",187.21,3,4,0,"Departamento en venta – Chacarilla, San Borja ¿Buscas vivir en la mejor zona de Chacarilla ¡Este es el departamento de tus...",https://www.laencontre.com.pe/inmueble/2f99-bb9b-1994c2f-edec1207c64-7915,laencontre
16136,0,355000,0,"Departamento en Av. Del Parque Nte. 819, Lima, Perú","Corpac, San Isidro, Lima",160,3,3,0,"Moderno y elegante departamento con vista externa a las áreas verdes de Av. Parque Norte, totalmente iluminado y ventilado...",https://www.laencontre.com.pe/inmueble/a382-9bad-19ccc57-c86ff1c46fdb-7733,laencontre
16137,0,174687,0,"Departamento en San Miguel, Lima","San Miguel, Lima",129,2,2,0,"Se vende Flat de 129m2 ubicado en Jirón Manco Segundo - San Miguel, muy cerca a la Avenida La Marina y Avenida Rafael Escardo...",https://www.laencontre.com.pe/inmueble/ca2e-a5b6-19bc30b-4ec4192a670d-7ecb,laencontre
16138,0,114184,0,"Departamento en Av. Arequipa, Cercado De Lima, Perú","Cercado de Lima, Lima",45.53,1,1,0,ABL032502 📢 Invierte ahora y múdate YA! Departamento Estreno en pleno Cercado de Lima! 🏢✨ 📍 Dirección: Av. Arequipa ...,https://www.laencontre.com.pe/inmueble/91a3-872d-1956c9c-495757aef81f-7b2f,laencontre
16139,0,79000,0,"Departamento en Urb Los Cedros De Villa, Chorrillos, Perú","Chorrillos, Lima",71,3,2,0,"Ocasión: vendo dpto. de 71m2 en los Cedros de Villa - Chorrillos, es ideal para familia con hijos universitarios. En 2do ...",https://www.laencontre.com.pe/inmueble/e641-ab29-19c7274-dc3774b2d960-7765,laencontre
16140,0,127530,0,"Departamento en Av. Arequipa, Cercado De Lima, Perú","Cercado de Lima, Lima",60,2,2,0,"El edificio de 20 pisos que cuenta con una maravillosa vista al Parque de La Reserva. ENTREGA INMEDIATA, NO PAGA ALCABALA...",https://www.laencontre.com.pe/inmueble/d834-9f67-19c5e1f-8882b9cddc98-76b5,laencontre
16141,0,135000,0,"Departamento en Avenida De Los Patriotas 359, San Miguel, Perú","Maranga, San Miguel, Lima",95,3,2,0,"🏡 ¡ Departamento en San Miguel – Av. Patriotas! ✨ Hermoso dpto de 95m2 en 5° piso, 3 dormitorios amplios y luminosos. ...",https://www.laencontre.com.pe/inmueble/daec-bd59-19bfd98-84456efe2430-719f,laencontre
16142,0,163120,0,"Departamento en Santiago De Surco, Lima","Santiago de Surco, Lima",84,2,2,0,"CONTACTO: DAYANIS BAUTISTA CEL: 9*5*8*1*2*6*2*2*5 Tu nuevo hogar en Las Doñas, SurcoDisfruta la experiencia de vivir en ...",https://www.laencontre.com.pe/inmueble/8e3e-b14f-19b51be-c95ed1e1945d-742b,laencontre
16143,0,130000,0,"Departamento en Av. San Martín, Barranco, Perú","Barranco, Lima",51,1,1,0,Acogedor edificio de fachada moderna adaptada al estilo Barranquino. Diseño de los arquitectos Juan Carlos Domenack y con...,https://www.laencontre.com.pe/inmueble/cd53-a348-19b90aa-e48e3b3f300a-756a,laencontre
16144,0,87000,0,"Departamento en Avenida Guardia Civil, Chorrillos, Lima, 15056, Per","Chorrillos, Lima",67,3,2,0,"VENTA DE DEPARTAMENTO EN CHORRILLOS Se vende acogedor departamento con vista externa, ubicado en una excelente zona de Chorrillos...",https://www.laencontre.com.pe/inmueble/cd2b-a753-19cbeef-23487a79a863-749a,laencontre
16145,0,326241,0,"Departamento en Av. José Gálvez Barrenechea, San Borja, Perú","San Borja, Lima",180.26,2,3,0,"SFV122305 Departamento Dúplex de Estreno 503 ¡ENTREGA INMEDIATA! UBICACIÓN: AV. JOSÉ GÁLVEZ BARRENECHEA, SAN BORJA Precio...",https://www.laencontre.com.pe/inmueble/9b94-ac9a-95e8dde2-d2c340c8fe61-43b3,laencontre
16146,0,337214,0,"Departamento en Av. 2 De Mayo, San Isidro, Perú","Orrantia, San Isidro, Lima",129,3,3,0,"MCG042623 Vive en un Departamento exclusivo, ideal para ti, con detalles elegantes y acabados de primera✨ 📍 Dos de mayo...",https://www.laencontre.com.pe/inmueble/3eda-9260-19d8826-3af49160a458-73a2,laencontre
16147,0,185000,0,"Departamento en Calle Mendoza, Surco, Perú","Santiago de Surco, Lima",124,2,2,0,"CCV022403 Acogedor departamento frente a parque 📍Cl. Mendoza, Surco 📐 AO:124 m 💴 PRECIO DE VENTA: $ 185,000 🤩...",https://www.laencontre.com.pe/inmueble/2029-acac-1971387-a2b9bc194e5c-72a8,laencontre
16148,0,648000,0,"Departamento en Santa Cruz, Lima","Santa Cruz, Miraflores, Lima",333,4,4,0,Venta de Penthouse Frente a Parque Villena en Zona Exclusiva de Miraflores Venta de PENTHOUSE frente a Parque Villena en ...,https://www.laencontre.com.pe/inmueble/a9ff-ac90-198e922-57cd29999944-7530,laencontre
16149,0,163000,0,"Departamento en Surquillo, Lima","Surquillo, Lima",114,3,3,0,🏡 **EXCLUSIVO DEPARTAMENTO ILUMINADO CON VISTA PANORÁMICA EN SURQUILLO** 🚪✨ 📍 *Límite con La Aurora/Miraflores* 💲...,https://www.laencontre.com.pe/inmueble/656a-b05a-191deed-6fe108bd51ec-7b1a,laencontre
16150,0,148000,0,"Departamento en Punta Hermosa 127, San Miguel, Perú","Maranga, San Miguel, Lima",110,3,2,0,🏡 Departamento en Venta – San Miguel $ 150 000 ⬆️ 110m2 en 3er piso + azotea de 52m2 🌞 🌳 Vista externa frente a parque...,https://www.laencontre.com.pe/inmueble/528-84f4-19bfd87-bf8b56473d17-761e,laencontre
16151,0,33000,0,"Departamento en San Juan De Lurigancho, Lima","San Juan de Lurigancho, Lima",42.84,2,1,0,"$/ 33,000 DOLARES DEPARTAMENTO EN ESTRENO 5TO PISO 42.84M2 DE COMODIDAD 2 DORMITORIOS COCINA COMEDOR LAVANDERÍA 1 BAÑO...",https://www.laencontre.com.pe/inmueble/927f-9fbd-194b01d-6ce8bda843da-7c71,laencontre
16152,0,299000,0,"Departamento en Calle Francisco De Paula Ugarriza 172, Lima, Perú","Miraflores, Lima",150,3,3,0,"Vendo triplex en San Antonio, Miraflores Frente a parque, cerca a colegios, supermercado, bancos y demás tiendas Area total...",https://www.laencontre.com.pe/inmueble/62e4-b083-19d7448-f59da66905cf-77e3,laencontre
16153,0,270000,0,"Departamento en Pasaje Geranio 100, Chacarilla Del Estanque, Surco, Perú","Santiago de Surco, Lima",134,3,2,0,LINDO DPTO. CON TERRAZA FRENTE A PARQUE. 2 Cocheras paralelas. ° Sala-comedor con terraza y cocina cerrada. ° Sala de estar...,https://www.laencontre.com.pe/inmueble/f010-83c3-19b5cfb-4cb39303989f-74d0,laencontre
16154,0,227775,0,"Departamento en Miraflores, Lima","Miraflores, Lima",82,2,2,0,- Lobby - Sala de juegos - Gimnasio - Piscina con terraza - Patio con ambiente paisajista Edificio de 17 pisos más terraza...,https://www.laencontre.com.pe/inmueble/28f9-adf1-19c8367-ece98056ddc2-71a0,laencontre
16155,0,290000,0,"Departamento en Jr. Juan Gris, San Borja, Perú","Cercado de Lima, Lima",2,3,2,0,"Vendo hermoso dpto, frente a Parque Juan Gris, Distrito de San Borja , 1er piso elevado , 8 años de antigüedad , área total...",https://www.laencontre.com.pe/inmueble/b0e4-8499-194c74d-70815adb3522-7bb7,laencontre
16156,0,160000,0,"Departamento en Gastaneta, Chorrillos, Lima, Perú","Barranco, Lima",46,1,1,0,"Departamento de ESTRENO con vista al mar en 2do piso calle Gastañeta - Chorrillos Area: 46 m2, SE VENDE: $160,000 Sala comedor...",https://www.laencontre.com.pe/inmueble/dddb-a60a-19b8056-ba96d23df681-74fe,laencontre
16157,0,213421,0,"Departamento en Av. José Gálvez Barrenechea, San Borja, Perú","San Borja, Lima",90.13,2,2,0,SFV122307 DEPARTAMENTOS DE ESTRENO ¡ENTREGA INMEDIATA! /203/204/303/403/404 EN PROYECTO NATURA ECO LIVING UBICACIÓN: AV...,https://www.laencontre.com.pe/inmueble/d7f6-871c-1acb461b-1c86537b303a-4896,laencontre
16402,0,272642,0,"Departamento en San Borja, Lima","San Borja, Lima",118.54,3,3,0,"CERCA DE TODO, SUPERMERCADOS, HOTELES, RESTAURANTES, COMERCIOS, RODEADO DE PARQUES. FACIL ACCESO A TRANSPORTE PUBLICO COMO...",https://www.laencontre.com.pe/inmueble/e08-9415-19aeb2e-24f7c2bcaadf-70b9,laencontre
16158,0,360644,0,"Departamento en Avenida Dos De Mayo, San Isidro, Perú","Orrantia, San Isidro, Lima",200.7,2,2,0,"MCG042622 Vive en un Departamento exclusivo, ideal para ti, con detalles elegantes y acabados de primera✨ 📍 Dos de mayo...",https://www.laencontre.com.pe/inmueble/7e80-90e9-19d7dbc-80aaf4010e54-7560,laencontre
16159,0,160000,0,"Departamento en Jr. Sáenz Peña, Magdalena Del Mar, Perú","Magdalena del Mar, Lima",84.25,3,2,0,"MCG042620 ✨ ¡VIVE EN MAGDALENA: ¡VISTA EXTERNA Y CONFORT TOTAL! ¿Buscas un hogar iluminado, con excelente distribución...",https://www.laencontre.com.pe/inmueble/97db-869e-19d5983-b29159bc3c1f-7552,laencontre
16160,0,188000,0,"Departamento en Chorrillos, Lima","Chorrillos, Lima",123,3,2,0,Venta de Departamento de Estreno Frente Al Mar VENTA DE DEPARTAMENTOS DE ESTRENO FRENTE AL MAR EN CHORRILLOS. Últimos departamentos...,https://www.laencontre.com.pe/inmueble/fcd3-bf3c-19a1d55-da1162cdbc81-7604,laencontre
16161,0,104000,0,"Departamento en Av Del Pacífico, San Miguel, Perú","San Miguel, Lima",78,3,2,0,3 dormitorios con clóset (el principal con baño incorporado) 2 baños (1 incorporado) Sala comedor con balcón Cocina con reposteros...,https://www.laencontre.com.pe/inmueble/ea63-be79-19bb3d7-644a6e57d5c-784e,laencontre
16162,0,114184,0,"Departamento en Calle José Manuel Ugarteche 237, Magdalena Vieja, Lima, 15084, Per","Pueblo Libre, Lima",59.78,2,2,0,"Vive en una de las zonas más prácticas y conectadas de Pueblo libre, a pocos pasos de las principales avenidas, centros comerciales...",https://www.laencontre.com.pe/inmueble/7831-a5e7-7d6e64a8-2702333b2dc3-4abc,laencontre
16163,0,120000,0,"Departamento en Calle Percival Lowel, Urbanización Los Huertos De Surco, Santiago De Surco, Lima, 15056, Per","Santiago de Surco, Lima",83,3,2,0,"🏡 Moderno Departamento en Venta – Urbanización Las Palmeras, Calle Doña Consuelo ¡Vive con comodidad y estilo! Este hermoso...",https://www.laencontre.com.pe/inmueble/95c1-bf93-7300271a-23c1f94a2f8a-43b7,laencontre
16164,0,310000,0,"Departamento en Jr. Tampumachay 200, Lima, Perú","Santiago de Surco, Lima",160.55,3,2,0,"🛑 VENTA DE CÓMODO DEPARTAMENTO 3 DORMITORIOS, VISTA EXTERIOR A PARQUE, COCHERA, SURCO CARACTERÍSTICAS GENERALES: - Ubicado...",https://www.laencontre.com.pe/inmueble/f880-a710-19cd0fa-6c4a4c133dfa-7680,laencontre
16165,0,280000,0,"Departamento en Calle Antibes 179-203, Urbanización San César Etapa Ii, La Molina, Lima, 15024, Per","La Molina, Lima",134,3,2,0,"Vendo Moderno Dúplex ESTRENO en La Molina – Ubicación Privilegiada a solo 50 m de Av Javier Prado , a 200m de Av La Molina...",https://www.laencontre.com.pe/inmueble/9370-a75d-1997cf1-a0922433ed19-7220,laencontre
16166,0,320000,0,"Departamento en Santiago De Surco, Lima","Santiago de Surco, Lima",0,0,5,0,"Exclusivo Dúplex en Jr. Tampumachay – Surco Se vende amplio y moderno departamento dúplex de 314.64 m², ubicado en Jr. Tampumachay...",https://www.laencontre.com.pe/inmueble/1791-9688-19c7e26-a56c9bac950f-7528,laencontre
16167,0,163000,0,"Departamento en Avenida Principal, Surquillo, Perú","Surquillo, Lima",88,3,2,0,Moderno edificio en construcción con entrega Julio 2026 ubicado en la Calera de la merced Surquillo hermosos DEPAS con balcón...,https://www.laencontre.com.pe/inmueble/f50f-b14e-19cd69a-4c12a6c74c5b-731b,laencontre
16168,0,115000,0,"Departamento en Jirón Centenario 191, La Molina, Perú","La Molina, Lima",74,3,1,0,✨ ¡Oportunidad en La Molina! Departamento Acogedor de 74 m² 🏡 📐 Área: 74 m² 🛏️ Habitaciones: 3 🛁 Baño: 1 🔹 Distribución...,https://www.laencontre.com.pe/inmueble/d4e1-90f6-19d30f8-f8852f934d54-76b4,laencontre
16169,0,370000,0,"Departamento en Calle Alcanfores, Miraflores, Perú","Miraflores, Lima",144,2,2,0,¡Flat en Miraflores a pasos del Malecón! 🌊 Vive o invierte en una de las zonas más exclusivas: cerca a Larcomar y Hotel...,https://www.laencontre.com.pe/inmueble/d935-a83c-19d6fa5-10ee3d341f69-75e2,laencontre
16170,0,499000,0,"Departamento en Av. La Paz, Miraflores, Perú","Miraflores, Lima",217,2,2,0,"Caracteristicas: Living-comedor,Comedor de diario.Cocina cerrada,area de servicio completa,Walk-in closet 2.5 baños,2 baños...",https://www.laencontre.com.pe/inmueble/91d5-992f-1942913-fc633a2b28c-71a3,laencontre
16171,0,50000,0,"Departamento en Av. Perú, San Martín De Porres, Perú","San Martin de Porres, Lima",84.05,2,3,0,🏠✨ ¡OCASIÓN! VENTA DE DEPARTAMENTO / LOCAL – 84.05 m² – PRIMER PISO CON INGRESO INDEPENDIENTE 📍 Alt. Cuadra 33 de Av. Perú...,https://www.laencontre.com.pe/inmueble/4d38-9229-19b2dfb-91a41c10a42d-73be,laencontre
16172,0,241389,0,"Departamento en Santa Cruz, Lima","Santa Cruz, Miraflores, Lima",0,1,2,0,Venta de departamentos premium  en la zona mas Top de Lima. Te invitamos a descubrir este exclusivo proyecto  ubicado en ...,https://www.laencontre.com.pe/inmueble/565-aa6d-1983460-3cdac9ef8f45-718a,laencontre
16173,0,138000,0,"Departamento en San Miguel, Lima","San Miguel, Lima",91,3,2,0,"HERMOSO DEPARTAMENTO UBICADO EN EXCELENTE ZONA DE SAN MIGUEL, CERCA DE LA AVENIDA UNIVERSITARIA. EL DEPARTAMENTO ESTÁ EN...",https://www.laencontre.com.pe/inmueble/c493-a7b9-19b8073-59d88ded8-7364,laencontre
16174,0,120000,0,"Departamento en Jirón Las Azalias 284-286, Urbanización Los Viñedos De Carabayllo Etapa I, Comas, Lima, 15312, Per","Comas, Lima",114.94,2,2,0,En Venta Lindo Departamento Con Vista a la Calle De Excelente Distribución Y Ubicación EN PASAJE LAS AZALIAS - URB LOS VIÑEDOS...,https://www.laencontre.com.pe/inmueble/6c38-9604-70194cb3-a7eb57e2f6c-49be,laencontre
16175,0,79000,0,"Departamento en Jirón Juan Cajahuamán, Urbanización El Trébol Etapa Iii, Los Olivos, Lima, 15302, Per","Los Olivos, Lima",81.57,3,1,0,Lindo departamento ubicado estratégicamente entre la Av. Angelica Gamarra y la Av. Tomas Valle con acceso a la Panamericana...,https://www.laencontre.com.pe/inmueble/721c-a5b6-47237c85-69fbe115b4cf-4a7d,laencontre
16176,0,75000,0,"Departamento en Chosica, Lima","Chosica, Lima",86.65,3,2,0,"✨ ¡Descubre tu nuevo hogar en Chosica, Lima! ✨ 📞Contáctame al: +51 997-920---- Sandra De La Flor 🏠 Moderno Departamento...",https://www.laencontre.com.pe/inmueble/9d33-bd2b-1987dda-9217fdb3baf5-71d1,laencontre
16177,0,455000,0,"Departamento en Avenida Jorge Basadre 860, San Isidro, Lima, 15073, Per","Orrantia, San Isidro, Lima",200,3,3,0,"Hermoso departamento en super zona en San Isidro, cerca a la Huaca Huallamarca, con espaciosos ambientes, sala y comedor...",https://www.laencontre.com.pe/inmueble/443-ae70-19ace80-2181c5c18e09-7f66,laencontre
16178,0,475000,0,"Departamento en Santiago De Surco, Lima","Santiago de Surco, Lima",265,4,3,0,CPJ012201 🏡 Amplio departamento en venta en Batallón Libres de Trujillo – Santiago de Surco 📐 Área total: 265 m² Por...,https://www.laencontre.com.pe/inmueble/444788,laencontre
16179,0,150000,0,"Departamento en Jirón Villa Carrillo, Higuereta, Santiago De Surco, Lima 15038, Perú","Santiago de Surco, Lima",103,3,2,0,"PTE032617 🔥 ¡Ubicación + amplitud + precio, la combinación perfecta! Ideal para vivir cómodo en zona residencial de Surco...",https://www.laencontre.com.pe/inmueble/15e6-bf3a-19d2205-e5414ac33283-76de,laencontre
16180,0,207000,0,"Departamento en Miraflores, Perú","Miraflores, Lima",94.56,3,3,0,"COP022654 🏡 DEPARTAMENTO EN VENTA – MIRAFLORES 📍 Calle San Martín 6xx – Dpto. 802 💰 US$ 207,000 📐 94.56 m² 🚗 Incluye...",https://www.laencontre.com.pe/inmueble/3935-bc34-19c7884-7dcc5d3369c8-7444,laencontre
16181,0,165000,0,"Departamento en Avenida Rafael Escardó 891, San Miguel, Lima 15088, Perú","Maranga, San Miguel, Lima",104,3,3,0,"hermoso duplex en venta en el corazón de San Miguel, ubicado entre la avenida Escardo y precursores muy cerca del parque ...",https://www.laencontre.com.pe/inmueble/c681-ad82-19d8a4a-5576b2885687-7227,laencontre
16182,0,485000,0,"Departamento en Orrantia, Lima","Orrantia, San Isidro, Lima",258,3,4,0,"Departamento con Terraza Privada en Zona Golf – 258 m² de Exclusividad Descubre un departamento único, lleno de luz y con...",https://www.laencontre.com.pe/inmueble/6edf-9847-19bc30f-f2f83d039309-7b80,laencontre
16183,0,65000,0,"Departamento en Jirón Las Turquesas 300, Asentamiento Humano Jazmines De Naranjal, Los Olivos, Lima, 15109, Per","San Martin de Porres, Lima",56.32,2,1,0,🏡 ¡Tu Nuevo Hogar listo para ti! 🌟 Hermoso Departamento en Venta en – San Martín de Porres Características del Departamento...,https://www.laencontre.com.pe/inmueble/f179-bd72-9767c613-3695ff80f273-4558,laencontre
16184,0,380000,0,"Departamento en Av. Dos De Mayo 900, San Isidro, Perú","Risso, Lince, Lima",247,3,3,0,PENT HOUSE DUPLEX CON TERRAZA Y VISTA A LA CIUDAD Lindo duplex con vista panoramica a la ciudad. Es muy iluminado y tiene...,https://www.laencontre.com.pe/inmueble/e3d6-92eb-19ba41f-30c373f48c85-72ce,laencontre
16185,0,150000,0,"Departamento en Mayorazgo, Lima","Mayorazgo, Ate, Lima",110,3,3,0,"BUEN DEPARTAMENTO FRENTE A PARQUE,EN 5TO.PISO CON ASCENSOR, 3 DORMITORIOS, PRINCIPAL CON BAÑO Y UN 2DO. DORMITORIO TAMBIEN...",https://www.laencontre.com.pe/inmueble/5fc1-bf45-19c011d-6a090e50c1e7-7351,laencontre
16186,0,125000,0,"Departamento en Bbva Banco Continental Minimarket Elerroose, Avenida Petit Thouars 4055, San Isidro, Lima, 15046, Per","El Olivar, San Isidro, Lima",107,2,2,0,"Vendo departamento en San Isidro 107m2 $125,000 dólares 2 dormitorios Sala comedor 2 Baños completos Lavandería Son...",https://www.laencontre.com.pe/inmueble/707d-8b3b-1997d83-a304287150d4-76f5,laencontre
16187,0,100000,0,"Departamento en Calle Grimaldo Del Solar 100, Miraflores, Perú","Miraflores, Lima",49,1,1,0,"Ideal Para Airbnb: en 2do Piso C/ Ascensor, a 2 Cuadras del Parque Kennedy Venta de céntrico flat en el 2do piso de un hotel...",https://www.laencontre.com.pe/inmueble/3d9f-b6fc-19cd110-8f5f59ddaf43-71a0,laencontre
16188,0,129580,0,"Departamento en Franklin, Lima, Perú","Surquillo, Lima",68.5,2,2,0,"HERMOSOS DEPAS AL COSTADO DEL PARQUE HÉROES DE LA PAZ ,EDIFICIO EN CONSTRUCCIÓN ENTREGA FEBRERO 2027 CON ACABADOS QUE...",https://www.laencontre.com.pe/inmueble/1a95-8f76-19cd5f6-4c5dbd8fe2d9-785b,laencontre
16189,0,153900,0,"Departamento en Franklin, Lima, Perú","Surquillo, Lima",82,3,2,0,"HERMOSOS DEPAS AL COSTADO DEL PARQUE HÉROES DE LA PAZ ,EDIFICIO EN CONSTRUCCIÓN ENTREGA FEBRERO 2027 CON ACABADOS QUE...",https://www.laencontre.com.pe/inmueble/8d66-acd9-19cd5d7-6033476ad2f3-7823,laencontre
16190,0,430000,0,"Departamento en Av. El Derby 539, Surco, Perú","Santiago de Surco, Lima",256,4,3,0,Vendo Hermoso Duplex 256 m2 Av. Derby Surco Ubicado Av. Derby 539 Piso 11 Urb El Vivero Surco Vive en la mejor y privilegiada...,https://www.laencontre.com.pe/inmueble/3635-b28f-19c45a8-ea5474a88404-779e,laencontre
16191,0,235000,0,"Departamento en Magdalena Del Mar, Lima","Magdalena del Mar, Lima",108,3,4,0,"Hermoso duplex de estreno, en espectacular condominio en San Miguel. El amplio duplex, cuenta con 108 m2, con tres dormitorios...",https://www.laencontre.com.pe/inmueble/7ab0-a4e8-19cc563-3a6c0cccdb17-7f78,laencontre
16192,0,215000,0,"Departamento en San Borja, Lima","San Borja, Lima",106,3,3,0,Vendo departamento en San Borja Av. San Borja Sur Área : 106.25 m2 Vista exterior Estacionamiento de 11.50 m2 Ascensor...,https://www.laencontre.com.pe/inmueble/474e-b64a-19c8132-50f658a3979a-7188,laencontre
16193,0,179432,0,"Departamento en Maranga, Lima","Maranga, San Miguel, Lima",0,3,2,0,Departamento en Venta – Amplio y Moderno con Balcón | San Miguel Descubre este departamento de 78.20 m² que combina funcionalidad...,https://www.laencontre.com.pe/inmueble/88ee-b8e1-19c209a-bb31901b6840-728e,laencontre
16194,0,285000,0,"Departamento en Barranco, Lima","Barranco, Lima",111,3,2,0,¡Oportunidad única en Barranco! Se vende moderno departamento con espectacular vista al malecón de Almendariz y a pasos de...,https://www.laencontre.com.pe/inmueble/56c4-c03b-192c5eb-61996a57beb5-7aec,laencontre
16195,0,145000,0,"Departamento en Jesus Maria, Lima","Jesus Maria, Lima",86,3,2,0,"DEPARTAMENTOS DE ESTRENO EN JESÚS MARÍA , NO PAGA ALCABALA, ACABADOS DE LUJO !!! ILUMINADOS, CON EXCELENTES ACABADOS CERCA...",https://www.laencontre.com.pe/inmueble/622367,laencontre
16196,0,308500,0,"Departamento en Calle Grimaldo Del Solar, Miraflores, Perú","Miraflores, Lima",83,2,2,0,"A tan solo minutos del malecón Armendáriz, moderno departamento con áreas sociales: terraza con piscina, sala coworking, ...",https://www.laencontre.com.pe/inmueble/5888-9954-19d8864-cdeeb13ec815-72cb,laencontre
16197,0,440000,0,"Departamento en Velasco Astete, Urb Chacarilla Del Estanque, San Borja, Perú","Santiago de Surco, Lima",247,3,3,0,"Acogedor Penthouse, ubicado muy cerca a restaurantes cafés gimnasios supermercados en Chacarilla San Borja Departamento ...",https://www.laencontre.com.pe/inmueble/84ac-9a29-19bed41-1d65d944c54e-7380,laencontre
16198,0,144564,0,"Departamento en Jirón Camilo Carrillo, Jesús María, Perú","Jesus Maria, Lima",77.17,3,2,0,"¡Vive en el corazón de Jesús María! 🌟 Presentamos este espectacular departamento flat, a estrenar, con excelentes acabados...",https://www.laencontre.com.pe/inmueble/5fb7-ad3d-1934c08-a2e2ff813690-7d54,laencontre
16199,0,169000,0,"Departamento en Avenida Pedro De Osma, Barranco, Lima, 15063, Per","Barranco, Lima",55.58,2,2,0,"Buen Departamento en venta de 56mt2 con ideal distribución, perfecto para inversión, ubicado en estratégica zona en Barranco...",https://www.laencontre.com.pe/inmueble/5587-b33b-19bbb64-a2ebaa491ef7-763f,laencontre
16200,0,320000,0,"Departamento en Calle Carzou 149, San Borja, Lima, 15037, Per","San Borja, Lima",254,3,3,0,"Bonito Departamento Dúplex de Estreno en Venta con Gran Terraza y Área de Parrilla, 3 dormitorios, 3 baños completos, 2 baños...",https://www.laencontre.com.pe/inmueble/8de4-9ffe-19a8140-857e07136d77-75b9,laencontre
16201,0,695000,0,"Departamento en Santa Cruz, Lima","Santa Cruz, Miraflores, Lima",468.53,3,3,0,Un hermoso Penthouse con un lienzo en blanco en el segundo piso. En el primer piso tienes un lindo recibo que da a la gran...,https://www.laencontre.com.pe/inmueble/a4e7-80d8-1925033-8c37e2fc53c3-7c40,laencontre
16202,0,345000,0,"Departamento en Jr. Carlos Baca Flor, Surco, Perú","Santiago de Surco, Lima",208.57,4,6,0,"HERMOSO TRIPLEX 208M2 - 4D + JACUZZI + TERRAZA + 2 ESTAC. -SURCO Jr. Baca Flor, cerca a av. Mariscal Castilla, La Merced,...",https://www.laencontre.com.pe/inmueble/5a7-b3c3-1992b01-6dcc86104e1d-77e7,laencontre
16203,0,210000,0,"Departamento en Santiago De Surco, Lima","Santiago de Surco, Lima",103,3,2,0,"JDP052503 Lindo Dpto. con finos acabados, a 20 pasos del parque Alvariño Urb. Chama Surco. 📍 Cerca al Ovalo Higuereta,...",https://www.laencontre.com.pe/inmueble/da1b-a752-4b6aad19-19b7d296b186-4dd3,laencontre
16204,0,236500,0,"Departamento en Luini, San Borja, Perú","San Borja, Lima",100.07,3,2,0,"MFC032606 VIVE EN SAN BORJA EN EXCLUSIVO EDIFICIO DE SÓLO 9 DEPARTAMENTOS DE ESTRENO 📍 Ubicación: Luini,, San Borja...",https://www.laencontre.com.pe/inmueble/40a-a4a1-19d3635-1d9e9a9485fe-7479,laencontre
16205,0,85000,0,"Departamento en Mayorazgo, Lima","Mayorazgo, Ate, Lima",75,2,2,0,¡Imagina despertar cada mañana en un lugar lleno de tranquilidad y comodidad! Tenemos disponible 1 departamento en la prestigiosa...,https://www.laencontre.com.pe/inmueble/6dbf-a829-19732e2-539cf54eb0fe-7809,laencontre
16206,0,175000,0,"Departamento en Santiago De Surco, Lima","Santiago de Surco, Lima",130,3,3,0,SAMUEL CAPRA 945*123*959 VENTA DE AMPLIO DEPARTAMENTO + COCHERA EN CHAMA  – PISO 1 SURCO Se vende amplio y cómodo departamento...,https://www.laencontre.com.pe/inmueble/7d04-aecb-19c0cdc-9bfda8f902ff-7c3a,laencontre
16207,0,231070,0,"Departamento en San Borja, Lima","San Borja, Lima",88,3,2,0,Venta de Moderno Dpto.de Estreno en San Borja Con ubicación estratégica que permite conexiones convenientes con otros distritos...,https://www.laencontre.com.pe/inmueble/33bd-b649-195ad85-ce6818428b72-75e5,laencontre
16208,0,210069,0,"Departamento en Santiago De Surco, Lima","Santiago de Surco, Lima",74.26,3,2,0,"Contactame 9.9.5.9.9.0.5---- Zulema Ricaldi DEPARTAMENTO EXCLUSIVO EN SURCO | MODERNIDAD, ESTILO Y CALIDAD DE VIDA | PREVENTA...",https://www.laencontre.com.pe/inmueble/b67d-976b-19a12d2-d4af2f196e5-71b1,laencontre
16209,0,179000,0,"Departamento en Punta Negra, Perú","Punta Negra, Lima",153.8,3,3,0,🌊 DÚPLEX EN VENTA EN PUNTA NEGRA – VISTA AL MAR Y TOTALMENTE AMOBLADO 🏡☀️ ¡Haz realidad tu sueño de tener una propiedad...,https://www.laencontre.com.pe/inmueble/67e2-9546-199dfeb-ad7edf946156-7262,laencontre
16210,0,390000,0,"Departamento en Calle Ocharán 281, Miraflores, Perú","Miraflores, Lima",200,4,3,0,"Vendo Dúplex 200 M2 04 Dorm. en Miraflores Calle Ocharan 281 y Av. 28 de Julio Miraflores Cerca a la Larco, Benavides, ...",https://www.laencontre.com.pe/inmueble/96d1-b2e4-9e70d8ed-5bf7a8b9cd08-421c,laencontre
16211,0,385000,0,"Departamento en Las Viñas 118, Miraflores, Perú","Miraflores, Lima",230,3,2,0,"LINDO DUPLEX FRENTE A PARQUE. Muy cerca a centro comercial aurora, c on wong, bancos, farmacias, colegios, etc. Muy céntrico...",https://www.laencontre.com.pe/inmueble/916d-994b-4b2b4fde-cf9b39c94b6d-4e1a,laencontre
16212,0,191889,0,"Departamento en Santiago De Surco, Lima","Santiago de Surco, Lima",88,3,4,0,VENDO AMPLIO Y ACOGEDOR DEPARTAMENTO EN CONDOMINIO CON BUENA DISTRIBUCIÓN EN EDIFICIO CON ÁREAS SOCIALES LISTO PARA DISFRUTAR...,https://www.laencontre.com.pe/inmueble/8b0c-984b-19b437a-e23955dc32c8-7304,laencontre
16213,0,520000,0,"Departamento en Calle Los Robles, San Isidro, Perú","Orrantia, San Isidro, Lima",250,3,5,0,"Vendo Duplex en San Isidro linda vista a la ciudad, cerca a parques a 3 cuadras del Golf de San Isidro Calle Los Robles/ ...",https://www.laencontre.com.pe/inmueble/9f39-b79a-19d471f-d7b71d236669-76de,laencontre
16214,0,429000,0,"Departamento en Malecón Balta, Miraflores, Perú","Miraflores, Lima",180,3,2,0,"OFERTA de Departamento elegante cerca a Wong del Malecon Balta Cerca al a parque Kennedy, cafes, restaurantes, tiendas,...",https://www.laencontre.com.pe/inmueble/5ed9-b8b9-19bcdbb-aa18c27b71b3-7259,laencontre
16215,0,205000,0,"Departamento en San Miguel, Lima","San Miguel, Lima",153,3,2,0,Vendo Departamento en San miguel en Primer Piso - A 3 minutos de San Miguel. - Se caracteriza por esta en una zona céntrica...,https://www.laencontre.com.pe/inmueble/9c83-9ebd-19d273f-698983f47786-7b90,laencontre
16216,0,131682,0,"Departamento en Maranga, Lima","Maranga, San Miguel, Lima",84,3,2,0,"? Departamento en venta – Cerca a Plaza San Miguel???? Av. principal | Piso 8 ???? 84 m² | ???? S/ 444,000 (negociable) ?...",https://www.laencontre.com.pe/inmueble/9d47-ab6b-19d0331-3e0b3ab79ea7-798d,laencontre
16217,0,198000,0,"Departamento en Salvador Gutierrez, Miraflores, Perú","Miraflores, Lima",97,2,1,0,"Acogedor Departamento con Vista a la Calle – La Aurora, Miraflores Descubre este encantador flat ubicado en el 3er piso,...",https://www.laencontre.com.pe/inmueble/f7e7-b636-19a2d12-5c3812c0682d-7186,laencontre
16218,0,320000,0,"Departamento en Parque Acosta, Pasaje Jose De Acosta, San Isidro, Lima, Perú","Orrantia, San Isidro, Lima",117,2,2,0,"Vive en una exclusiva zona frente al Parque Acosta, en un edificio moderno de solo 14 departamentos. Disfruta de la tranquilidad...",https://www.laencontre.com.pe/inmueble/648d-8c26-199c028-a3d51c5ac2ae-7392,laencontre
16219,0,51902,0,"Departamento en Condominio Los Parques De Villa El Salvador Ii, Av. Los Algarrobos 1440, Villa El Salvador, Perú","Villa El Salvador, Lima",63,3,2,0,🏢 𝐄𝐍 𝐕𝐄𝐍𝐓𝐀 𝐃𝐄𝐏𝐀𝐑𝐓𝐀𝐌𝐄𝐍𝐓𝐎 📍 Av. Los Algarrobos N° 1440 Condominio Los Parques de Villa el Salvador ...,https://www.laencontre.com.pe/inmueble/8e0e-994f-19b62e9-a1fc61072669-740e,laencontre
16220,0,460000,0,"Departamento en Cerros De Camacho, Surco, Perú","Santiago de Surco, Lima",320,4,3,0,"Av CERROS DE CAMACHO, Urb. CERROS DE CAMACHO A.O. : 320 m2, A.C. : 320 m2, Mantenimiento S/1,163 / mes. Áreas comunes. Piso...",https://www.laencontre.com.pe/inmueble/a4a7-b764-a972b123-e19dbc588123-43e1,laencontre
16221,0,270000,0,"Departamento en Los Castanos, La Molina, Perú","La Molina, Lima",115,3,2,0,"DEPARTAMENTO FRENTE A PARQUE, ZONA CERRADA CON VIGILANCIA EN LOS CASTAÑOS, EL REMANSO - LA MOLINA. AO: 115 m2. SE VENDE: ...",https://www.laencontre.com.pe/inmueble/4156-aa03-1981af3-dc545e895b50-758f,laencontre
16222,0,204879,0,"Departamento en Calle Incahuasi 290, San Miguel, Lima, 15088, Per","Maranga, San Miguel, Lima",94.6,3,2,0,✨ ¡Descubre la oportunidad de vivir frente al parque en el corazón de San Miguel! ✨ Te presento un moderno departamento...,https://www.laencontre.com.pe/inmueble/79a-8875-9ffb46d4-e362dfd45849-4fc4,laencontre
16223,0,130496,0,"Departamento en Calle Juan Hoyle Palacios, San Miguel, Lima, 15088, Per","Maranga, San Miguel, Lima",60.8,3,2,0,✨ ¡Descubre la oportunidad de vivir en el corazón de San Miguel! ✨ Presentamos un moderno departamento flat en VENTA...,https://www.laencontre.com.pe/inmueble/58d2-97a4-8bbc9888-5f9fa6f75742-4bef,laencontre
16224,0,602000,0,"Departamento en Avenida República De Panamá 5757, Urbanización Los Tulipanes, Miraflores, Lima, 15047, Per","Miraflores, Lima",113,3,2,0,"Moderno y Exclusivo Ubicado en una de las zonas más emblemáticas de Miraflores, edificio de 21 pisos 97 departamentos Proyecto...",https://www.laencontre.com.pe/inmueble/5675-bb6c-3e27856b-d5edd8c3a8d1-458e,laencontre
16225,0,175000,0,"Departamento en Las Lomas De La Molina Vieja, Lima, Perú","La Molina, Lima",106,3,3,0,"VIVE CON ESTILO Y EXCLUSIVIDAD EN LAS LOMAS DE LA MOLINA Contáctame al: 99993---- Ubicado en los virreyes cuadra 4, en...",https://www.laencontre.com.pe/inmueble/9d17-92a9-19bed53-54217e38770d-71f4,laencontre
16226,0,400000,0,"Departamento en Santiago De Surco, Lima","Santiago de Surco, Lima",265.66,3,3,0,"☎ Para mayor información 📞Contáctame al: +51 999-024---- Eduardo Masías Se vende espectacular departamento , ubicado...",https://www.laencontre.com.pe/inmueble/df13-8109-1942d5d-5e03ef9960be-7c3c,laencontre
16227,0,469000,0,"Departamento en Santiago De Surco, Lima","Santiago de Surco, Lima",472.88,4,5,0,"Agente DOMUS Fabrizio Jeri 9.7.7.4.8.2.5---- Descubre un dúplex único, lleno de luz, amplitud y con una ubicación privilegiada...",https://www.laencontre.com.pe/inmueble/b081-8bee-19d1c6e-e029d3c23ca2-7090,laencontre
16228,0,729000,0,"Departamento en Country Club, Lima","Country Club, San Isidro, Lima",313,3,3,0,"Ideal como inversión! Lujoso departamento de 313m2 con 3 dormitorios, techos altos, muy iluminado por estar en esquina y ...",https://www.laencontre.com.pe/inmueble/b482-9c7e-19abf0c-569797edce3d-7a12,laencontre
16229,0,729000,0,"Departamento en Avenida Aurelio Miró Quesada, San Isidro, Perú","Country Club, San Isidro, Lima",313,3,3,0,"Lujoso departamento de 313m2 con 3 dormitorios, techos altos, muy iluminado por estar en esquina y una espectacular vista...",https://www.laencontre.com.pe/inmueble/2f8b-a175-19a9d3a-cbf6e3390680-76a1,laencontre
16230,0,840000,0,"Departamento en Avenida Angamos Oeste 1635, Miraflores, Lima, 15073, Per","Santa Cruz, Miraflores, Lima",261,4,4,0,Excelente oportunidad de inversión! Venta de departamento con contrato de inquilino con una rentabilidad del 5.4%. Este...,https://www.laencontre.com.pe/inmueble/e2e9-b7f2-1997575-591050345f5a-7455,laencontre
16231,0,550000,0,"Departamento en Calle Alfredo Salazar, San Isidro, Perú","El Olivar, San Isidro, Lima",121,3,3,0,JDP022401 DPTO EN ZONA EXCLUSIVA DE SAN ISIDRO-CALLE ALFREDO SALAZAR Amplio Departamento con terraza en Calle Alfredo ...,https://www.laencontre.com.pe/inmueble/69b-b3ac-62fda9f1-797efd3a7cf9-433d,laencontre
16232,0,322083,0,"Departamento en Av. 28 De Julio, Miraflores, Perú","Miraflores, Lima",104,2,3,0,"GVL032646 Costa de Lima Un flat diferente, diseñado a detalle En el centro de Miraflores , ubicación perfecta 🤩🌳 Cerca...",https://www.laencontre.com.pe/inmueble/e29-942f-19cdf83-3679d8046dba-7552,laencontre
16233,0,446428,0,"Departamento en Av. 28 De Julio, Miraflores, Perú","Miraflores, Lima",152,2,2,0,"GVL032645 🌊 COSTA DE LIMA – MIRAFLORES ✨ Un duplex diferente, diseñado al detalle Vive en el corazón de Miraflores, a ...",https://www.laencontre.com.pe/inmueble/4af5-a87a-19cdf58-5397cb6f1895-7681,laencontre
16234,0,305059,0,"Departamento en Av. 28 De Julio, Miraflores, Perú","Miraflores, Lima",114.8,2,2,0,"GVL032643 🌊 COSTA DE LIMA – MIRAFLORES ✨ Un duplex diferente, diseñado al detalle Vive en el corazón de Miraflores, a ...",https://www.laencontre.com.pe/inmueble/2523-ae59-19cdeda-52d4ec2386ef-76ce,laencontre
16235,0,395000,0,"Departamento en Calle Los Nogales, San Isidro, Perú","Country Club, San Isidro, Lima",186.27,3,2,0,RAD062501 Zona Premium ✨ Iluminado departamento con vista al Golf ⛳ 📍Calle Los Nogales Piso 14 - San Isidro 📐 AO:...,https://www.laencontre.com.pe/inmueble/2640-b65a-1991ab7-646340c556eb-71f1,laencontre
16236,0,114900,0,"Departamento en Calle Tres, San Juan De Miraflores, Lima, 15801, Per","San Juan de Miraflores, Lima",103.99,3,1,0,🏡 Moderno Departamento Flat en Venta 📍 San Juan de Miraflores - ¡Listo para mudarte! 🛏️ Espacios diseñados para tu confort...,https://www.laencontre.com.pe/inmueble/e9c-9d0e-19bbb28-9f51b4bd67e1-7630,laencontre
16237,0,118633,0,"Departamento en Risso, Lima","Risso, Lince, Lima",57,2,2,0,"Moderno departamento en venta sobre la Av. Arenales, en Lince, Lima, con un precio de S/400.000. Este acogedor espacio de...",https://www.laencontre.com.pe/inmueble/f92f-b082-199f99b-e2bf6e74413b-73b9,laencontre
16238,0,171000,0,"Departamento en Avenida José Pardo, Miraflores, Lima, 15074, Per","Miraflores, Lima",125,2,1,0,"¿Buscas un hogar con ubicación privilegiada, vistas despejadas y todo el confort que mereces? Este moderno departamento en...",https://www.laencontre.com.pe/inmueble/8704-98bd-19a757e-f4d6db4d276b-73ce,laencontre
16239,0,118000,0,"Departamento en Avenida Almirante Miguel Grau 1430, Barranco, Perú","Barranco, Lima",43,1,1,0,"Se vende hermoso departamento en Barranco muy cerca a la UTEC, frente al parque Chipoco y muy cerca a la bajada de Armendáriz...",https://www.laencontre.com.pe/inmueble/b49-8940-195a1eb-5c3666418f90-7654,laencontre
16240,0,226900,0,"Departamento en Miraflores, Lima","Miraflores, Lima",89,2,2,0,"Venta Flat cerca a Parque en Miraflores, actualmente en construcción Ref:cerca a Av Comandante Espinar y Av Angamos...",https://www.laencontre.com.pe/inmueble/616-b4ce-195a03b-6e1a34df23a3-7a14,laencontre
16241,0,123000,0,"Departamento en Maranga, Lima","Maranga, San Miguel, Lima",80,3,2,0,"Ubicación privilegiada: La Costanera. A pocos pasos se disfruta de 🌳 parques renovados, 🚴‍♂️ ciclovía, áreas verdes, 🌊...",https://www.laencontre.com.pe/inmueble/f5d0-a95b-1992190-75f9a2061753-727c,laencontre
16242,0,239000,0,"Departamento en Avenida Paseo De La República 5817, Miraflores, Perú","Miraflores, Lima",119,3,4,0,"Área: 119 m² Sala comedor con balcón 3 Dormitorios todos con baños incorporados, lo que resulta muy independientes para cada...",https://www.laencontre.com.pe/inmueble/95b9-86a2-1980fed-b1e17419d68e-713d,laencontre
16243,0,71000,0,"Departamento en Av. Simón Bolívar 1000, Pueblo Libre, Perú","Pueblo Libre, Lima",41,1,1,0,¡Vive en acogedor departamento tipo loft de 41 m2 en céntrica Av. Bolívar y cerca de todo! Se vende lindo loft ideal para...,https://www.laencontre.com.pe/inmueble/6adf-bc23-19d4247-c5b33bf1bd6c-70f2,laencontre
16244,0,169000,0,"Departamento en Calle Coronel Inclán 931, Miraflores, Lima, 15074, Per","Miraflores, Lima",100.47,1,1,0,"Moderno y minimalista dúplex de 1 dormitorio ubicado en zona céntrica de miraflores, walking distance de Av. Angamos, Huaca...",https://www.laencontre.com.pe/inmueble/2f65-99d0-19bdf71-86d99c990fe-76dc,laencontre
16245,0,340000,0,"Departamento en Calle Ureta, Miraflores, Perú","Santa Cruz, Miraflores, Lima",180,3,3,0,GVL042649 🏡✨ Amplio departamento con balcón a 2 cuadras de malecón de Miraflores Vive en una de las mejores zonas de Miraflores...,https://www.laencontre.com.pe/inmueble/8a4-9350-19d4a32-b4d4fc182f05-7542,laencontre
16246,0,248690,0,"Departamento en Av. 28 De Julio, Miraflores, Perú","Miraflores, Lima",83.13,2,2,0,"GVL032644 Costa de Lima Un flat diferente, diseñado a detalle En el centro de Miraflores , ubicación perfecta 🤩🌳 Cerca...",https://www.laencontre.com.pe/inmueble/50e9-bf32-19cdf32-8f042fdf1634-7243,laencontre
16247,0,499000,0,"Departamento en Jirón Jacarandá, Urb Residencial Valle Hermoso, Santiago De Surco, Perú","Santiago de Surco, Lima",277,3,5,0,PEZ122501 🏡 DÚPLEX EXCLUSIVO EN VALLE HERMOSO – SURCO Este moderno dúplex está pensado para una familia que busca comodidad...,https://www.laencontre.com.pe/inmueble/4555-8a9a-19b71dd-446edb868236-7610,laencontre
16248,0,230000,0,"Departamento en Calle Roma, Miraflores, Perú","Santa Cruz, Miraflores, Lima",91,1,2,0,"PTE102501 Moderno y cómodo departamento de 1 habitación y 1 estudio en Miraflores, ideal para vivir o invertir, cerca del...",https://www.laencontre.com.pe/inmueble/6613-9156-199bab8-f8a3ce4f4e1d-70d5,laencontre
16249,0,235000,0,"Departamento en Av. Comandante Espinar, Miraflores, Perú","Santa Cruz, Miraflores, Lima",115,4,3,0,"VENTA - Departamento de 4 dormitorios, parcialmente amoblado y equipado en Miraflores AT 115 m2 2 Estacionamientos paralelos...",https://www.laencontre.com.pe/inmueble/9e02-954d-1940fcd-73c633897b3d-73ed,laencontre
16250,0,190000,0,"Departamento en El Olivar, Lima","El Olivar, San Isidro, Lima",64,2,2,0,Venta de Departamento - San Isidro Venta de Departamento en San Isidro - Área: 64 m² - 2 dormitorios - 2 baños completos ...,https://www.laencontre.com.pe/inmueble/e6b2-b2bf-19972da-891d258200e7-7761,laencontre
16251,0,520000,0,"Departamento en Santiago De Surco, Lima","Santiago de Surco, Lima",400,4,4,0,VENTA DE DEPARTAMENTO DÚPLEX EN SURCO 400 m² 4 Dormitorios 1 Dormitorio de servicio 1 Baño de servicio 3 Baños completos...,https://www.laencontre.com.pe/inmueble/9270-b0d7-194e363-f7b3c868e3c7-7f67,laencontre
16252,0,480000,0,"Departamento en Suites Antique Apart Hotel, San Isidro, Lima, Per","Country Club, San Isidro, Lima",200,3,3,0,"Lindo flat en sexto piso de 200m2, ubicado en el corazón de San Isidro Tradicional, muy cerca del Centro Comercial Real Plaza...",https://www.laencontre.com.pe/inmueble/27bc-96bf-19cad6f-bc30a05041da-7454,laencontre
16253,0,185000,0,"Departamento en Santiago De Surco, Lima","Santiago de Surco, Lima",101.8,3,4,0,📍 Ubicación que lo tiene todo – Departamento en Venta con Vista Interna Vive en una zona que combina comodidad con una ...,https://www.laencontre.com.pe/inmueble/93f-9865-19d8968-bc02f4088532-7149,laencontre
16254,0,155000,0,"Departamento en Rinconada Baja, Lima","Rinconada Baja, La Molina, Lima",106,3,2,0,"Ubicado en la Urb. Santa Patricia 3era. etapa, cerca a dos hermosos parques como son el Parque Santa Rosa De Lima la que ...",https://www.laencontre.com.pe/inmueble/a77f-9cc0-504f9ed8-ec9861337024-4481,laencontre
16255,0,134648,0,"Departamento en Miraflores, Lima","Miraflores, Lima",36,1,1,0,"Más que un nuevo Depa, una gran inversión. Pardo combina un Diseño de vanguardia con años de expertise en bienes raíces. ...",https://www.laencontre.com.pe/inmueble/66dc-a932-19d1960-80c560f6ab9e-7460,laencontre
16256,0,127234,0,"Departamento en Miraflores, Lima","Miraflores, Lima",38,1,1,0,"Más que un nuevo Depa, una gran inversión. Pardo combina un Diseño de vanguardia con años de expertise en bienes raíces. ...",https://www.laencontre.com.pe/inmueble/233e-abed-19d193e-651c8540652d-7728,laencontre
16257,0,220000,0,"Departamento en Santa Cruz, Lima","Santa Cruz, Miraflores, Lima",83,2,2,0,CONTACTO: Silvana GamarraTELÉFONO: 9*9*7*2*2*1*2*0*8 VENTA DE DEPARTAMENTO EN MIRAFLORES Vive en el corazón de Miraflores...,https://www.laencontre.com.pe/inmueble/f361-ad92-19c0b23-9eb25e9e44c3-7172,laencontre
16258,0,395345,0,"Departamento en José Del Llano Zapata, Miraflores, Perú","Santa Cruz, Miraflores, Lima",132.1,3,2,0,"GVL042501 Tu nuevo Penthouse en Miraflores, límite con San Isidro, con el entorno más lindo y arquitectura única Cerca de...",https://www.laencontre.com.pe/inmueble/d6bc-bcf4-19620fc-b689340139c5-7f68,laencontre
16259,0,59700,0,"Departamento en Calle Del Arco Iris, Urbanización La Alborada, Santiago De Surco, Lima, 15038, Per","Santiago de Surco, Lima",35,1,1,0,"*LOFT EN VENTA + AIRES* 2DO. PISO - URB. LA ALBORADA, SURCO. AREA: 35m2 PRECIO: $59,700 Dólares. Negociable Piso 2 CARACTERISTICAS...",https://www.laencontre.com.pe/inmueble/b2a1-bddb-198c92b-5a39c00f5f0e-7264,laencontre
16260,0,164307,0,"Departamento en Surquillo, Lima","Surquillo, Lima",102,2,2,0,"Descubre este moderno dúplex en venta ubicado en el distrito de san miguel, una propiedad nueva que combina estilo y funcionalidad...",https://www.laencontre.com.pe/inmueble/8931-95e2-199f9a0-5650649f173f-73f5,laencontre
16261,0,330000,0,"Departamento en Calle Tomas Edison, San Isidro, Perú","Country Club, San Isidro, Lima",155,3,2,0,"Departamento en San Isidro. Ubicado en calle Tomas Edison, a la altura de la cuadra 18 de Dos de Mayo. 155m2, 3 habitaciones...",https://www.laencontre.com.pe/inmueble/440889,laencontre
16262,0,400000,0,"Departamento en Santiago De Surco, Lima","Santiago de Surco, Lima",205,3,3,0,"Ubicado en el corazón de Chacarilla, uno de los distritos más exclusivos y tranquilos de la ciudad, este elegante departamento...",https://www.laencontre.com.pe/inmueble/3e29-9622-199a6d3-db62e361654f-720e,laencontre
16263,0,280000,0,"Departamento en Risso, Lima","Risso, Lince, Lima",111,3,3,0,"Vendo departamento en Lince, límite con San Isidro. Calle Mamá Ocllo Tercer piso. Vista interior. Área 111 mts² Sala Comedor...",https://www.laencontre.com.pe/inmueble/371b-b8fb-19ce89c-5579f8b15f82-7e8d,laencontre
16264,0,130000,0,"Departamento en Av. Sucre 455, Magdalena Del Mar, Perú","Magdalena del Mar, Lima",87,3,2,0,Descripción Ocasion Vendo departamento excelente ubicacion en Magdalena del Mar 📍 Ubicación estratégica: Cuadra 4 de Av...,https://www.laencontre.com.pe/inmueble/f27b-a452-19b05ae-316bacdeceae-77ee,laencontre
16265,0,90000,0,"Departamento en Prolongación Javier Prado, Ate, Lima, 15494, Per","Mayorazgo, Ate, Lima",66,2,2,0,✨ ¡Oportunidad única para vivir en Ate! ✨ Para mayor información 📞Contáctame al: +51 968-303---- Carolina De la Cruz ...,https://www.laencontre.com.pe/inmueble/97c1-a259-1916be8-aa512580f821-790b,laencontre
16266,0,65000,0,"Departamento en Los Olivos, Lima","Los Olivos, Lima",64,2,1,0,"Departamento en venta frente a parque, con excelente iluminación natural y distribución funcional. Ubicado en una zona estratégica...",https://www.laencontre.com.pe/inmueble/fa90-b699-19bc87b-ab2448aabedb-70fe,laencontre
16267,0,169942,0,"Departamento en Maranga, Lima","Maranga, San Miguel, Lima",78.06,3,2,0,"PEZ042307 EN VENTA DEPARTAMENTOS EN PRE-VENTA EN SAN MIGUEL ¡Un nuevo comienzo para tu familia! Separa ya, este acogedor...",https://www.laencontre.com.pe/inmueble/5563-bbb3-b2072938-170cc3c33a7-4955,laencontre
16268,0,136428,0,"Departamento en Maranga, Lima","Maranga, San Miguel, Lima",59,2,2,0,"PEZ042301 EN VENTA DEPARTAMENTOS EN PRE-VENTA EN SAN MIGUEL ¡Un nuevo comienzo para tu familia! Separa ya, este acogedor...",https://www.laencontre.com.pe/inmueble/5b0f-962a-a4d33bf-94daa60b6c82-40ba,laencontre
16269,0,180000,0,"Departamento en Jr.centenario, Barranco, Perú","Barranco, Lima",60,1,2,0,CCV032655 Lindo y practico departamento en Barranco moderno 📍jr.  Centenario Barranco 📐 AC: 60 m2 💴 PRECIO DE Venta ...,https://www.laencontre.com.pe/inmueble/7bc4-90f1-19cddbc-7a4a24fe2273-7285,laencontre
16270,0,172200,0,"Departamento en Av. Tomas Marsano, Miraflores, Perú","Miraflores, Lima",74.59,1,1,0,"ABL102501 Lindo Dúplex, Ubicación estratégica, moderno, práctico y funcional ¡Moderno Dúplex de Estreno! En el primer...",https://www.laencontre.com.pe/inmueble/7f06-a27a-19a02c9-32737f716cdf-760f,laencontre
16271,0,275000,0,"Departamento en Barranco, Lima","Barranco, Lima",95,3,2,0,"DEPARTAMENTO EN VENTA EDIFICIO STELAR BARRANCO, 3 DORMITORIOS, IDEAL PARA INVERSIÓN (AIRBNB) Área 95 M2 3 Dormitorios (Dormitorio...",https://www.laencontre.com.pe/inmueble/58aa-86bc-191c994-e52e0d29154-74c6,laencontre
16272,0,91700,0,"Departamento en San Miguel, Lima","San Miguel, Lima",54,2,2,0,"DEPARTAMENTOS DE ESTRENO EN VENTA 1 y 2 DORMITORIOS - SAN MIGUEL Av. La Paz 1100, San Miguel 5 minutos...",https://www.laencontre.com.pe/inmueble/45da-90de-191c994-79854cdcb142-7d55,laencontre
16273,0,206718,0,"Departamento en José Domingo Choquehuanca, Miraflores, Perú","Santa Cruz, Miraflores, Lima",83,3,2,0,Edificio de 14 pisos departamentos de estreno a media cuadra del malecón de la Marina 2 ascensores Balcon con vista exterior...,https://www.laencontre.com.pe/inmueble/275-8add-19b5d8b-b40c528045a7-75ae,laencontre
16274,0,570000,0,"Departamento en Malecón Cisneros, Miraflores, Perú","Cercado de Lima, Lima",240,3,4,0,ALQUILO PRECIOSO DEPARTAMENTO AMOBLADO Y EQUIPADO A.T 240 MTS 2 SALAS COMEDOR PARA 12 PERSONAS FAMILY ROOM 2 TERRAZAS CON...,https://www.laencontre.com.pe/inmueble/26a8-a5d5-190bc5c-809c92666417-7b31,laencontre
16275,0,299000,0,"Departamento en Calle Los Apaches, Santiago De Surco, Perú","Santiago de Surco, Lima",142,3,3,0,"Espectacular departamento en venta con vista a parque interno. Ubicado en el lujoso y moderno edificio ""Shamrock"" - ubicado...",https://www.laencontre.com.pe/inmueble/9c61-9f30-19d0c34-d9b797510e6-70d0,laencontre
16276,0,104100,0,"Departamento en Santiago De Surco, Lima","Santiago de Surco, Lima",52.47,2,2,0,"Un moderno edificio ubicado en el corazón de Surco, con conexión directa a la nueva Vía Expresa. Disfruta de una vida práctica...",https://www.laencontre.com.pe/inmueble/7189-86e1-199fd45-9f6cf65cdbcc-7491,laencontre
16277,0,144643,0,"Departamento en San Miguel, Lima","San Miguel, Lima",66.75,2,2,0,Contactame 9.9.5.9.9.0.5---- Zulema Ricaldi DEPARTAMENTO EXCLUSIVO EN EDIFICIO CONTEMPORÁNEO | SAN MIGUEL | PREVENTA Estilo...,https://www.laencontre.com.pe/inmueble/868c-bf9c-1931c3b-9a8d5dc387cf-75e0,laencontre
16278,0,224500,0,"Departamento en El Olivar, Lima","El Olivar, San Isidro, Lima",82.4,1,1,0,ACOGEDOR FLAT EN EL OLIVAR Muy buena ubicación a unos pasos del parque y diseñado por un estudio arquitectónico de renombre...,https://www.laencontre.com.pe/inmueble/8834-a0ac-19953ec-45f79f7b63a8-7f98,laencontre
16279,0,300857,0,"Departamento en Santiago De Surco, Lima","Santiago de Surco, Lima",112.08,3,2,0,"¿Buscas un departamento en venta en Surco moderno, amplio y con excelente ubicación? Este exclusivo proyecto en Valle Hermoso...",https://www.laencontre.com.pe/inmueble/1be2-8be7-19d4c24-88865501bf7b-7f5d,laencontre
16280,0,512000,0,"Departamento en Jirón Conde De La Vega Del Ren 382, Urbanización Valle Hermoso Oeste, Santiago De Surco, Lima, 15039, Per","Santiago de Surco, Lima",221,3,2,0,"El proyecto posee un diseño arquitectónico eficiente y de alta calidad. Diseñado bajo altos estándares de ecoeficiencia, ...",https://www.laencontre.com.pe/inmueble/cee8-8259-19c263e-fd2e29ece3da-70f4,laencontre
16281,0,147000,0,"Departamento en José Remy Barua 2836, Lima, Perú","Cercado de Lima, Lima",142,3,1,0,Vendo departamento amplio de 3 dormitorios en 1er piso con garaje carport Area: 122 m² Garaje Carport: 20 m² Area total:...,https://www.laencontre.com.pe/inmueble/452954,laencontre
16282,0,595000,0,"Departamento en Country Club, Lima","Country Club, San Isidro, Lima",240,3,4,0,A.T 240 MTS 2 SALAS COMEDOR PARA 12 PERSONAS FAMILY ROOM 2 TERRAZAS CON VISTA AL MAR COCINA MUY ILUMINADA CON COMEDOR DE ...,https://www.laencontre.com.pe/inmueble/d3de-a803-d3b66fab-a48b7257b015-49cf,laencontre
16283,0,260000,0,"Departamento en Av. Gral. Trinidad Morán 893-795, Lince 15073, Perú","Risso, Lince, Lima",173,3,1,0,"VENTA DE DEPARTAMENTO - LINCE Amplio departamento de 170 m² en excelente ubicación, ideal para remodelar a tu gusto. Sala...",https://www.laencontre.com.pe/inmueble/f4e7-b5cb-19d02bd-831b82ef9a8a-76a9,laencontre
16284,0,368000,0,"Departamento en Jiron La Pradera 348, San Borja, Perú","San Borja, Lima",144,3,3,0,"¡EXCLUSIVO DEPARTAMENTO EN CHACARILLA, SAN BORJA! PRECIO A NEGOCIAR ¡DESCUBRE ESTE HERMOSO DEPARTAMENTO DE 144.13M2 EN ...",https://www.laencontre.com.pe/inmueble/611b-9dfe-199dfcf-82394f2514c7-7603,laencontre
16285,0,465000,0,"Departamento en Monte Claro, Santiago De Surco, Perú","Santiago de Surco, Lima",227.14,3,3,0,"KAV112302 Flat con doble frente, con vista a parque y Av. Velasco Astete 📍 Ubicado en zona residencial premium de Chacarilla...",https://www.laencontre.com.pe/inmueble/12fb-ad6a-32f9dcd6-4cc56ed5d6a8-4b59,laencontre
16286,0,288000,0,"Departamento en Calle Julio Gómez Del Carpio, Surquillo, Lima, 15048, Per","Surquillo, Lima",208.71,4,3,0,"CPJ032619 ✨Flat de 208 m² con amplia terraza y ascensor directo – Barrio Médico, Surquillo Amplio departamento ubicado...",https://www.laencontre.com.pe/inmueble/4d2c-9dce-19ce448-5862632623c5-72c1,laencontre
16287,0,253739,0,"Departamento en Santiago De Surco, Lima","Santiago de Surco, Lima",108,3,2,0,"Departamento 403 – Estreno en Tomasal 1074, Surco - Casuarinas | 3 Dormitorios + Balcón + Vista Abierta Estrena un departamento...",https://www.laencontre.com.pe/inmueble/3f4c-9b9b-19bc30f-4c6ed930f6bf-746d,laencontre
16288,0,50419,0,"Departamento en Carabayllo, Lima","Carabayllo, Lima",90,3,2,0,"¡Bienvenido al condominio Las Magnolias.- Departamentos desde $50,000 El condominio de tus sueños en San Antonio de Carabayllo...",https://www.laencontre.com.pe/inmueble/3d30-9bda-18f7fc7-867ca4214d09-7171,laencontre
16289,0,87000,0,"Departamento en San Miguel, Lima","San Miguel, Lima",61,2,2,0,"CONFORTABLE DEPARTAMENTO EN 4TO PISO SIN ASCENSOR . REMODELADO PARCIALMENTE, ZONA TRANQUILA Y BONITA DE SAN MIGUEL ...",https://www.laencontre.com.pe/inmueble/622313,laencontre
16290,0,86000,0,"Departamento en Condominio Alameda Las Gaviotas, Los Gorriones, Chorrillos, Perú","Chorrillos, Lima",49,2,2,0,"DEPARTAMENTO EN VENTA EN CHORRILLOS Condominio Residencial ""Alameda Las Gaviotas III"" Av. Las Gaviotas N° 246 ó Calle Los...",https://www.laencontre.com.pe/inmueble/ee7a-93d5-1947233-c7556776e99a-7e56,laencontre
16291,0,310000,0,"Departamento en Jirón Chimucápac, Santiago De Surco, Perú","Santiago de Surco, Lima",133,3,4,0,HERMOSO EDIFICIO CON ENTREGA INMEDIATA.. DEPAS FRENTE AL PARQUE CON ASCENSOR DIRECTO AL DPTO..... 3 AMPLIAS HABITACIONES ...,https://www.laencontre.com.pe/inmueble/1673-b845-19ce11c-8666ebced4d6-77f4,laencontre
16292,0,395000,0,"Departamento en Santiago De Surco, Lima","Santiago de Surco, Lima",291,3,3,0,¡Vive en la exclusividad que mereces!              Se vende elegante y espacioso departamento en una de las mejores zonas...,https://www.laencontre.com.pe/inmueble/ce71-91f6-195884e-cd25d90e15e1-7eed,laencontre
16293,0,105000,0,"Departamento en Av. Mariscal La Mar & Toribio Pacheco, Miraflores, Perú","Santa Cruz, Miraflores, Lima",71,2,2,0,"ACOGEDOR DEPARTAMENTO EN ZONA COMERCIAL DE MIRAFLORES. EN EDIFICIO DE 4 PISOS SIN ASCENSOR , DPTO. UBICADO EN EL ULTIMO...",https://www.laencontre.com.pe/inmueble/2c13-ad9e-c36a6dc-9d207bc431e-4b71,laencontre
16294,0,533928,0,"Departamento en Calle José Del Llano Zapata 460, Miraflores, Lima, 15073, Per","Santa Cruz, Miraflores, Lima",151.89,3,2,0,"Lindo departamento de 3 dormitorios en proyecto, en Miraflores límite con San Isidro, a pasos de parques privados. El departamento...",https://www.laencontre.com.pe/inmueble/cc4-aa83-1986485-c3115f198125-70dc,laencontre
16295,0,154000,0,"Departamento en Calle General Córdova 626-662, Miraflores, Lima, 15073, Per","Santa Cruz, Miraflores, Lima",64.5,1,1,0,"Se vende acogedor departamento ubicado en la Av. General Córdova, cuadra 7, en la Urb. Santa Cruz, Miraflores, a pocos pasos...",https://www.laencontre.com.pe/inmueble/53de-c064-19d2633-2c7191461cd6-7e39,laencontre
16296,0,138000,0,"Departamento en Chavin, La Molina, Perú","La Molina, Lima",121,3,2,0,"GVL072302 Dúplex en primer piso en La Molina – Ubicación estratégica 🏠🧡 📍Calle Chavin, Urb Portada del Sol II Etapa...",https://www.laencontre.com.pe/inmueble/20e9-8ff2-482511c2-8a87e42af7c7-4a0c,laencontre
16297,0,305797,0,"Departamento en Cercado De Lima, Lima","Cercado de Lima, Lima",162,4,3,0,"Nuestro departamento dúplex en Jesús María entre la Av. Brasil y Av. Faustino Sánchez Carrión, al costado de la Notaria Laos...",https://www.laencontre.com.pe/inmueble/440e-a28b-19d42b4-a72d9248d1fd-7a5c,laencontre
16298,0,140876,0,"Departamento en Maranga, Lima","Maranga, San Miguel, Lima",67.05,0,0,0,NUESTRO PROYECTO CARMENCA TE ESPERA... Comunícate con Jorly Hernández *9*8*9*3*1*0*1*5*0* Ubicado en la cuadra 1 de Calle...,https://www.laencontre.com.pe/inmueble/c03e-bd53-19bc30c-b3250a9611fe-7106,laencontre
16299,0,131979,0,"Departamento en Maranga, Lima","Maranga, San Miguel, Lima",62.91,0,0,0,NUESTRO PROYECTO CARMENCA TE ESPERA... Comunícate con Jorly Hernández *9*8*9*3*1*0*1*5*0* Ubicado en la cuadra 1 de Calle...,https://www.laencontre.com.pe/inmueble/9308-bf8b-19bc30c-e7352efac085-7bbd,laencontre
16300,0,115963,0,"Departamento en Maranga, Lima","Maranga, San Miguel, Lima",61.65,0,0,0,NUESTRO PROYECTO CARMENCA TE ESPERA... Comunícate con Jorly Hernández *9*8*9*3*1*0*1*5*0* Ubicado en la cuadra 1 de Calle...,https://www.laencontre.com.pe/inmueble/79dc-bcf5-19bc30c-f732b6e130d4-7f57,laencontre
16301,0,116260,0,"Departamento en Maranga, Lima","Maranga, San Miguel, Lima",61.77,0,0,0,NUESTRO PROYECTO CARMENCA TE ESPERA... Comunícate con Jorly Hernández *9*8*9*3*1*0*1*5*0* Ubicado en la cuadra 1 de Calle...,https://www.laencontre.com.pe/inmueble/6635-89a2-19bc30c-8bcadb47f2ec-74a0,laencontre
16302,0,149774,0,"Departamento en Samiria 283, Surquillo, Perú","Surquillo, Lima",89.6,3,3,0,"Ubicado en una zona estratégica de Surquillo, este departamento versátil combina comodidad, funcionalidad y una excelente...",https://www.laencontre.com.pe/inmueble/c89c-a779-19cba11-3a90f8066696-739e,laencontre
16303,0,250000,0,"Departamento en Hospital Del Nino, Av. Javier Prado Este, San Borja, Perú","Santiago de Surco, Lima",268,4,3,0,Venta de dúplex en tercer piso ubicado en San Borja. Área del tercer piso: 138 m2. Área de la azotea: 129.79 m2. Área total...,https://www.laencontre.com.pe/inmueble/1005e-a190-19bfbc7-23f8bfdecd9a-77b4,laencontre
16304,0,132309,0,"Departamento en Miraflores, Lima","Miraflores, Lima",40.65,1,1,0,"Venta moderno Flat Miraflores Ref: Cerca a Av 28 de Julio , Parque Reducto , restaurantes y cafés , y facilidades acceso...",https://www.laencontre.com.pe/inmueble/3b88-919c-1967ef6-c332270f2df3-7f66,laencontre
16305,0,315000,0,"Departamento en Av De Los Precursores & Avenida Elmer Faucett, San Miguel, Perú","Maranga, San Miguel, Lima",170,4,3,0,"DUPLEX EN EXCELENTE UBICACIÓN - IDEAL PARA COMERCIO .UBICADA EN EL CRUCE CON AV. LOS PRECURSORES CON AV. FAUCETT , ESTE INMUEBLE...",https://www.laencontre.com.pe/inmueble/622321,laencontre
16306,0,220000,0,"Departamento en Avenida Manuel Villarán 213, Urbanización Los Tulipanes, Miraflores, Lima, 15048, Per","Miraflores, Lima",120,2,2,0,Area. 120mts2  2 dormitorios con cama king y queen 2 baños completos y 1/2 baño de visita Terraza con parrilla Cocina equipada...,https://www.laencontre.com.pe/inmueble/35b7-a564-196ee64-2014a5b7a9dd-749a,laencontre
16307,0,249000,0,"Departamento en Calle Las Campanillas 149, Surco, Perú","Santiago de Surco, Lima",131.75,3,2,0,Características del Departamento: Metraje: 131.75m2 Piso: 9 3 dormitorios 2 Baños Estudio Baño de visita Cochera lineal techada...,https://www.laencontre.com.pe/inmueble/a323-9876-19c4409-1b04b234478e-75b8,laencontre
16308,0,208708,0,"Departamento en Av. Del Parque Sur, San Borja, Perú","San Borja, Lima",83.34,3,2,0,COP032656 🌳🏢 Venta: ¡ÚLTIMAS 13 UNIDADES! DEPARTAMENTOS DE ESTRENO EN SAN BORJA 🌳🏢 ¡Vive frente al pulmón verde más...,https://www.laencontre.com.pe/inmueble/998e-b937-19cbf7e-ebd68978f81a-786c,laencontre
16309,0,182793,0,"Departamento en Calle Mariano De Los Santos 182, San Isidro, Lima, 15047, Per","Corpac, San Isidro, Lima",75,1,2,0,"DEPARTAMENTO EN SAN ISIDRO A un paso del centro financiero ESTRENO Área: 75m2 Precio: S/. 616,332 Soles CARACTERISTICAS...",https://www.laencontre.com.pe/inmueble/e1c0-ab6c-19c9299-e5b43b0b9553-71d1,laencontre
16310,0,132980,0,"Departamento en Av. Faustino Sánchez Carrión, Magdalena Del Mar, Perú","Magdalena del Mar, Lima",57,2,2,0,"Departamento ubicado en Magdalena ESTRENO NO PAGA ALCABALA Edificio de 20 pisos con departamentos de 1, 2 y 3 dormitorios...",https://www.laencontre.com.pe/inmueble/e2a7-add6-19d22d5-20aa365c5015-72b2,laencontre
16311,0,415000,0,"Departamento en Calle San Ignacio De Loyola, Miraflores, Perú","Armendáriz, Miraflores, Lima",164,3,4,0,Lindo Departamento de 3 Dorm Con area: 164 m2. Muy bien iluminado y ventilado. Con una super ubicación a media cuadra ...,https://www.laencontre.com.pe/inmueble/5857-a49f-19bbe22-2ecfd9c1e889-782e,laencontre
16312,0,345000,0,"Departamento en Batallon Tarma Surco, Lima, Perú","Santa Anita, Lima",232,5,4,0,"Primer Piso: Ingreso, sala, comedor, cocina con barra, baño de visita, corredor, dos dormitorios con closet, un baño completo...",https://www.laencontre.com.pe/inmueble/365f-8d81-19a02c8-d815911b2c10-7654,laencontre
16313,0,185000,0,"Departamento en Jirón Los Amancaes 204, Urbanización Casuarinas Sur, Santiago De Surco, Lima, 15023, Per","Santiago de Surco, Lima",120,3,2,0,"Bello departamento en Santiago de Surco Ubicación: Casuarinas Sur, en el 2do piso Edificio de 9 departamentos 🛏️Habitación...",https://www.laencontre.com.pe/inmueble/55a3-9901-48682606-66240df5eb8d-492f,laencontre
16314,0,121658,0,"Departamento en Av. Universitaria, San Miguel, Perú","San Miguel, Lima",62.2,2,2,0,PROYECTO INMOBILIARIO FLATS Y DÚPLEX 2 Y 3 D. SAN MIGUEL ENTREGA INMEDIATA Vive a un paso de Plaza San Miguel. 1 cuadra...,https://www.laencontre.com.pe/inmueble/d969-980e-198fb87-4c9e6e1cd3fe-7633,laencontre
16315,0,394000,0,"Departamento en Chorrillos, Lima","Chorrillos, Lima",0,3,4,0,"VENTA DE DEPARTAMENTOS EN LA ESQUINA MAS PRESTIGIOSA DE SAN ISIDRO Proyecto inmobiliario de Alto Perfil, Exclusividad en ...",https://www.laencontre.com.pe/inmueble/3bbd-9bdf-1983f89-78d37f8533ce-734b,laencontre
16316,0,95000,0,"Departamento en Cercado De Lima, Lima","Cercado de Lima, Lima",130,2,1,0,"– Departamento Frente a Parque | SMP 📐 Área: 130 m² 💰 Precio: USD 95,000 Características: 🛏️ 2 habitaciones 🚿 1 baño ...",https://www.laencontre.com.pe/inmueble/b96d-a64a-19cfd43-bb12f8f49e82-754d,laencontre
16317,0,320000,0,"Departamento en San Borja, Lima","San Borja, Lima",94,6,5,0,HERMOSO DEPARTAMENTO TRIPLEX CON ASCENSOR UBICADO EN SAN BORJA. CONSTA DE LA SIGUIENTE DISTRIBUCIÓN. PRIMER ...,https://www.laencontre.com.pe/inmueble/622451,laencontre
16318,0,177738,0,"Departamento en Calle Los Narcizos, Urbanización Casuarinas Sur, Santiago De Surco, Lima, 15023, Per","Santiago de Surco, Lima",67.68,2,2,0,"✨ ¡Oportunidad única en Santiago de Surco! ✨ Descubre tu próximo hogar en Las Cantutas 865, un moderno y acogedor departamento...",https://www.laencontre.com.pe/inmueble/d0b2-bed6-76ac5196-37cdfae7b9a3-413d,laencontre
16319,0,162527,0,"Departamento en Calle Incahuasi 290, San Miguel, Lima, 15088, Per","Maranga, San Miguel, Lima",79.3,3,2,0,✨ ¡Descubre la oportunidad de vivir frente al parque en el corazón de San Miguel! ✨ Te presento un moderno departamento...,https://www.laencontre.com.pe/inmueble/a5df-ba0c-74de72c4-1677cdddd469-4d3f,laencontre
16320,0,142342,0,"Departamento en Calle Los Narcizos, Urbanización Casuarinas Sur, Santiago De Surco, Lima, 15023, Per","Santiago de Surco, Lima",67.68,2,2,0,"✨ ¡Oportunidad única en Santiago de Surco! ✨ Descubre tu próximo hogar en Las Cantutas 865, un moderno y acogedor departamento...",https://www.laencontre.com.pe/inmueble/fc4e-b8d1-658fb315-1db44e9766f5-4ac4,laencontre
16321,0,160184,0,"Departamento en Calle Lambayeque 126, San Miguel, Lima, 15087, Per","Maranga, San Miguel, Lima",79.45,3,2,0,✨ ¡Descubre la oportunidad de vivir frente al parque en el corazón de San Miguel! ✨ Te presento un moderno departamento...,https://www.laencontre.com.pe/inmueble/69a7-8d45-1ae21353-f8202536e72b-4d8b,laencontre
16322,0,149477,0,"Departamento en Avenida Los Patriotas 665, San Miguel, Lima, 15087, Per","Maranga, San Miguel, Lima",80,2,2,0,¡OPORTUNIDAD DE INVERSIÓN ESTRATÉGICA EN RESIDENCIAL ALAMEDA - SAN MIGUEL! Ubicación privilegiada - El futuro eje de...,https://www.laencontre.com.pe/inmueble/2069-ba75-77feb71-731d09fed534-4128,laencontre
16323,0,160000,0,"Departamento en Mayorazgo, Ate, Perú","Mayorazgo, Ate, Lima",94,3,2,0,"Descubre este amplio y moderno departamento de 3 habitaciones, ideal para familias que buscan seguridad, confort y excelente...",https://www.laencontre.com.pe/inmueble/f7a5-bc15-19bfca8-a8c6277c6a8c-7723,laencontre
16324,0,350000,0,"Departamento en Avenida Los Precursores 331, Urbanización Valle Hermoso Oeste, Santiago De Surco, Lima, 15039, Per","Santiago de Surco, Lima",163,3,2,0,Exclusivo y precioso departamento en venta en la mejor Zona de Chacarilla a 1 cuadra del Parque Cesar Vallejos (El de la ...,https://www.laencontre.com.pe/inmueble/aa92-ada8-19c31d6-44a4a6a6893b-772e,laencontre
16325,0,879000,0,"Departamento en Orrantia, Lima","Orrantia, San Isidro, Lima",400,3,3,0,NO PAGA ALCABALA! Lindo Penthouse duplex con terraza y ascensor directo a ambos pisos en edificio boutique diseñado por el...,https://www.laencontre.com.pe/inmueble/296-8126-19beee4-10f471bc8628-740f,laencontre
16326,0,185000,0,"Departamento en La Molina, Lima","La Molina, Lima",104,3,2,0,"ZONA TRANQUILA – RESIDENCIAL Y SEGURA, RODEADO DE PARQUES, SUPERMERCADOS, CENTROS COMERCIALES, COLEGIOS, FÁCIL ACCESO A TRANSPORTE...",https://www.laencontre.com.pe/inmueble/96b7-8e4f-1963a08-bd2571146d92-790e,laencontre
16327,0,182306,0,"Departamento en Av. Del Parque Sur, San Borja, Perú","San Borja, Lima",59.39,3,2,0,COP032655 🌳🏢 Venta: ÚLTIMOS DEPARTAMENTOS DE ESTRENO FRENTE A PARQUE – SAN BORJA 🌳🏢 ¡Vive frente al pulmón verde más...,https://www.laencontre.com.pe/inmueble/3027-b0e5-19cbf73-ae4742ef7903-74c0,laencontre
16328,0,410000,0,"Departamento en Monte Claro, Santiago De Surco, Perú","Santiago de Surco, Lima",215,3,3,0,KAV012601 🏡✨ VIVE CHACARILLA COMO SIEMPRE SOÑASTE ✨🏡 Departamento en venta en Chacarilla Surco – Primer piso elevado ...,https://www.laencontre.com.pe/inmueble/38ab-af45-19bde54-e3848140c8cc-776d,laencontre
16329,0,125000,0,"Departamento en Av. Del Ejército, Magdalena Del Mar, Perú","Magdalena del Mar, Lima",67.3,2,2,0,KAV022501 Dpto con áreas sociales en Magdalena cerca al parque Grau 📍 Av Del Ejercito cuadra 2 Magdalena 📐 AT: 67.3...,https://www.laencontre.com.pe/inmueble/30cf-b474-195164d-b744a32b157c-76eb,laencontre
16330,0,135300,0,"Departamento en Corpac, Lima","Corpac, San Isidro, Lima",45,1,1,0,"Hermoso departamento de estreno, en espectacular edificio de 32 pisos, en plena Av. Javier Prado Este. El departamento, ...",https://www.laencontre.com.pe/inmueble/671a-bafb-19d0e58-39bd4d97641b-79f2,laencontre
16331,0,550000,0,"Departamento en Orrantia, Lima","Orrantia, San Isidro, Lima",200,3,4,0,Venta de Moderno Departamento en San Isidro – Calle Valle Riestra (cuadra 6) Ubicación privilegiada en zona residencial ...,https://www.laencontre.com.pe/inmueble/8b10-b83e-19d273e-28d4fc49f69a-74bf,laencontre
16332,0,89000,0,"Departamento en Urb Santo Domingo Etapa 12, Carabayllo, Perú","Carabayllo, Lima",87.67,3,2,0,"Vive donde siempre soñaste, en una de las mejores zonas de Carabayllo: Urbanización Santo Domingo. Descubre estos modernos...",https://www.laencontre.com.pe/inmueble/549a-c078-19d1d34-c041ae66f83f-7452,laencontre
16333,0,120000,0,"Departamento en Urb Los Cedros De Villa, Chorrillos, Perú","Chorrillos, Lima",168.58,3,3,0,🏡 VENTA DE ACOGEDOR DÚPLEX EN LOS CEDROS DE VILLA – CHORRILLOS Se vende hermoso dúplex ubicado en la exclusiva y tranquila...,https://www.laencontre.com.pe/inmueble/de57-824a-19cdea7-55855d4065fd-76d0,laencontre
16334,0,126344,0,"Departamento en Av. La Paz 2173, San Miguel, Perú","Maranga, San Miguel, Lima",79,3,2,0,🏙️ ¡Vive en *San Miguel* como siempre soñaste! A solo 1 cuadra del Boulevard Costanera 🌊✨ 🏡 Flat moderno con: ✅ 3 ...,https://www.laencontre.com.pe/inmueble/adaf-87a7-19c8e27-8b89e1b00538-710d,laencontre
16335,0,960000,0,"Departamento en Country Club, Lima","Country Club, San Isidro, Lima",398,3,3,0,Lindísimo penthouse dúplex frente a parque en San Isidro tradicional diseñado por el reconocido Arquitecto David Mutal. El...,https://www.laencontre.com.pe/inmueble/d438-95f8-199cd01-79f5ce6a8ae1-721d,laencontre
16336,0,480000,0,"Departamento en Pezet, Avenida General Juan Antonio Pezet, San Isidro, Perú","Country Club, San Isidro, Lima",180,3,3,0,Venta de Hermoso Departamento 180 M2 en San Isidro Ubicación Pezet Frente a Golf esquina camino real en San Isidro Súper...,https://www.laencontre.com.pe/inmueble/5af-9377-6d0a6c69-3e7c7243f7bb-49ac,laencontre
16337,0,169000,0,"Departamento en Jesus Maria, Lima","Jesus Maria, Lima",100,3,3,0,"Ubicado en zona estratégica de Jesús María, este espectacular departamento de 100 m² lo tiene TODO 🏡 3 habitaciones amplias...",https://www.laencontre.com.pe/inmueble/ad9f-beae-19cda7a-e7dcc49909cf-7320,laencontre
16338,0,203159,0,"Departamento en Santiago De Surco, Lima","Santiago de Surco, Lima",131,3,4,0,"Vendo Dúplex 3 Dorm – 3 Baños, Estacionamiento y Depósito en Surco 131 m², DUPLEX ubicado en Av. Los Faisanes, Condominio...",https://www.laencontre.com.pe/inmueble/952f-8096-19aa904-ae67293cd74d-7455,laencontre
16339,0,112000,0,"Departamento en Cardos, Lima, Perú","Salamanca De Monterrico, Ate, Lima",74.3,3,2,0,¡Descubre tu próximo hogar en Salamanca y vive a pocos pasos del Jockey Plaza! Se vende acogedor departamento con ambientes...,https://www.laencontre.com.pe/inmueble/9535-b96d-19ab8d8-a1b048718a3b-7861,laencontre
16340,0,600000,0,"Departamento en Santa Cruz, Lima","Santa Cruz, Miraflores, Lima",175,3,3,0,Edificio con espectacular vista al mar en privilegiada ubicación con parques y la mejor zona de entretenimento de Lima. Proyecto...,https://www.laencontre.com.pe/inmueble/6e8e-853f-370bcc98-18e3cade09c7-4040,laencontre
16341,0,365000,0,"Departamento en Calle General Córdova 556-580, Miraflores, Lima, 15073, Per","Santa Cruz, Miraflores, Lima",235,3,3,0,CMS072403 AMPLIO DÚPLEX DE 235 m² CON TERRAZA DE 50 m² FRENTE A PARQUE MORA Oportunidad de adquirir un departamento con...,https://www.laencontre.com.pe/inmueble/ea1e-8c48-19cd3d9-730b01d8b665-72b5,laencontre
16342,0,198000,0,"Departamento en A, Higuereta, Santiago De Surco, Lima 15038, Perú","Santiago de Surco, Lima",106,3,3,0,*VENDO LINDO DEPARTAMENTO EN SURCO* INFORME ANA MARIA ALZAMORA CEL.999*759*873 *Súper iluminado 2do. Piso* *Ascensor directo...,https://www.laencontre.com.pe/inmueble/4713-b87d-19cd579-747f20c14c21-7d77,laencontre
16343,0,97869,0,"Departamento en San Miguel, Lima","San Miguel, Lima",43,1,1,0,"Vivir frente al Mar es un lujo que solo podemos disfrutar, aquí en Lima, la única Capital Costera en Sudamérica!!!. Y ese...",https://www.laencontre.com.pe/inmueble/3730-a8fb-19d17c9-c3c2aaacadad-797f,laencontre
16344,0,133462,0,"Departamento en Santiago De Surco, Lima","Santiago de Surco, Lima",90,3,2,0," Departamento de Estreno en Santiago de Surco  Moderno y acogedor departamento de 3 dormitorios y 2 baños completos, ubicado...",https://www.laencontre.com.pe/inmueble/8ba0-92d5-19d0331-2f8c6619da38-794a,laencontre
16345,0,85500,0,"Departamento en Urb Santo Domingo Etapa 12, Carabayllo, Perú","Carabayllo, Lima",87.67,3,2,0,"Vive donde siempre soñaste, en una de las mejores zonas de Carabayllo: Urbanización Santo Domingo Etapa 12 Descubre estos...",https://www.laencontre.com.pe/inmueble/738e-8700-19d4534-b4a499dde1f8-73f2,laencontre
16346,0,85000,0,"Departamento en Carabayllo, Lima","Carabayllo, Lima",87.67,3,2,0,"Vive donde siempre soñaste, en una de las mejores zonas de Carabayllo: Urbanización Santo Domingo. Descubre estos modernos...",https://www.laencontre.com.pe/inmueble/f4e1-a4ff-19d4525-8875912ca354-7303,laencontre
16347,0,87000,0,"Departamento en Urb Santo Domingo Etapa 12, Carabayllo, Perú","Carabayllo, Lima",87.67,3,2,0,"Vive donde siempre soñaste, en una de las mejores zonas de Carabayllo: Urbanización Santo Domingo. Descubre estos modernos...",https://www.laencontre.com.pe/inmueble/a446-92fa-19d1d41-da37efd6f34d-7392,laencontre
16348,0,144000,0,"Departamento en Magdalena Del Mar, Lima","Magdalena del Mar, Lima",78,2,2,0,"Hermoso departamento en segundo piso, con una construcción moderna, con lindos acabados y en una zona tranquila de Magdalena...",https://www.laencontre.com.pe/inmueble/622472,laencontre
16349,0,275000,0,"Departamento en San Borja, Lima","San Borja, Lima",185,3,3,0,"Vendo lindo departamento flat a media cuadra de Pentagonito en Chacarilla, Distrito de San Borja ubicado en primer piso elevado...",https://www.laencontre.com.pe/inmueble/70a-a22b-190d74a-6a49fe082855-7a1a,laencontre
16350,0,138000,0,"Departamento en Jesus Maria, Lima","Jesus Maria, Lima",105,2,2,0,"✨🏡 Departamento en venta en Jesús María 🏡✨ ¡Amplio, iluminado y con gran proyección para tu inversión! Disfruta de una...",https://www.laencontre.com.pe/inmueble/4860-96a8-19909ae-1465f3525fef-7884,laencontre
16351,0,110625,0,"Departamento en Maranga, Lima","Maranga, San Miguel, Lima",62.22,2,2,0,VENDO BONITO FLAT CERCA A PARQUE CON VISTA EXTERIOR - SAN MIGUEL ¡No paga alcabala! Banco: BCP - 2 Dormitorios - 2 Baños...,https://www.laencontre.com.pe/inmueble/ba0e-ade2-19aeb1c-6ca6acaed483-71fd,laencontre
16352,0,118040,0,"Departamento en Maranga, Lima","Maranga, San Miguel, Lima",60.25,2,2,0,MODERNO FLAT DE ESTRENO CON TECNOLOGÍA DOMÓTICA DE ÚLTIMA GENERACIÓN EN EDIFICIO C/ ÁREAS COMUNES LISTOS PARA SU ENTREGA ...,https://www.laencontre.com.pe/inmueble/3d9d-855e-19aeaaa-abbea1470b68-74b1,laencontre
16353,0,287000,0,"Departamento en Avenida Almirante Miguel Grau 1278, Barranco, Lima, 15063, Per","Barranco, Lima",120,3,3,0,"Se vende moderno dúplex invertido en Barranco, con finos acabados y excelente distribución, ubicado en el piso 22 del moderno...",https://www.laencontre.com.pe/inmueble/cd00-8180-19cc9d2-bfd057f94f90-7513,laencontre
16354,0,126200,0,"Departamento en Av. Mariátegui, Jesús María, Perú","Jesus Maria, Lima",58,2,2,0,Moderno edificio con entrega inmediata ubicado en el centro de Jesús María hermosos DEPAS con balcón vista a la Calle Amplias...,https://www.laencontre.com.pe/inmueble/697b-949c-19cd6a5-dd925dacec76-752f,laencontre
16355,0,228368,0,"Departamento en Parque Enrique Martinelli Freundt, Avenida Ayacucho, Lima, Perú","Santiago de Surco, Lima",92,2,2,0,"Hermoso edificio de 8 pisos de entrega inmediata con vista al parque y lindas áreas comunes : zona de parrilla gym, coworking...",https://www.laencontre.com.pe/inmueble/e482-9375-19cd5a9-39c2bef96208-73d4,laencontre
16356,0,290000,0,"Departamento en Calle Mariscal Antonio José De Sucre 179, Miraflores, Lima, 15073, Per","Santa Cruz, Miraflores, Lima",119,3,2,0,"Quieres disfrutar de Miraflores, de sus parques, vías deportivas, restaurantes y bares, ¡vive en el distrito más turístico...",https://www.laencontre.com.pe/inmueble/2097-990c-43078b4c-ff434831cf55-4495,laencontre
16357,0,250000,0,"Departamento en Esmeralda, San Borja, Perú","San Borja, Lima",118,3,3,0,¡Vive en una de las zonas más exclusivas y residenciales de San Borja cerca del Pentagonito! Se vende hermoso dúplex en ...,https://www.laencontre.com.pe/inmueble/ded5-a3b2-19adb71-e209a16c40cb-721f,laencontre
16358,0,240000,0,"Departamento en Magdalena Del Mar, Lima","Magdalena del Mar, Lima",118,3,2,0,"Venta Departamento - Magdalena Venta de Departamento en Magdalena - Área: 118 m² - Precio: $240,000 - Mantenimiento: S/ 400...",https://www.laencontre.com.pe/inmueble/9f79-8439-1991c85-27c1dc3f53c6-7453,laencontre
16359,0,663000,0,"Departamento en Avenida Santo Toribio 191, San Isidro, Lima, 15073, Per","El Olivar, San Isidro, Lima",225,3,3,0,"Ubicado en uno de los mejores sectores de San Isidro, este proyecto ofrece una ubicación privilegiada cerca al Country Club...",https://www.laencontre.com.pe/inmueble/e5ed-8688-197ca05-1bdfb74f5d62-775e,laencontre
16360,0,75000,0,"Departamento en Pueblo Libre, Lima","Pueblo Libre, Lima",62,2,1,0,"⸻ 🏡 ¡Vive frente a parque en Pueblo Libre! Departamento bien distribuido y con excelente ubicación 💰 Precio: US$ 75,000...",https://www.laencontre.com.pe/inmueble/1088-a954-19cfdca-18bbb2833658-736c,laencontre
16361,0,222882,0,"Departamento en San Borja, Lima","San Borja, Lima",90.43,3,3,0,Edificio FORESTA - PROYECTO EN CONSTRUCCIÓN. Entrega: Mayo 2026. 16 Exclusivos departamentos para vivir en la comodidad y...,https://www.laencontre.com.pe/inmueble/bcf4-b808-193ec88-7207463222a7-7802,laencontre
16362,0,96929,0,"Departamento en Plaza De Armas Barranco, Barranco, Lima, Perú","Barranco, Lima",40,1,1,0,"DEPARTAMENTO EN VENTA EN BARRANCO A un paso de la Plaza de Armas ESTRENO: Departamentos Desde: S/. 326,821 Soles Área Desde...",https://www.laencontre.com.pe/inmueble/f94b-80ed-19cf9dc-a5e7de608850-77c6,laencontre
16363,0,143000,0,"Departamento en San Borja, Lima","San Borja, Lima",128.7,2,3,0,DEPARTAMENTO AMPLIO Y LUMINOS DE 95 M2 CON COCHERA - EXCELENTE UBICACION EN SAN BORJA Descubre este amplio y luminoso departamento...,https://www.laencontre.com.pe/inmueble/3e1b-88e8-19cd68e-be8407e02cf4-7a6e,laencontre
16364,0,490000,0,"Departamento en Jirón Monte Real, Chacarilla Del Estanque, Santiago De Surco, Lima 15038, Perú","Santiago de Surco, Lima",295,4,5,0,"📍 Ubicación privilegiada en el corazón de Chacarilla, Surco 💰 Precio: $490,000 🔐 Libre de hipoteca | Documentación en ...",https://www.laencontre.com.pe/inmueble/23c7-be60-19d035c-6f847dfe0bd6-7417,laencontre
16365,0,699000,0,"Departamento en Orrantia, Lima","Orrantia, San Isidro, Lima",714,4,7,0,En Venta gran y lindo departamento de 714 m2. San Isidro. ¡Excelente ubicación y distribución! Linda oportunidad para vivir...,https://www.laencontre.com.pe/inmueble/ca53-946c-190fca1-cedc3b381771-7c41,laencontre
16366,0,376660457,0,"Departamento en Urb La Castellana, Santiago De Surco, Perú","Santiago de Surco, Lima",208,3,3,0,¡Estrena Dúplex con Terraza Privada en Surco! ¡La oportunidad que esperabas para vivir en un departamento de doble nivel ...,https://www.laencontre.com.pe/inmueble/8f26-b67e-19a73d9-d6c9d480f1c8-7790,laencontre
16367,0,235000,0,"Departamento en Av. Gral. Córdova, Miraflores, Lima, Perú","Santa Cruz, Miraflores, Lima",91,3,3,0,VENTA DE DÚPLEX 91 m² + COCHERA - MIRAFLORES Se vende moderno departamento dúplex con excelente distribución y acabados ...,https://www.laencontre.com.pe/inmueble/ca9b-a62e-19cc963-bc242b96264f-74f5,laencontre
16368,0,175000,0,"Departamento en Miraflores, Lima","Miraflores, Lima",105,3,3,0,"🏡 ¡VIVE FRENTE AL PARQUE EN MIRAFLORES! 🌳✨ En venta amplio y cómodo departamento en el corazón de Miraflores, ubicado frente...",https://www.laencontre.com.pe/inmueble/19e8-b1f7-197ed86-acf18353babd-7f7a,laencontre
16369,0,51902,0,"Departamento en Santa Anita, Lima","Santa Anita, Lima",60,2,1,0,🌟 ¡Descubre tu nuevo hogar en Las Praderas de Santa Anita! 🏡✨ Este encantador departamento de dos habitaciones en la calle...,https://www.laencontre.com.pe/inmueble/a020-b654-196d2a9-ef4b1b90741e-7087,laencontre
16370,0,120709,0,"Departamento en Cercado De Lima, Lima","Cercado de Lima, Lima",50,2,2,0,Venta de moderno departamento pensado para familias y emprendedores que buscan un lugar donde vivir o invertir con seguridad...,https://www.laencontre.com.pe/inmueble/13d-a123-19c747a-a2850237963e-7f85,laencontre
16371,0,320000,0,"Departamento en Calle 32 272, Lima, Perú","Corpac, San Isidro, Lima",195,5,3,0,"🏡 VENDO AMPLIO Y LUMINOSO DEPARTAMENTO EN SAN ISIDRO 📍 Ubicación privilegiada: Calle 32 N° 272, Dpto. 301 – Urb. Corpac...",https://www.laencontre.com.pe/inmueble/db0e-8e11-19d41fe-62671f988b7e-70d5,laencontre
16372,0,360000,0,"Departamento en Avenida Coronel Reynaldo Vivanco, Surco, Perú","Santiago de Surco, Lima",294,3,5,0,OCASIÓN!! VENDO DUPLEX EN CONDOMINIO EN SURCO Dirección Reynaldo de Vivanco xxx dpto. 401 Surcó * Área : 147 M2 POR PISO...,https://www.laencontre.com.pe/inmueble/43ca-9a52-19d2bbb-fd262b706b65-71e1,laencontre
16373,0,240000,0,"Departamento en Calle José Gonzáles 384, Miraflores, Lima, 15074, Per","Miraflores, Lima",90,3,2,0,"VENTA DE DEPARTAMENTO + AIRES EN MIRAFLORES ️ Ubicación privilegiada, cerca de Parque Kennedy, Malecón de Miraflores y a ...",https://www.laencontre.com.pe/inmueble/c88a-9e13-19cfd8f-4d7b05a061a9-7402,laencontre
16374,0,85000,0,"Departamento en Prolongación Javier Prado, Ate, Lima, 15494, Per","Mayorazgo, Ate, Lima",71.94,2,2,0,Para mayor información 📞Contáctame al: +51 968-303---- Carolina De la Cruz Departamento ubicado en Prolongación Javier...,https://www.laencontre.com.pe/inmueble/dad9-a259-1916be5-a7d62d4dcc52-790b,laencontre
16375,0,85000,0,"Departamento en Prolongación Javier Prado, Ate, Lima, 15494, Per","Mayorazgo, Ate, Lima",66,2,1,0,"Este departamento representa la combinación perfecta, ideal para familias pequeñas, parejas, o deseas invertir e iniciar ...",https://www.laencontre.com.pe/inmueble/5b2a-a259-1916be2-9fd42f0816e9-790b,laencontre
16376,0,274593,0,"Departamento en 2 De Mayo, Barranco, Perú","Cercado de Lima, Lima",125.96,3,2,0,"PEZ042667 ✨ VIVE BARRANCO HOY, NO EN PLANOS ✨ 🏡 Proyecto de ENTREGA INMEDIATA 📍 Barranco ¿Lista para mudarte ya o invertir...",https://www.laencontre.com.pe/inmueble/429b-b02c-19d7414-5acce1f1323-75f0,laencontre
16377,0,413809,0,"Departamento en Av. 28 De Julio, Miraflores, Lima, Perú","Miraflores, Lima",142,2,2,0,"GVL032647 🌊 COSTA DE LIMA – MIRAFLORES ✨ Un duplex diferente, diseñado al detalle Vive en el corazón de Miraflores, a...",https://www.laencontre.com.pe/inmueble/6f07-aee9-19cdfa0-56d0bc66c6ba-72e9,laencontre
16378,0,123615,0,"Departamento en Av. Sucre, Pueblo Libre, Perú","Pueblo Libre, Lima",67.3,2,2,0,COP112508 ¡Últimos 6 departamentos disponibles! Venta de departamentos en Edificio Liri – Pueblo Libre 📍 Estratégica ubicación...,https://www.laencontre.com.pe/inmueble/2884-9e08-19a57ac-6a6e1cb5cd98-7121,laencontre
16379,0,115963,0,"Departamento en Av. Sucre, Pueblo Libre, Perú","Pueblo Libre, Lima",63,3,2,0,COP112507 ¡Últimos 6 departamentos disponibles! Venta de departamentos en Edificio Liri – Pueblo Libre 📍 Estratégica ubicación...,https://www.laencontre.com.pe/inmueble/597d-ac92-19a577e-701a03d80a11-740e,laencontre
16380,0,232105,0,"Departamento en Av. Brasil, Magdalena Del Mar, Lima, Perú","Magdalena del Mar, Lima",145.9,3,2,0,"COP112506 🏙️ ¡Últimas 14 unidades disponibles! Venta de departamentos en edificio Vista Brasil, Magdalena del Mar 📍 Ubicación...",https://www.laencontre.com.pe/inmueble/8552-ba84-19a5190-f549c5a8f45d-7323,laencontre
16381,0,129428,0,"Departamento en Av. Brasil, Magdalena Del Mar, Perú","Magdalena del Mar, Lima",73,3,2,0,"COP112505 ¡Últimas 14 unidades disponibles! Venta de departamentos en edificio Vista Brasil, Magdalena del Mar 📍 Ubicación...",https://www.laencontre.com.pe/inmueble/73d2-9363-19a514a-7649063119ce-77ce,laencontre
16382,0,156121,0,"Departamento en Av. Universitaria, Urb Pando, San Miguel, Perú","Pueblo Libre, Lima",85.4,3,2,0,"COP112504 🏙️ ¡Últimos 15 departamentos disponibles! Venta de departamentos en Edificio Mar de Plata II, San Miguel 📍...",https://www.laencontre.com.pe/inmueble/1b5d-ac43-19a5125-a5ee5018579-7225,laencontre
16383,0,121658,0,"Departamento en Mar De Plata Ii Mg, Avenida Universitaria, San Miguel, Perú","San Miguel, Lima",66.2,3,2,0,"COP112503 🏙️ ¡Últimos 15 departamentos disponibles! Venta de departamentos en Edificio Mar de Plata II, San Miguel 📍...",https://www.laencontre.com.pe/inmueble/8492-89d4-19a504a-be82c9bf40ae-71b0,laencontre
16384,0,144732,0,"Departamento en Urb Santa Beatriz, Lima, Perú","Cercado de Lima, Lima",81.9,3,2,0,COP102502 🏙️ Venta de Departamentos en Edificio Los Pinos III. ¡Últimas 3 unidades! ¡Últimas 3 unidades! Moderna arquitectura...,https://www.laencontre.com.pe/inmueble/54ca-819d-19a3cfa-dd7054618823-77cc,laencontre
16385,0,131220,0,"Departamento en Urb Santa Beatriz, Lima, Perú","Cercado de Lima, Lima",80,3,2,0,COP102501 🏙️ Venta de Departamentos en Edificio Los Pinos III. ¡Últimas 3 unidades! ¡Últimas 3 unidades! Moderna arquitectura...,https://www.laencontre.com.pe/inmueble/b12a-ac6f-19a3ced-bedc6d0fe2c4-70fe,laencontre
16386,0,530587,0,"Departamento en José Del Llano Zapata, Miraflores, Perú","Santa Cruz, Miraflores, Lima",151.89,3,3,0,"GVL042502 Tu Nuevo Penthouse En Miraflores, Límite Con San Isidro, Con El Entorno Más Lindo Y Arquitectura Única Cerca...",https://www.laencontre.com.pe/inmueble/6e9c-bcf4-1962127-bfa4027c7946-7f68,laencontre
16387,0,276711,0,"Departamento en F & C Co, Calle Monte Sierpe, Urbanización Chacarilla Del Estanque, Santiago De Surco, Lima, 15038, Per","Santiago de Surco, Lima",103,2,3,0,"PEZ042503 🔸 Modernos Departamentos excelente ubicación con hermoso y amplio parque privado cuenta con Terraza , Sum , ...",https://www.laencontre.com.pe/inmueble/9e58-966f-1961703-3acd248e9ff4-790c,laencontre
16388,0,131645,0,"Departamento en Calle Enrique Barrón, Barranco, Perú","Barranco, Lima",40.72,1,1,0,"TMT032503 ¡DE ESTRENO! 🎉 VEN A DISFRUTAR EL ESTILO DE VIDA DE BARRANCO Donde el encanto, el arte, y la tradición, se encuentran...",https://www.laencontre.com.pe/inmueble/b8dd-bcc6-195d898-1e4e93d700ab-73c4,laencontre
16389,0,129000,0,"Departamento en Chacra Colorada, Lima","Chacra Colorada, Breña, Lima",192.78,3,2,0,✨ ¡Oportunidad Única en Breña! ✨ 🏠 Descubre tu nuevo hogar en Jirón Huaraz . Un acogedor y luminoso departamento flat que...,https://www.laencontre.com.pe/inmueble/fad9-ac95-1965bed-8dadc469c2e0-75d9,laencontre
16390,0,67000,0,"Departamento en Los Olivos, Lima","Los Olivos, Lima",74,3,2,0,"SE VENDE DEPARTAMENTO EN CONDOMINIO LAS TORRES DE LOS OLIVOS, 3 HABITACIONES, 74 M2.Se encuentra en una zona tranquila, rodeado...",https://www.laencontre.com.pe/inmueble/62f1-9722-19c55cf-36b6b4ee5682-7519,laencontre
16391,0,489000,0,"Departamento en Malecón La Marina, Miraflores, Lima, 15074, Per","Santa Cruz, Miraflores, Lima",185,3,4,0,Venta de Departamento con Balcón Frente Al Mar en Miraflores Exclusivo Departamento de 3 Dormitorios con Vista al Mar en ...,https://www.laencontre.com.pe/inmueble/4d48-96c8-19ce300-e44031a0a60f-7e0a,laencontre
16392,0,290354,0,"Departamento en Santiago De Surco, Lima","Santiago de Surco, Lima",141.55,2,4,0,"Edifico exclusivo y elegante ubicado en Chacarilla, en la mejor zona de Surco. Flats y Dúplexs, ideales para espíritus libres...",https://www.laencontre.com.pe/inmueble/99d8-b693-199fd7b-13e1d74da601-7801,laencontre
16393,0,129903,0,"Departamento en Pueblo Libre, Lima","Pueblo Libre, Lima",71.11,2,2,0,CÓMODO DEPARTAMENTO DE ESTRENO EN PUEBLO LIBRE El Edificio Pueblo Libre ofrece los últimos flats de 2 y 3 dormitorios desde...,https://www.laencontre.com.pe/inmueble/db2f-9e8d-199fd3d-83653f5611df-7386,laencontre
16394,0,96000,0,"Departamento en Maranga, Lima","Maranga, San Miguel, Lima",75,3,3,0,🏡✨ ¡Vive en el corazón de San Miguel! ✨🏡 📍 Condominio Alto San Miguel – Urb. Maranga Descubre este amplio y moderno departamento...,https://www.laencontre.com.pe/inmueble/77b0-9ede-19a65bc-a75344562c84-7351,laencontre
16395,0,91940,0,"Departamento en Barranco, Lima","Barranco, Lima",45,1,1,0,"🏢 ¡Vive con estilo en el corazón de Barranco! 🎨🌆 Descubre este moderno monoambiente de 40 m², ideal para quienes buscan...",https://www.laencontre.com.pe/inmueble/1171-c00b-196b682-8466b4eff15f-7d4b,laencontre
16396,0,250000,0,"Departamento en Calle 1, San Borja, Perú","Cercado de Lima, Lima",220,3,2,0,Vendo Hermoso Dúplex 220 m2 San Borja Dirección: Calle 1 ( X CA C ) xxx Mz T Lt 13 Urb Monterrico Norte San Borja En la...,https://www.laencontre.com.pe/inmueble/599a-9a38-190c921-804f91a7a013-7e60,laencontre
16397,0,518900,0,"Departamento en Santiago De Surco, Lima","Santiago de Surco, Lima",412.17,3,3,0,PENTHOUSE 402.17 m2 DÚPLEX CON PISCINA PRIVADA EN SURCO – EL NIVEL QUE ESTÁS BUSCANDO Si estás buscando un dúplex en Surco...,https://www.laencontre.com.pe/inmueble/a99d-83c5-19ca232-34300a2ff87c-76f5,laencontre
16398,0,58000,0,"Departamento en Avenida José Olaya 420, Chorrillos, Lima, 15064, Per","Chorrillos, Lima",88,2,2,0,"¿Buscas una oportunidad que realmente marque la diferencia? Este departamento en Chorrillos, ubicado en cuarto piso, lo tiene...",https://www.laencontre.com.pe/inmueble/b197-838b-2d78757f-166b98edb31a-4e65,laencontre
16399,0,176000,0,"Departamento en Calle Loma Blanca, Santiago De Surco, Perú","Santiago de Surco, Lima",134.31,3,2,0,VENDO HERMOSO DEPARTAMENTO FLAT EN SURCO - CALLE LOMA BLANCA 📞Contáctame al: +51 997-920---- Sandra De La Flor Hermoso...,https://www.laencontre.com.pe/inmueble/c3e0-8f01-19b3953-ac4ae5359130-772b,laencontre
16400,0,459000,0,"Departamento en Los Recuerdos, San Borja, Perú","San Borja, Lima",258,4,4,0,"Lindo PH dúplex ubicado en Chacarilla, en edificio moderno de 4 pisos con sólo 9 departamentos, lo que garantiza privacidad...",https://www.laencontre.com.pe/inmueble/578b-8a89-19c2cb0-bd8fc5b962ed-7f66,laencontre
16401,0,245000,0,"Departamento en Avenida El Sol, Chorrillos, Lima, 15064, Per","Chorrillos, Lima",80,1,1,0,¡Descubre tu próximo hogar en Barranco! Te presentamos un moderno dúplex diseñado para parejas o solteros que buscan comodidad...,https://www.laencontre.com.pe/inmueble/e717-af3f-1938f7d-d98540d32537-7e31,laencontre
16403,0,110000,0,"Departamento en Jirón Combate De Angamos, Santiago De Surco, Lima, 15049, Per","Santiago de Surco, Lima",87.34,4,2,0,✨ ¡Oportunidad única en Santiago de Surco! ✨ ¿Estás buscando el lugar perfecto para llamar hogar? ¡Descubre este acogedor...,https://www.laencontre.com.pe/inmueble/17e6-a03c-1d8f75f7-d7ea22acc3bb-4808,laencontre
16404,0,155000,0,"Departamento en Surquillo, Lima","Surquillo, Lima",101,3,2,0,"Venta de Departamento – 101 m² | Piso 16 | S/ 525,450 (US$ 150,000) Moderno y luminoso departamento de 101 m², ubicado en...",https://www.laencontre.com.pe/inmueble/8d8-aaf8-19bc30e-3a2882b7339b-7a9d,laencontre
16405,0,88000,0,"Departamento en Las Flores, San Juan De Lurigancho, Perú","San Juan de Lurigancho, Lima",200,3,1,0,95/1/2/2/6/5---- VENDO DEPARTAMENTO AMPLIO EN SAN JUAN DE LURIGANCHO LAS FLORES A UNA CUADRA DE PLAZA VEA CDRA 20 ACCESOS...,https://www.laencontre.com.pe/inmueble/3aab-a41f-19c9676-f7f2345a2b47-7485,laencontre
16406,0,155000,0,"Departamento en Calle Alcanfores 920, Miraflores, Perú","Armendáriz, Miraflores, Lima",73,2,3,0,"Venta Departamento en Miraflores ¡VIVE MIRAFLORES A PASOS DEL MALECÓN! Si te gusta caminar frente al mar, salir a cafés, ...",https://www.laencontre.com.pe/inmueble/bbb3-aa25-19d550f-dacc388ae25f-7866,laencontre
16407,0,79000,0,"Departamento en Urbanización Alameda De La Rivera, Ate, Perú","Salamanca De Monterrico, Ate, Lima",96.02,3,2,0,"Este departamento en el cuarto piso, ubicado en la Urbanización La Alameda de la Rivera en Ate Vitarte, ofrece una oportunidad...",https://www.laencontre.com.pe/inmueble/5528-ab63-1971d76-b7c2171e3601-73c0,laencontre
16408,0,169900,0,"Departamento en Av. Sergio Bernales 381, Surquillo, Perú","Surquillo, Lima",77.71,3,2,0,"DEPARTAMENTO en VENTA en BARRIO MÉDICO, SURQUILLO Av. Sergio Bernales N°381, Surquillo Cerca de Parques y diversas áreas ...",https://www.laencontre.com.pe/inmueble/bbc7-af4e-196cddd-89a1cb7d19ca-7f6b,laencontre
16409,0,179000,0,"Departamento en San Miguel, Lima","San Miguel, Lima",100.41,3,2,0,"Descubre este encantador departamento flat ubicado en Av. San Bertolotto – San Miguel, una zona residencial tranquila y privilegiada...",https://www.laencontre.com.pe/inmueble/986a-aa7e-19c689a-c2da04e46bc4-7205,laencontre
16410,0,76000,0,"Departamento en Franklin, Lima, Perú","Surquillo, Lima",40,1,1,0,"HERMOSOS DEPAS AL COSTADO DEL PARQUE HÉROES DE LA PAZ ,EDIFICIO EN CONSTRUCCIÓN ENTREGA FEBRERO 2027 CON ACABADOS QUE...",https://www.laencontre.com.pe/inmueble/2eaa-b103-19cd603-95b2ff068be-73f4,laencontre
16411,0,285000,0,"Departamento en Jirón Miguel Aljovín 484-606, Urbanización Santa Rita, Santiago De Surco, Lima, 15048, Per","Santiago de Surco, Lima",156,2,5,0,"Venta de 2 Duplex DÚPLEX 701 Amplio y moderno dúplex de 202 m², ideal para quienes buscan comodidad y espacios bien distribuidos...",https://www.laencontre.com.pe/inmueble/e07e-8c6e-19d3164-6793f96cafc4-75b8,laencontre
16412,0,165000,0,"Departamento en Av. José Pardo, Miraflores, Perú","Santa Cruz, Miraflores, Lima",67,2,1,0,"VENDO DPTO. 67M2 – 2D – MIRAFLORES INCLUYE COCHERA -$165,000 precio final Área 67m2 Piso 7 con ascensor Vista a José Pardo...",https://www.laencontre.com.pe/inmueble/c137-b713-1988fa9-6593e417b5f3-733e,laencontre
16413,0,113000,0,"Departamento en Los Pelícanos, San Bartolo, Perú","San Bartolo, Lima",87.71,2,2,0,MCG092501 Vive en San Bartolo✨ Venta - Los Pelícanos 📌 Deja de alquilar y estrena tú departamento cerca al mar 🎯 Departamento...,https://www.laencontre.com.pe/inmueble/1067-82e0-1990cd5-589358e395bc-765d,laencontre
16414,0,148700,0,"Departamento en Pedro De Osma, Barranco, Perú","Barranco, Lima",46,1,1,0,"SFM012401 LINDO LOFT AMOBLADO EN EL CORAZÓN DE BARRANCO • Dirección: Pedro Osma, Barranco • Área construída:46 M2 • ...",https://www.laencontre.com.pe/inmueble/c4f0-af16-84c19f-229070c49660-41d4,laencontre
16415,0,104397,0,"Departamento en Maranga, Lima","Maranga, San Miguel, Lima",56.98,0,0,0,NUESTRO PROYECTO CARMENCA TE ESPERA... Comunícate con Jorly Hernández *9*8*9*3*1*0*1*5*0* Ubicado en la cuadra 1 de Calle...,https://www.laencontre.com.pe/inmueble/d857-acc8-19bc30c-e14e7496c05d-757e,laencontre
16416,0,190000,0,"Departamento en Santiago De Surco, Lima","Santiago de Surco, Lima",99.16,2,2,0,Se vende departamento en Avenida La Encalada Edificio de 7 pisos Antiguedad: estreno Departamento 99.16m2 ...,https://www.laencontre.com.pe/inmueble/5535-c04e-19bc30c-edd257658f1c-7f12,laencontre
16417,0,259000,0,"Departamento en Risso, Lima","Risso, Lince, Lima",194,3,4,0,"Está rodeado de parques y puntos comerciales estratégicos como el centro comercial Risso, el mercado distrital Risso y Lobatón...",https://www.laencontre.com.pe/inmueble/37b7-94a6-bb501477-90fe8e9ae15e-4cfe,laencontre
16418,0,176852,0,"Departamento en Surquillo, Lima","Surquillo, Lima",80,3,2,0,"Ubicado en la vibrante zona de San Miguel, con una disposición frente y orientación oeste, el departamento cuenta con dos...",https://www.laencontre.com.pe/inmueble/a983-a567-19987a1-73513ac53963-7812,laencontre
16419,0,164366,0,"Departamento en Maranga, Lima","Maranga, San Miguel, Lima",75,3,2,0,"Ubicado en una zona estratégica de San Miguel, este espectacular departamento en venta es una oportunidad única para aquellos...",https://www.laencontre.com.pe/inmueble/b63a-b441-1998784-dc682ab38bc4-72b1,laencontre
16420,0,154193,0,"Departamento en Maranga, Lima","Maranga, San Miguel, Lima",75,3,2,0,"Ubicado en el corazón de San Miguel, Lima, este moderno departamento en venta ofrece una excelente oportunidad de inversión...",https://www.laencontre.com.pe/inmueble/c063-9c4f-1998742-2e06afa02692-755f,laencontre
16421,0,485000,0,"Departamento en Cercado De Lima, Lima","Cercado de Lima, Lima",125,3,3,0,Exclusivo departamento en Barranco con vista privilegiada y excelente ubicación A pasos del malecón | cerca a parques | 125...,https://www.laencontre.com.pe/inmueble/a542-a579-19d0e58-d4c23a7f0ed3-7526,laencontre
16422,0,217000,0,"Departamento en Av. Alejandro Velasco Astete 1153, Surco, Perú","Santiago de Surco, Lima",104.4,1,2,0,"Contacto: 9.8.5.4.9.4.8---- Ofrezco en venta un hermoso departamento dúplex ubicado en Chacarilla del Estanque, cuadra 11...",https://www.laencontre.com.pe/inmueble/2bf9-981c-c4155059-d9cbbf7882f3-4b9c,laencontre
16423,0,152295,0,"Departamento en Avenida Javier Prado Este, San Isidro, Lima, 15046, Per","San Eugenio, Lince, Lima",60,2,2,0,"¡Invierte o vive en el corazón financiero de San Isidro! Modernos departamentos de 2 dormitorios, ideales para vivir con ...",https://www.laencontre.com.pe/inmueble/2d59-a9df-19cea69-855fde7d95a5-71f4,laencontre
16424,0,248240,0,"Departamento en Santiago De Surco, Lima","Santiago de Surco, Lima",0,3,3,0,"Descubre este elegante departamento de 96.31 m², diseñado para quienes buscan comodidad, privacidad y una excelente distribución...",https://www.laencontre.com.pe/inmueble/6ee-b244-19d66c0-800775997d7c-7ed3,laencontre
16425,0,540000,0,"Departamento en Alameda Monte Umbroso, Chacarilla Del Estanque, Lima, Perú","Santiago de Surco, Lima",244,3,3,0,CPJ032620 ✨ Exclusivo Dúplex con Piscina y Ascensor Directo – Chacarilla ✨ Se vende elegante dúplex de 244 m² ubicado en...,https://www.laencontre.com.pe/inmueble/1ea1-ad73-19cc9d1-293ad9b58f7a-726e,laencontre
16426,0,93000,0,"Departamento en Los Pelícanos, San Bartolo, Perú","San Bartolo, Lima",80,2,2,0,MCG092502 Vive en San Bartolo✨ Venta - Los Pelícanos 📌 Deja de alquilar y estrena tú departamento cerca al mar 🎯 Departamento...,https://www.laencontre.com.pe/inmueble/a3d4-81c7-1990cfb-24c3a17382b2-7235,laencontre
16427,0,235000,0,"Departamento en Santiago De Surco, Lima","Santiago de Surco, Lima",123.88,3,3,0,"Departamento de 123.88 m2, amplio y Confortable en la zona mas residencial de Surco.  Duany Torres te presenta esta increíble...",https://www.laencontre.com.pe/inmueble/b6ca-b318-19cfe09-cc0f7343f6a7-75ea,laencontre
16428,0,207000,0,"Departamento en Magdalena Del Mar, Lima","Magdalena del Mar, Lima",165,4,2,0,VENTA DE DUPLEX + COCHERA Y ALMACEN ÁREA TOTAL : 165 M2 ÁREA TECHADA: 120 M2 Dúplex piso 8 y 9  Vista Interior 4Dormitorios...,https://www.laencontre.com.pe/inmueble/a65c-9a1b-19bc30b-c06f1fa5c498-7463,laencontre
16429,0,184000,0,"Departamento en Santiago De Surco, Lima","Santiago de Surco, Lima",91,3,2,0,"Departamento en Surco – 3 dormitorios, 2 baños, 3er piso Vive con comodidad en este moderno y luminoso departamento en Surco...",https://www.laencontre.com.pe/inmueble/5fcc-a3a8-199a128-1e6f67c3425d-79da,laencontre
16430,0,190000,0,"Departamento en Cercado De Lima, Lima","Cercado de Lima, Lima",59.7,1,2,0,"Excelente departamento con vista interior, ubicado en el distrito de arte moderno de Barranco, zona muy tranquila, con finos...",https://www.laencontre.com.pe/inmueble/3ff9-b36b-1993bc0-92229581c8b1-7eb0,laencontre
16431,0,281000,0,"Departamento en Miraflores, Lima","Miraflores, Lima",124.32,3,3,0,Vive en Miraflores LIFESTYLE Es una de las zonas más buscadas del distrito nace un proyecto boutique exclusivo a pasos del...,https://www.laencontre.com.pe/inmueble/1471-85e0-19cf650-873f5b04a948-7a98,laencontre
16432,0,265000,0,"Departamento en Miraflores, Lima","Miraflores, Lima",105.4,3,3,0,Vive en Miraflores CON ESTILO DE VIDA  Es una de las zonas más buscadas del distrito nace un proyecto boutique exclusivo ...,https://www.laencontre.com.pe/inmueble/8d0-a4e6-19cf650-76868ce6dca4-70ea,laencontre
16433,0,556033,0,"Departamento en Av. Camino Real 1053, San Isidro, Perú","San Martin de Porres, Lima",132.7,0,0,0,Un espectacular proyecto donde la arquitectura y estilo se fusionan para ofrecerte una experiencia única con vista privilegiada...,https://www.laencontre.com.pe/inmueble/e200-b50a-1922140-781f843d6925-7a20,laencontre
16434,0,370000,0,"Departamento en Avenida Coronel Reynaldo Vivanco, Urbanización Valle Hermoso Oeste, Santiago De Surco, Lima, 15039, Per","Santiago de Surco, Lima",283.21,3,4,0,"𝙀𝙨𝙥𝙚𝙘𝙩𝙖𝙘𝙪𝙡𝙖𝙧 𝙙𝙚𝙥𝙖𝙧𝙩𝙖𝙢𝙚𝙣𝙩𝙤 𝙙𝙪́𝙥𝙡𝙚𝙭 en una de las mejores zonas de Surco, combina comodidad y...",https://www.laencontre.com.pe/inmueble/8ecc-a7f1-19582dc-2babddbb1002-8076,laencontre
16435,0,147994,0,"Departamento en Avenida Mariscal Caceres, Surquillo, Perú","Miraflores, Lima",62.36,3,2,0,"🏢 ¡Estrena tu nuevo departamento en Surquillo! Un hermoso flat de 62.36 m² en un edificio moderno de 18 pisos, con solo ...",https://www.laencontre.com.pe/inmueble/8085-a8ec-19843d1-13496a95108c-7692,laencontre
16436,0,1043000,0,"Departamento en Santa Cruz, Lima","Santa Cruz, Miraflores, Lima",366,3,3,0,Departamento en desarrollo en una calle de Miraflores límite San Isidro muy privilegiada por tener conectividad y rápido ...,https://www.laencontre.com.pe/inmueble/ca47-96f7-19462a2-34a8dacc1dc0-7749,laencontre
16437,0,238795,0,"Departamento en Jirón Gozzoli Norte, San Borja, Perú","San Borja, Lima",94.34,3,3,0,COP032658 Venta: ¡ÚLTIMOS 5 DEPARTAMENTOS! EXCLUSIVIDAD EN SAN BORJA – EDIFICIO FORESTA 🌳🏢 ¡Vive con la privacidad que...,https://www.laencontre.com.pe/inmueble/5416-ba85-19cc042-e67fb25bb40-70d5,laencontre
16438,0,142473,0,"Departamento en Santa Cruz, Lima","Santa Cruz, Miraflores, Lima",51,1,1,0,"VIVE EL DISEÑO, DISFRUTA EL MAR, INVIERTE CON VISION DEPARTAMENTOS EN MIRAFLORES QUE COMBINAN LA ARQUITECTURA CONTEMPORANEA...",https://www.laencontre.com.pe/inmueble/3de0-80b9-19c0e92-f7abecd515c0-7c7d,laencontre
16439,0,85000,0,"Departamento en Av. Micaela Bastidas 1261, Comas, Perú","Comas, Lima",115,5,3,0,"¿Buscas comodidad, seguridad y tener todo al alcance de tu mano? ¡Este departamento dúplex en el Condominio Soles de Retablo...",https://www.laencontre.com.pe/inmueble/ba9a-ba2b-19d0d83-1641712337fb-7490,laencontre
16440,0,75000,0,"Departamento en Los Olivos, Lima","Los Olivos, Lima",66,3,2,0,"VENDO DEPARTAMENTO + COCHERA EN COND.OMINIO URB. VILLASOL LOS OLIVOS 5to  PISO  66m2Se encuentra en una zona tranquila, rodeado...",https://www.laencontre.com.pe/inmueble/fb00-992f-19c4ef2-89ee192d08fe-735d,laencontre
16441,0,565000,0,"Departamento en Malecón Cisneros, Miraflores, Lima, 15074, Per","Santa Cruz, Miraflores, Lima",240,3,4,0,Venta de Departamento con Balcón Frente Al Mar en Miraflores Vendo Departamento Frente Al Mar EXCLUSIVO DEPARTAMENTO FRENTE...,https://www.laencontre.com.pe/inmueble/a446-a740-19ce2e2-1f9e50d1cbb4-73cb,laencontre
16442,0,45000,0,"Departamento en Jirón Apolo, Urbanización Sagitario, Santiago De Surco, Lima, 15054, Per","Santiago de Surco, Lima",43,2,1,0,Venta de Departamento en Surco Venta de departamento ubicado en la Urb. Sagitario. Surco Cerca al tren del Saber y a la Comiseria...,https://www.laencontre.com.pe/inmueble/57f8-9de2-19cc3d3-81ee74dc177b-75d3,laencontre
16443,0,240000,0,"Departamento en Calle Francisco Retes 171, Miraflores, Perú","San Antonio, Miraflores, Lima",120,3,3,0,"COMPRA TU DEPARTAMENTO en MIRAFLORES a UN SUPER PRECIO! Calle Francisco Retes 171, Miraflores Ref: Miraflores límite con...",https://www.laencontre.com.pe/inmueble/ee99-b81e-199c1a8-c135171188f9-749d,laencontre
16444,0,182035,0,"Departamento en Maranga, Lima","Maranga, San Miguel, Lima",93,3,2,0,"Departamento en venta – San Miguel | 93 m² | Vista a parque ???? Hermoso departamento de 93 m², ubicado en una zona residencial...",https://www.laencontre.com.pe/inmueble/20ee-a24b-19d0331-3ab728c9669e-7295,laencontre
16445,0,220000,0,"Departamento en Av. Alfredo Benavides 5040, Lima, Perú","Santiago de Surco, Lima",106,3,2,0,"🏡 Departamento + Azotea Independiente en Zona Estratégica de Surco 📍 Av. Benavides 💰 US$ 220,000 – Ambas propiedades ...",https://www.laencontre.com.pe/inmueble/7c2-aa8c-19c97a9-480b988da8c7-709c,laencontre
16446,0,750000,0,"Departamento en Calle Monte Alegre, Santiago De Surco, Perú","Santiago de Surco, Lima",302,3,3,0,"Espectacular departamento tipo casa con jardines, en edificio moderno y con ubicación premium, frente y con vistas a uno ...",https://www.laencontre.com.pe/inmueble/2e44-a853-19cbf3f-7ac3448701fc-7241,laencontre
16447,0,68000,0,"Departamento en Chosica, Lima","Chosica, Lima",73.82,3,2,0,VENTA DE LINDO DEPARTAMENTO DE ESTRENO EN CHOSICA DONDE DISFRUTARAS DE SOL TODO EL AÑO Y RODEADO DE NATURALEZA. 📞Contáctame...,https://www.laencontre.com.pe/inmueble/38c8-b237-1987e02-5f64dea7bf78-7443,laencontre
16448,0,372852,0,"Departamento en El Olivar, Lima","El Olivar, San Isidro, Lima",149.85,1,1,0,Departamento de 1 dormitorio con terraza en edificio BOUTIQUE en zona tranquila de San Isidro. Cuenta con 149.93m2 de los...,https://www.laencontre.com.pe/inmueble/84f4-956d-18f2cd3-cdb4ba9bc7d4-723b,laencontre
16449,0,510000,0,"Departamento en Miraflores, Lima","Miraflores, Lima",155,3,2,0,Edificio con espectacular vista al mar en privilegiada ubicación con parques y la mejor zona de entretenimento de Lima. Proyecto...,https://www.laencontre.com.pe/inmueble/673c-8a38-333fd6b-1b6a9d98fe3e-3687,laencontre
16450,0,622000,0,"Departamento en Avenida Francisco Tudela Y Varela 241, Miraflores, Lima, 15073, Per","Santa Cruz, Miraflores, Lima",158,3,3,0,"Departamento de 3 dormitorios. El principal con walking closet. Todos con baño incorporado, el principal con 2 posas. Sala...",https://www.laencontre.com.pe/inmueble/88c8-9ced-19b01ff-915bb6fc333-7969,laencontre
16451,0,445000,0,"Departamento en Miraflores, Lima","Miraflores, Lima",193.29,2,2,0,Departamento en venta en proyecto en Miraflores que se caracteriza por su apertura hacia el exterior —generada por su peculiar...,https://www.laencontre.com.pe/inmueble/581e-b91a-18fa346-faa92b9dfa14-74da,laencontre
16452,0,85000,0,"Departamento en Galapagos, Chorrillos, Perú","Chorrillos, Lima",62,3,1,0,"SFV0326179 Se vende departamento con vista a parque cerca de la UPC 🏡 📍 Calle Galápagos, Urb. Los Cedros de Villa – Chorrillos...",https://www.laencontre.com.pe/inmueble/1c51-8924-19cef08-3b6211812d56-7105,laencontre
16453,0,366124,0,"Departamento en Jirón Gozzoli Norte, San Borja, Perú","San Borja, Lima",182.43,3,4,0,COP032659 🌳🏠 Venta: ¡ÚLTIMOS 5 DEPARTAMENTOS! EXCLUSIVO DÚPLEX CON TERRAZA Y JARDÍN EN SAN BORJA 🌳🏠 ¡Vive en el penthouse...,https://www.laencontre.com.pe/inmueble/bca1-aa09-19cc04d-1aa4cb12707d-737f,laencontre
16454,0,222877,0,"Departamento en Jirón Gozzoli Norte, San Borja, Perú","San Borja, Lima",90.43,3,3,0,COP032657 Venta: ¡ÚLTIMOS 5 DEPARTAMENTOS! EXCLUSIVIDAD EN SAN BORJA – EDIFICIO FORESTA 🌳🏢 ¡Vive en el corazón de San...,https://www.laencontre.com.pe/inmueble/a00d-89d1-19cc021-1a34426b128d-75cf,laencontre
16455,0,175145,0,"Departamento en Oyague, Lima","Oyague, Jesus Maria, Lima",92,3,2,0,"LINDO DEPARTAMENTO EN JESUS MARIA, FINOS ACABADOS, ENTREGA INMEDIATA A PASOS DEL CAMPO DE MARTE EXCELENTE OPORTUNIDAD PARA...",https://www.laencontre.com.pe/inmueble/ec99-844c-19bf4d1-487f2e87f758-73f1,laencontre
16456,0,113293,0,"Departamento en Santiago De Surco, Lima","Santiago de Surco, Lima",71,3,2,0,"Modernos departamentos de estreno listos para entrega inmediata ubicados en zona tranquila y estratégica, a solo 4 cuadras...",https://www.laencontre.com.pe/inmueble/1935-8eb9-1971920-3ef7ad11eb58-7a22,laencontre
16457,0,329000,0,"Departamento en Jirón Monte Carmelo 156, Chacarilla Del Estanque, Surco, Perú","Santiago de Surco, Lima",211,3,3,0,Duplex 1er piso Cerca a Velasco Astete! CERCA A C. C. CHACARILLA Calle Monte Carmelo. Área total 211m2 PRIMER PISO Amplia...,https://www.laencontre.com.pe/inmueble/5501-8dea-199f7f4-3842569ea948-770f,laencontre
16458,0,65000,0,"Departamento en Calle Vesta, Urbanización Leoncio Prado, Rimac, Lima, 15093, Per","Rimac, Lima",50,3,1,0,🏡✨ ¡Oportunidad de inversión en la Unidad Vecinal del Rímac! ✨ Se vende acogedor dúplex con gran potencial de crecimiento...,https://www.laencontre.com.pe/inmueble/c5cb-b113-ebfef5ae-c4535efb37c3-46ba,laencontre
16459,0,127000,0,"Departamento en Medicina Estetica, Avenida Brasil 1170, Magdalena Vieja, Lima, 15084, Per","Pueblo Libre, Lima",80,3,2,0,Amplio departamento de 84m² muy bien distribuidos con acabados de calidad y Vigilancia 24/7. Inversión ideal para su familia...,https://www.laencontre.com.pe/inmueble/8117-8a69-e5be84a1-1cf2836c1a0d-4309,laencontre
16460,0,115000,0,"Departamento en Avenida Intihuatana 619, Surquillo, Lima, 15038, Per","Santiago de Surco, Lima",61.25,2,1,0,DEPARTAMENTO REMODELADO EN VENTA!! AV. INTIHUATANA CUADRA 6 - CERCA A LA AV. CAMINOS DEL INCA SURCO DEPARTAMENTO CON VISTA...,https://www.laencontre.com.pe/inmueble/83c0-881f-2ee7c1e7-6a0c4133e15f-4f87,laencontre
16461,0,98000,0,"Departamento en Calle Los Algarrobos, Urbanización Villa Flores, Villa El Salvador, Lima, 15842, Per","Villa El Salvador, Lima",93.4,2,2,0,¡NO PAGA ALCABALA! ¡Descubre este último departamento para vivir un nuevo estilo de vida frente a parque en Condominio Villaflores...,https://www.laencontre.com.pe/inmueble/84bd-86c0-19a7ef0-9feb2b237d5f-7852,laencontre
16462,0,457000,0,"Departamento en Calle Jorge Arróspide Loyola, San Isidro, Lima, 15073, Per","Orrantia, San Isidro, Lima",176,3,4,0,"Los Fresnos con 2 de Mayo – San Isidro Departamento de estreno con excelente distribución, amplitud y abundante iluminación...",https://www.laencontre.com.pe/inmueble/9f3a-c037-19ca092-84f4ecaea9a2-76bf,laencontre
16463,0,125000,0,"Departamento en Avenida 7, La Molina, Lima, 15026, Per","Rinconada Baja, La Molina, Lima",175,2,1,0,HERMOSO DUPLEX EN VENTA EN LA MOLINA 📞Contáctame al: +51 997-920---- Sandra De La Flor Excelente ubicación en la molina...,https://www.laencontre.com.pe/inmueble/1777-94c6-199ea8a-588b87959f8-75b0,laencontre
16464,0,675000,0,"Departamento en Av. Javier Prado Oeste & Los Álamos, San Isidro, Lima, Perú","Orrantia, San Isidro, Lima",84,2,1,0,"¡Vive con comodidad, estilo y excelente ubicación en el corazón de San Isidro! Este moderno y acogedor departamento de 84...",https://www.laencontre.com.pe/inmueble/8ea7-a5f8-19719ce-4eabc207d03c-7197,laencontre
16465,0,215000,0,"Departamento en Jirón La Floresta 319, Camacho, Lima, Perú","Santiago de Surco, Lima",129,3,3,0,Venta de Amplio Departamento en Jr. La Floresta – Urb. Camacho | 129 m² Vive en una de las zonas más exclusivas y residenciales...,https://www.laencontre.com.pe/inmueble/e92f-af7b-19c9d7f-ee7569065969-75f5,laencontre
16466,0,825390,0,"Departamento en José Del Llano Zapata, Miraflores, Perú","Santa Cruz, Miraflores, Lima",305.12,4,3,0,"GVL062501 Tu nuevo Penthouse en Miraflores, límite con San Isidro, con el entorno más lindo y arquitectura única Cerca ...",https://www.laencontre.com.pe/inmueble/91b7-8797-1976fc7-f769d7713d7b-7b2b,laencontre
16467,0,238000,0,"Departamento en Orrantia, Lima","Orrantia, San Isidro, Lima",114,3,3,0,OPORTUNIDAD EN SAN ISIDRO - UBICACION PREMIUM   CONFORT Y LUJO EN EL MEJOR DISTRITO DE LIMA Si estas buscando comprar en...,https://www.laencontre.com.pe/inmueble/5b66-92d4-19bc30e-3bb5d3a8a7c7-72d3,laencontre
16468,0,260000,0,"Departamento en Calle Coronel Francisco Seguín 100, Santiago De Surco, Perú","Santiago de Surco, Lima",175,4,5,0,"Hermoso tríplex ubicado a solo 2 cuadras de Velasco Astete y a pocos minutos del CC Chacarilla, el Trigal y U Ricardo Palma...",https://www.laencontre.com.pe/inmueble/3178-878c-19a5664-8553ec8f20dd-7348,laencontre
16469,0,239000,0,"Departamento en San Borja, Lima, Perú","San Borja, Lima",143,3,2,0,"Edificio moderno de 5 pisos, 2 departamentos por piso. Antigüedad : 14 años Area: 143 m2 Lobby moderno con cámara de seguridad...",https://www.laencontre.com.pe/inmueble/288b-9279-19c86bd-2beb1d88e6a1-74e5,laencontre
16470,0,179000,0,"Departamento en Calle Pietro Mascagni 204, San Borja, Perú","Cercado de Lima, Lima",108.5,3,3,0,🏡 Exclusivo Departamento en Venta – San Borja Ubicación inmejorable en Joaquín Madrid con Pietro Mascagni Vive en uno ...,https://www.laencontre.com.pe/inmueble/5e91-a6ea-1992c0c-74a2928c7916-710b,laencontre
16471,0,47156,0,"Departamento en Comas, Lima","Comas, Lima",50.4,2,1,0,"VENDO DEPARTAMENTO EN CONDOMINIO GIRASOLES SEXTA ETAPA PISO 08 - COMAS 50M2 Se encuentra en una zona tranquila, rodeado de...",https://www.laencontre.com.pe/inmueble/944f-9287-19d7032-294fc0b16a2d-7ef3,laencontre
16472,0,47453,0,"Departamento en Comas, Lima","Comas, Lima",65,3,2,0,"VENDO DEPARTAMENTO EN CONDOMINIO PRADERAS PISO 15 COMAS 65m2Se encuentra en una zona tranquila, rodeado de parques, colegios...",https://www.laencontre.com.pe/inmueble/41c6-ad39-19bfd68-4d2d238ebc4f-73ac,laencontre
16473,0,199000,0,"Departamento en Avenida La Paz 930, Miraflores, Lima, 15074, Per","Barranco, Lima",113.29,3,2,0,Estupendo departamento en venta con balcón y vista a la calle en el corazón de Miraflores. Totalmente amoblado y equipado...,https://www.laencontre.com.pe/inmueble/f8-8a08-19d0f48-9faaadd3da33-73ad,laencontre
16474,0,248692,0,"Departamento en Velásquez 277, San Borja, Perú","San Borja, Lima",243,3,2,0,"Exclusivo proyecto ubicado en zona residencial, tranquila y segura. cerca a las Avenidas como Las Artes Norte, San Luis...",https://www.laencontre.com.pe/inmueble/cdbe-987c-19ce3c4-44e9b04c2ae9-770f,laencontre
16475,0,254970,0,"Departamento en Velásquez 277, Lima, Perú","San Borja, Lima",254,3,2,0,"Exclusivo proyecto ubicado en zona residencial, tranquila y segura. cerca a las Avenidas como Las Artes Norte, San Luis...",https://www.laencontre.com.pe/inmueble/eb1-adce-19ce3aa-e15ad5dd2789-72d3,laencontre
16476,0,1200000,0,"Departamento en Santiago De Surco, Lima","Santiago de Surco, Lima",750,4,4,0,4 de dormitorios con baño completo (Cuarto principal con jacuzzi y terraza) Star familiar Amplia sala y comedor principal...,https://www.laencontre.com.pe/inmueble/8174-9f8f-47758856-3f8b05517f2c-1273,laencontre
16477,0,312000,0,"Departamento en Calle Grimaldo Del Solar & Calle Manco Cápac, Miraflores, Perú","Armendáriz, Miraflores, Lima",83,2,2,0,"A tan solo minutos del malecón Armendáriz, moderno departamento con áreas sociales: terraza con piscina, sala coworking, ...",https://www.laencontre.com.pe/inmueble/46cd-a055-19d8873-71e1851f5913-71af,laencontre
16478,0,65000,0,"Departamento en Villa El Salvador, Perú","Villa El Salvador, Lima",73,2,1,0,"¿Buscas modernidad, comodidad y seguridad? Te presentamos este increíble departamento de estreno, diseñado para quienes buscan...",https://www.laencontre.com.pe/inmueble/1f20-88ce-19d8930-669f6fc23a8b-7248,laencontre
16479,0,160000,0,"Departamento en Avenida Reducto 1147, Miraflores, Lima, 15074, Per","San Antonio, Miraflores, Lima",65.41,1,1,0,"Departamento recién remodelado, amplia e iluminada Sala y Comedor, un dormitorio con baño completo afuera, cocina abierta...",https://www.laencontre.com.pe/inmueble/77ea-b7de-19b9231-32073faf67c2-7476,laencontre
16480,0,250000,0,"Departamento en Maranga, Lima","Maranga, San Miguel, Lima",143.46,4,4,0,"En Venta dptos. de estreno en San Miguel, NO PAGA ALCABALA, con los mejores acabados que tendrás y detallaremos a continuación...",https://www.laencontre.com.pe/inmueble/644b-95a8-19955f0-70f6fa6fd706-7c05,laencontre
16481,0,450000,0,"Departamento en Jirón Monte Real 405, Surco, Perú","Santiago de Surco, Lima",197.52,3,2,0,🏡 Amplio departamento en venta en Chacarilla – 197.52 m² Vive en una de las zonas más exclusivas y tranquilas de Chacarilla...,https://www.laencontre.com.pe/inmueble/e3de-a0b1-19bc3af-c87624c7b317-74de,laencontre
16482,0,178128,0,"Departamento en 2 De Mayo, Barranco, Perú","Cercado de Lima, Lima",81.82,2,2,0,"PEZ042666 ✨ VIVE BARRANCO HOY, NO EN PLANOS ✨ 🏡 Proyecto de ENTREGA INMEDIATA 📍 Barranco ¿Lista para mudarte ya o invertir...",https://www.laencontre.com.pe/inmueble/7ee6-aad1-19d73f2-9eb8ca1ca718-7584,laencontre
16483,0,146179,0,"Departamento en Urb Santa Beatriz, Jirón Enrique Barrón, Lima, Perú","Cercado de Lima, Lima",83.35,3,2,0,COP112502 🏙️ Venta de Departamentos en Edificio Multifamiliar Smart A– Moderna Arquitectura y Excelentes Acabados. ¡Últimas...,https://www.laencontre.com.pe/inmueble/3736-a232-19a4bd5-95f02fcef95c-7877,laencontre
16484,0,117980,0,"Departamento en Santa Beatriz, Lima, Perú","Cercado de Lima, Lima",59.2,3,2,0,COP112501 Venta de Departamentos en Edificio Multifamiliar Smart A– Moderna Arquitectura y Excelentes Acabados. ¡Últimas...,https://www.laencontre.com.pe/inmueble/c6d7-86d0-19a4b7f-811ff48373aa-7629,laencontre
16485,0,170000,0,"Departamento en San Bartolo, Perú","San Bartolo, Lima",89,2,2,0,CPJ082502 ✨Moderno y luminoso departamento con excelente distribución en exclusivo condominio Ocean Reef. Vive frente ...,https://www.laencontre.com.pe/inmueble/819-b104-198cf15-e9b27756e74a-7245,laencontre
16486,0,151850,0,"Departamento en Santa Catalina, La Victoria, Perú","La Victoria, Lima",62.17,2,2,0,TMT062511 Buscas tu primer depa…pero que LO TENGA TODO? 🎯 Encontraste el match perfecto a 5 minutos del centro financiero...,https://www.laencontre.com.pe/inmueble/20c4-af1d-197945e-5887dd7b8017-77fb,laencontre
16487,0,99957,0,"Departamento en Urbanización Santa Catalina, La Victoria, Perú","La Victoria, Lima",39.11,1,1,0,TMT062510 🔎 Buscas tu primer depa…pero que LO TENGA TODO? 🎯 Encontraste el match perfecto a 5 minutos del centro financiero...,https://www.laencontre.com.pe/inmueble/f1e5-af1d-1979453-56e24cc24305-77fb,laencontre
16488,0,135196,0,"Departamento en Santa Catalina, La Victoria, Perú","La Victoria, Lima",52.94,2,2,0,"TMT062509 LLEGÓ EL DEPA QUE SI LO TIENE TODO: UBICACIÓN TOP, ACABADOS PREMIUM, CONECTIVIDAD Y PISCINA PANORÁMICA 🎯A solo...",https://www.laencontre.com.pe/inmueble/80fa-af1d-1979442-48bae21eccba-77fb,laencontre
16489,0,153314,0,"Departamento en Santa Catalina, La Victoria, Perú","La Victoria, Lima",68.22,3,2,0,"TMT062508 LLEGÓ EL DEPA QUE SI LO TIENE TODO: UBICACIÓN TOP, ACABADOS PREMIUM, CONECTIVIDAD Y PISCINA PANORÁMICA 🎯A solo...",https://www.laencontre.com.pe/inmueble/8d1f-af1d-197942e-463cab37d0b2-77fb,laencontre
16490,0,160398,0,"Departamento en Santa Catalina, La Victoria, Perú","San Borja, Lima",67,3,2,0,"TMT062507 ESTRENA TU DEPA EN LA ZONA TOP DE SANTA CATALINA, A WALKING DISTANCE DE TU DÍA 🔝Descubre un proyecto único en...",https://www.laencontre.com.pe/inmueble/4c2d-af1d-19793c6-3edeacec3098-77fb,laencontre
16533,0,305000,0,"Departamento en Santiago De Surco, Lima","Santiago de Surco, Lima",168,2,3,0,¿Te imaginas vivir en un lugar donde cada rincón está diseñado para ofrecerte comodidad y estilo? Tenemos exclusivos...,https://www.laencontre.com.pe/inmueble/2dc0-a7a5-194d6a6-ed28857a50a-79e4,laencontre
16491,0,407726,0,"Departamento en Av. Del Parque Nte., San Isidro, Perú","Corpac, San Isidro, Lima",170.65,2,3,0,"TMT062505 PRIVACIDAD, DISEÑO Y EXCLUSIVIDAD Exclusivo edificio de 8 pisos, de solo 14 departamentos, ubicado en una de las...",https://www.laencontre.com.pe/inmueble/c1c0-99c4-19765b1-78bc5aafae0d-7f6b,laencontre
16492,0,394049,0,"Departamento en Av. Del Parque Nte., San Isidro, Perú","Corpac, San Isidro, Lima",130.98,2,4,0,"TMT062503 ESPACIO, DISEÑO Y PRIVACIDAD Exclusivo edificio de 8 pisos, de solo 14 departamentos, ubicado en una de las zonas...",https://www.laencontre.com.pe/inmueble/f48c-99c4-197657b-6463517ff19a-7f6b,laencontre
16493,0,751937,0,"Departamento en Av. Del Parque Nte., San Isidro, Perú","Corpac, San Isidro, Lima",300.35,3,5,0,"TMT062502 COMODIDAD Y EXCLUSIVIDAD EN ESPACIOS ÚNICOS Exclusivo edificio de 8 pisos, de solo 14 departamentos, ubicado ...",https://www.laencontre.com.pe/inmueble/89b5-851c-19761ad-14e0ca328fa5-7b31,laencontre
16494,0,544823,0,"Departamento en José Del Llano Zapata, Miraflores, Perú","Santa Cruz, Miraflores, Lima",181.18,4,3,0,"GVL042503 Tu nuevo Townhouse en Miraflores, límite con San Isidro, con el entorno más lindo y arquitectura única Cerca ...",https://www.laencontre.com.pe/inmueble/8e09-9ade-19621a7-257befb7d0c5-7b28,laencontre
16495,0,103550,0,"Departamento en Orrantia, Lima","Orrantia, San Isidro, Lima",40,1,1,0,"¡Descubre tu nuevo hogar en el corazón de Lince! Este encantador departamento interno de 40 m2, ubicado en Cesar Vallejo ...",https://www.laencontre.com.pe/inmueble/7cb9-84b9-19d770e-46dc8280d81b-7529,laencontre
16496,0,170000,0,"Departamento en Corpac, Lima","Corpac, San Isidro, Lima",61,2,1,0,"Hermoso departamento de estreno, en espectacular edificio de 32 pisos, en plena Av. Javier Prado Este. El departamento, ...",https://www.laencontre.com.pe/inmueble/8f5c-b209-19d0e58-b649503059bd-7988,laencontre
16497,0,205000,0,"Departamento en Santa Cruz, Lima","Santa Cruz, Miraflores, Lima",110,3,2,0,"Departamento de 110m2, muy a toda la zona gastronómica y al malecón, también a los parques de San Isidro Sala comedor ...",https://www.laencontre.com.pe/inmueble/cced-89a2-19acd6a-1ca5466c38a3-73ef,laencontre
16498,0,98610,0,"Departamento en Urb La Calera De La Merced, Surquillo, Perú","Surquillo, Lima",0,1,2,0,"HERMOSOS DEPAS AL COSTADO DEL PARQUE HÉROES DE LA PAZ ,EDIFICIO EN CONSTRUCCIÓN ENTREGA FEBRERO 2027 CON ACABADOS QUE...",https://www.laencontre.com.pe/inmueble/5564-9930-19cdbf5-ea00e7a77684-7a38,laencontre
16499,0,171000,0,"Departamento en Av. Villaran, Surquillo, Perú","Surquillo, Lima",98,2,2,0,HERMOSO DUPLEX DE ENTREGA INMEDIATA CON ACABADOS QUE ENAMORAN EN EDIFICIO DE 9 PISOS DEPAS CON LA DISTRIBUCIÓN QUE ESPERABAS...,https://www.laencontre.com.pe/inmueble/8840-adb0-19cd65b-3c60939cd54e-7355,laencontre
16500,0,74738,0,"Departamento en Calle Ocho, Cooperativa San Miguel De Pallanchacra, San Juan De Lurigancho, Lima, 15457, Per","San Juan de Lurigancho, Lima",59,3,2,0,"¡Estrena tu departamento en una zona con crecimiento constante en Campoy! Edificio de 5 pisos, solo 9 departamentos, con...",https://www.laencontre.com.pe/inmueble/9bcd-8368-19d03da-61783e9fc33-72d5,laencontre
16501,0,137317,0,"Departamento en Avenida De Los Patriotas 319, San Miguel, Lima, 15087, Per","Maranga, San Miguel, Lima",70.69,3,2,0,Haz de este departamento en San Miguel el lugar donde empiece tu nueva historia. Un proyecto contemporáneo con acabados modernos...,https://www.laencontre.com.pe/inmueble/729d-bc33-fd5344a7-8aa7ed00f990-4653,laencontre
16502,0,285000,0,"Departamento en Jirón Fernando Castrat 397-495, Urbanización Chama, Santiago De Surco, Lima, 15038, Per","Miraflores, Lima",135,4,1,0,"🌿 Vive como en una casa, con la seguridad de un flat 📍 Surco - Chama | 04 habitaciones | Terraza | Cocina amplia | 1er...",https://www.laencontre.com.pe/inmueble/6638-8488-fa409f2d-e54b825be81c-4a70,laencontre
16503,0,205000,0,"Departamento en Avenida Arequipa 5100, Miraflores, Lima, 15074, Per","Miraflores, Lima",96,2,2,0,"**Ubicación Perfecta:** Situado en la mejor zona de Lima, a tan solo 2 cuadras del emblemático Parque Kennedy, este departamento...",https://www.laencontre.com.pe/inmueble/71a1-bd5d-f48ba1c9-bd8b44f11805-434c,laencontre
16504,0,149774,0,"Departamento en Avenida De Los Patriotas 319, San Miguel, Lima, 15087, Per","Maranga, San Miguel, Lima",79.72,3,2,0,"Vivir en San Miguel nunca fue tan práctico. Este nuevo proyecto combina lo mejor de la ubicación, la modernidad y el confort...",https://www.laencontre.com.pe/inmueble/abd3-a90a-f29d4004-b345e32439b8-4541,laencontre
16505,0,139097,0,"Departamento en Avenida De Los Patriotas 319, San Miguel, Lima, 15087, Per","Maranga, San Miguel, Lima",70.69,3,2,0,"Haz realidad tu sueño de vivir en un proyecto moderno y bien ubicado en San Miguel, un distrito con alta proyección y excelente...",https://www.laencontre.com.pe/inmueble/43a1-9217-e6258c8a-ab36bb57fdb9-460c,laencontre
16506,0,140580,0,"Departamento en Avenida De Los Patriotas 319, San Miguel, Lima, 15087, Per","Maranga, San Miguel, Lima",73.65,3,2,0,"Vive en San Miguel, un distrito moderno y lleno de vida. Este proyecto de estreno combina funcionalidad, diseño y ubicación...",https://www.laencontre.com.pe/inmueble/a99e-b0ff-e56d6a8f-f4d7ca47d5d7-4139,laencontre
16507,0,139097,0,"Departamento en Avenida De Los Patriotas 319, San Miguel, Lima, 15087, Per","Maranga, San Miguel, Lima",73.65,3,2,0,"Tu nuevo hogar te espera en San Miguel, un proyecto moderno con espacios diseñados para ofrecer comodidad, estilo y conectividad...",https://www.laencontre.com.pe/inmueble/42c5-b7ef-d0fd86e2-6fbcd7ed5c7-4e81,laencontre
16508,0,137317,0,"Departamento en Avenida De Los Patriotas 319, San Miguel, Lima, 15087, Per","Maranga, San Miguel, Lima",70.69,3,2,0,"Vive con estilo en San Miguel, un distrito en pleno crecimiento y con todas las comodidades urbanas a tu alcance. Este moderno...",https://www.laencontre.com.pe/inmueble/e783-b67e-ad159503-64c40e0fdcf-477b,laencontre
16509,0,143842,0,"Departamento en Avenida De Los Patriotas 319, San Miguel, Lima, 15087, Per","Maranga, San Miguel, Lima",70.69,3,2,0,"Este proyecto en San Miguel representa el equilibrio perfecto entre modernidad, ubicación y comodidad. Ideal para quienes...",https://www.laencontre.com.pe/inmueble/5470-b115-a9b28e6c-71ea59644f77-493c,laencontre
16510,0,119800,0,"Departamento en Calle Doña Hortensia 570, Urbanización Santa Rosa De Surco Etapa Ii, Santiago De Surco, Lima, 15056, Per","Santiago de Surco, Lima",85.8,3,2,0,"✨ Vive Surco: amplitud, luz y ubicación estratégica 🏡 Departamento en venta – 86 m² aprox. 💰 USD 119,800 Descubre...",https://www.laencontre.com.pe/inmueble/455e-b96b-a28c3633-7f81caeb9bff-432b,laencontre
16511,0,140580,0,"Departamento en Avenida De Los Patriotas 319, San Miguel, Lima, 15087, Per","Maranga, San Miguel, Lima",73.65,3,2,0,"Descubre un proyecto moderno en San Miguel, diseñado para ofrecerte una vida cómoda, segura y con excelente conectividad....",https://www.laencontre.com.pe/inmueble/51be-b35f-966c408d-b0ca0d4f4e47-45eb,laencontre
16512,0,45000,0,"Departamento en Avenida Los Próceres 333, Urbanización Rímac, Rimac, Lima, 15094, Per","Rimac, Lima",54,1,1,0,Venta de Minidepartamento – Primer Piso ¿Buscas una propiedad rentable y bien ubicada? ¡Esta es tu oportunidad! ✨ Acogedor...,https://www.laencontre.com.pe/inmueble/bc-bc9c-58b41194-149ebcaa5405-49ca,laencontre
16513,0,134945,0,"Departamento en Avenida De Los Patriotas 319, San Miguel, Lima, 15087, Per","Maranga, San Miguel, Lima",70.69,3,2,0,"Tu nuevo comienzo te espera en San Miguel, un proyecto de vivienda diseñado para ofrecerte confort, seguridad y ubicación...",https://www.laencontre.com.pe/inmueble/1415-9f02-511b440e-a33a0551be37-42dc,laencontre
16514,0,149774,0,"Departamento en Avenida De Los Patriotas 319, San Miguel, Lima, 15087, Per","Maranga, San Miguel, Lima",79.72,3,2,0,Haz de este departamento en San Miguel el lugar donde empiece tu nueva historia. Un proyecto contemporáneo con acabados modernos...,https://www.laencontre.com.pe/inmueble/102c-94f1-4a4d45f9-520c34d7b5e4-4eee,laencontre
16515,0,143842,0,"Departamento en Avenida De Los Patriotas 319, San Miguel, Lima, 15087, Per","Maranga, San Miguel, Lima",70.69,3,2,0,"Vivir en San Miguel es disfrutar de comodidad, modernidad y ubicación. Este proyecto de estreno reúne todo lo que una familia...",https://www.laencontre.com.pe/inmueble/9d71-bb48-2de2ec05-fecfdc7de13b-453f,laencontre
16516,0,140580,0,"Departamento en Avenida De Los Patriotas 319, San Miguel, Lima, 15087, Per","Maranga, San Miguel, Lima",70.69,3,2,0,"Haz realidad tu nuevo hogar en San Miguel, un proyecto moderno, bien ubicado y NO PAGA ALCABALA. Disfruta de una vida práctica...",https://www.laencontre.com.pe/inmueble/6af7-ae6f-22962012-b77b64d84452-45ef,laencontre
16517,0,139097,0,"Departamento en Avenida De Los Patriotas 319, San Miguel, Lima, 15087, Per","Maranga, San Miguel, Lima",70.69,3,2,0,"Vivir en San Miguel nunca fue tan práctico. Este nuevo proyecto combina lo mejor de la ubicación, la modernidad y el confort...",https://www.laencontre.com.pe/inmueble/b6c0-b56b-1c906c4b-56720038b92e-441c,laencontre
16518,0,140580,0,"Departamento en Avenida De Los Patriotas 319, San Miguel, Lima, 15087, Per","Maranga, San Miguel, Lima",70.69,3,2,0,"Haz realidad tu nuevo hogar en San Miguel, un proyecto moderno, bien ubicado y NO PAGA ALCABALA. Disfruta de una vida práctica...",https://www.laencontre.com.pe/inmueble/e917-8faf-19a2b13e-77e351b0d4c5-4831,laencontre
16519,0,149774,0,"Departamento en Avenida De Los Patriotas 319, San Miguel, Lima, 15087, Per","Maranga, San Miguel, Lima",79.72,3,2,0,"Haz realidad tu sueño de vivir en un proyecto moderno y bien ubicado en San Miguel, un distrito con alta proyección y excelente...",https://www.laencontre.com.pe/inmueble/fa5d-a4db-11a68577-3236551403a0-4234,laencontre
16520,0,137317,0,"Departamento en Avenida De Los Patriotas 319, San Miguel, Lima, 15087, Per","Maranga, San Miguel, Lima",70.69,3,2,0,"Encuentra el equilibrio entre estilo, comodidad y conectividad en este proyecto de estreno en San Miguel. Perfecto para quienes...",https://www.laencontre.com.pe/inmueble/bf7b-93f1-4278647-1e7af0ac8c5a-46ad,laencontre
16521,0,116000,0,"Departamento en Calle Udima 134, San Miguel, Lima, 15086, Per","San Miguel, Lima",112,3,4,0,"VENTA DEPARTAMENTO DUPLEX 112M2 EN QUINTO PISO IDEAL PARA INVERSIÓN A 1,035 DOLARES EL M2, PRECIO POR DEBAJO DEL PRECIO DE...",https://www.laencontre.com.pe/inmueble/e3c-a870-1977e7e-dfa298455576-75da,laencontre
16522,0,254300,0,"Departamento en Calle Grimaldo Del Solar & Calle Manco Cápac, Miraflores, Lima Province, Perú","Armendáriz, Miraflores, Lima",63,1,1,0,"A tan solo minutos del malecón Armendáriz, moderno departamento con áreas sociales: terraza con piscina, sala coworking, ...",https://www.laencontre.com.pe/inmueble/5b71-b42d-19d8878-bf4d46c5c3fa-75e4,laencontre
16523,0,685000,0,"Departamento en Avenida Del Pinar, San Borja, Perú","San Borja, Lima",377,4,2,0,"En el primer nivel tenemos 3 habitaciones (dos de las cuales comparten baño), family room, cocina y sala-comedor con vista...",https://www.laencontre.com.pe/inmueble/7266-83de-191fc6e-79a853adb981-7093,laencontre
16524,0,242308,0,"Departamento en Miraflores, Lima","Miraflores, Lima",75,2,2,0,"Se vende moderno departamento ubicado en una de las zonas más exclusivas de Miraflores, cerca a Larcomar y Parque Kennedy...",https://www.laencontre.com.pe/inmueble/e628-9f1e-19d040b-fc24e0551472-7678,laencontre
16525,0,239000,0,"Departamento en Jirón La Venturosa, Ur. Los Rosales, Santiago De Surco, Lima, 15038, Per","Santiago de Surco, Lima",108,3,3,0,"VENTA DE DEPARTAMENTO 108M² – 3 DORM. + 2 ESTAC. - VISTA A PARQUE - SURCO Ubicación: Jirón La Venturosa, Urb. Los Rosales...",https://www.laencontre.com.pe/inmueble/b6b3-8b99-1270a106-318cad99ee25-4e37,laencontre
16526,0,72970,0,"Departamento en Av. José Olaya, Chorrillos, Perú","Chorrillos, Lima",36,1,1,0,"YVT102501 Departamentos de estreno con buenos acabados cerca el malecón de Chorrillos 📍 Ubicación: Av. Olaya, Chorrillos...",https://www.laencontre.com.pe/inmueble/97f2-8592-19a2bbd-2547ad248f33-77e3,laencontre
16527,0,117000,0,"Departamento en Avenida Primavera 2010, Lima, Perú","Santiago de Surco, Lima",42,1,1,0,"hermoso flat, completamente amoblado en una ubicación privilegiada en pleno corazón de la avenida primavera muy cerca a universidades...",https://www.laencontre.com.pe/inmueble/69aa-a606-19d8a1a-4880c80ec600-7157,laencontre
16528,0,205000,0,"Departamento en Calle La Conquista 132, La Molina, Perú","La Molina, Lima",210.92,6,4,0,VENDO LINDO DEPARTAMENTOS TERCERO Y CUARTO PISO + TERRAZA FRENTE A PARQUE EN LA MOLINA Ubicado en una zona privilegiada...,https://www.laencontre.com.pe/inmueble/6947-89b4-198c4df-86b2fd1f1b77-72f7,laencontre
16529,0,229000,0,"Departamento en Calle Eduardo De Habich 170, Miraflores, Lima, 15074, Per","Santa Cruz, Miraflores, Lima",110.29,2,2,0,Acogedor departamento ubicado en el primer piso. Es una casa con toda la seguridad de vivir en un edificio. Abriendo la...,https://www.laencontre.com.pe/inmueble/e79d-bb56-64ad34f6-f76dd3427893-448d,laencontre
16530,0,429000,0,"Departamento en Calle Los Cedros 737, San Isidro, Lima, 15073, Per","Country Club, San Isidro, Lima",180,3,3,0,"Lindo departamento de 3 dormitorios en Edificio Millenium, en Calle Los Cedros. Es un flat con mucha luz y excelente distribución...",https://www.laencontre.com.pe/inmueble/137d-a01e-19cd6a2-2e044d5ee02-7af3,laencontre
16531,0,110000,0,"Departamento en Jirón Manco Segundo 115, Lima, Perú","San Miguel, Lima",63.49,2,2,0,"Acogedor departamento independiente, ubicado en el distrito de San Miguel, espaldas del centro comercial Open plaza La Marina...",https://www.laencontre.com.pe/inmueble/83f4-b825-19cd8af-6cafd54b1909-7538,laencontre
16532,0,148291,0,"Departamento en Miramar San Bartolo - Condominio De Playa, Cruz De Hueso, San Bartolo, Perú","San Bartolo, Lima",66.08,3,2,0,¡Tu nuevo hogar en San Bartolo te está esperando! Te presentamos un exclusivo departamento amoblado con vista al mar de ...,https://www.laencontre.com.pe/inmueble/55ef-9d96-19cd129-8a4ecaef21be-742e,laencontre
16534,0,205205,0,"Departamento en Jesus Maria, Lima","Jesus Maria, Lima",91,3,2,0,"Edificio Boutique en Av. San Felipe,  Jesús Maria, con 14 departamentos en total, ascensor directo a los departamentos. Recepción...",https://www.laencontre.com.pe/inmueble/bc6d-bce6-195884e-7ef37914ad8c-7667,laencontre
16535,0,111845,0,"Departamento en Av. José Olaya, Chorrillos, Perú","Chorrillos, Lima",50.18,2,2,0,"YVT102502 Departamentos de estreno con buenos acabados cerca el malecón de Chorrillos 📍 Ubicación: Av. Olaya, Chorrillos...",https://www.laencontre.com.pe/inmueble/9938-9d5d-19a2bf8-b78dd0377ec9-7755,laencontre
16536,0,743830,0,"Departamento en José Del Llano Zapata, Miraflores, Perú","Santa Cruz, Miraflores, Lima",264.6,4,3,0,"GVL062502 Tu nuevo Penthouse en Miraflores, límite con San Isidro, con el entorno más lindo y arquitectura única Cerca ...",https://www.laencontre.com.pe/inmueble/38db-8a4f-1976ff0-a35dc8f8f054-76eb,laencontre
16537,0,279000,0,"Departamento en Santiago De Surco, Lima","Santiago de Surco, Lima",127,3,2,0,Se vende departamento en Avenida La Encalada Decide que acabados quieres y nosotros los colocamos!! Edificio de 7 pisos ...,https://www.laencontre.com.pe/inmueble/abd5-a4e1-19bc30c-a25c59616d7e-7d53,laencontre
16538,0,130000,0,"Departamento en Santiago De Surco, Lima","Santiago de Surco, Lima",60,1,1,0,"Descubra este encantador mini dúplex, ideal para quienes buscan confort y una ubicación privilegiada en el corazón de Monterrico...",https://www.laencontre.com.pe/inmueble/9be4-857f-19bc30a-977496c2937e-72da,laencontre
16539,0,163182,0,"Departamento en Santiago De Surco, Lima","Santiago de Surco, Lima",65,2,2,0,"Ubicado en una zona exclusiva de Santiago de Surco, este moderno departamento en venta ofrece una oportunidad única para ...",https://www.laencontre.com.pe/inmueble/656a-ab7a-19987c7-6487c0f07bbf-7650,laencontre
16540,0,94965,0,"Departamento en Surquillo, Lima","Surquillo, Lima",44,1,1,0,Este espectacular departamento en venta se encuentra ubicado en el corazón de San Miguel. La propiedad cuenta con un ambiente...,https://www.laencontre.com.pe/inmueble/e7f0-af01-19987b2-493ab0f1cce1-76e1,laencontre
16541,0,131000,0,"Departamento en San Miguel, Lima, Perú","Maranga, San Miguel, Lima",57,2,2,0,"Ubicado en la tranquila y accesible zona de San Miguel, este moderno departamento en venta representa una excelente oportunidad...",https://www.laencontre.com.pe/inmueble/9d8d-a14d-1998769-5fd14a112bfe-7645,laencontre
16542,0,141470,0,"Departamento en Cercado De Lima, Lima","Cercado de Lima, Lima",80,2,2,0,"Venta departamento a estrenar, el mismo que se encuentra privilegiado por su ubicación, cerca de avenidas principales (Av...",https://www.laencontre.com.pe/inmueble/1815-887e-1997315-f752c3ce796b-7776,laencontre
16543,0,147502,0,"Departamento en Cercado De Lima, Lima","Cercado de Lima, Lima",80,3,2,0,"Venta departamento en Santa Beatriz, con una excelente ubicación: a tan solo media cuadra del Parque de las Aguas. Vive en...",https://www.laencontre.com.pe/inmueble/6052-a48b-19959b6-38b2a65c997c-760a,laencontre
16544,0,127791,0,"Departamento en Cercado De Lima, Lima","Cercado de Lima, Lima",68,2,2,0,"Venta departamento en Santa Beatriz, con una excelente ubicación: a tan solo media cuadra del Parque de las Aguas. Vive en...",https://www.laencontre.com.pe/inmueble/9e44-a77a-19959a1-ea20eb53f23-76df,laencontre
16545,0,111138,0,"Departamento en Cercado De Lima, Lima","Cercado de Lima, Lima",60,2,2,0,"Vendo departamento Santa Beatriz, se encuentra a tan solo media cuadra del Parque de las Aguas. En una zona tranquila, con...",https://www.laencontre.com.pe/inmueble/4f5-9ac1-1995964-8f94b2e2e622-77d2,laencontre
16546,0,114184,0,"Departamento en Maranga, Lima","Maranga, San Miguel, Lima",69,3,2,0,"Venta departamento San Miguel, ubicado cerca de avenidas principales como Av. Bertolotto, Av. De la Marina, Av. Costanera...",https://www.laencontre.com.pe/inmueble/26fe-a49f-1958680-ce19358637a7-75dd,laencontre
16547,0,143546,0,"Departamento en Maranga, Lima","Maranga, San Miguel, Lima",79,3,2,0,"Se encuentra a media cuadra de Plaza San Miguel y a minutos de centros comerciales, supermercados, bancos, restaurantes, ...",https://www.laencontre.com.pe/inmueble/66ca-a333-192b182-e1de6b3214f-7197,laencontre
16548,0,123437,0,"Departamento en Maranga, Lima","Maranga, San Miguel, Lima",67,3,2,0,"Se encuentra a media cuadra de Plaza San Miguel y a minutos de centros comerciales, supermercados, bancos, restaurantes, ...",https://www.laencontre.com.pe/inmueble/25f7-a332-192b13d-fca3050f56cf-7197,laencontre
16549,0,158000,0,"Departamento en Avenida De Los Precursores 912, San Miguel, Perú","Maranga, San Miguel, Lima",115,3,3,0,✨ OPORTUNIDAD EN SAN MIGUEL – DEPARTAMENTO DE 115 m² CON ASCENSOR DIRECTO ✨ Te presento un exclusivo departamento ubicado...,https://www.laencontre.com.pe/inmueble/381b-8698-19c73ff-ad37b27663c5-7383,laencontre
16550,0,158000,0,"Departamento en Av. Precursores 912, San Miguel, Perú","Maranga, San Miguel, Lima",115.83,3,3,0,✨ OPORTUNIDAD EN SAN MIGUEL – DEPARTAMENTO DE 115 m² CON ASCENSOR DIRECTO ✨ Te presento un exclusivo departamento ubicado...,https://www.laencontre.com.pe/inmueble/214b-8ed3-19c73fb-77cc64b390a1-7226,laencontre
16551,0,70000,0,"Departamento en Calle 11, Lurigancho, Lima, 15464, Per","Chosica, Lima",83.82,2,1,0,Tu nuevo hogar empieza aquí Un espacio que eleva tu estilo de vida y hace de tu hogar un lugar especial. Vive en un departamento...,https://www.laencontre.com.pe/inmueble/4d67-8128-19b6ade-967b9db65d26-785b,laencontre
16552,0,112000,0,"Departamento en Av. Javier Prado Este 9132, Ate, Perú","Salamanca De Monterrico, Ate, Lima",126.34,4,3,0,"Gran oportunidad en Los Portales de Javier Prado! Se vende amplio departamento,de estreno en 3er piso, ideal para familias...",https://www.laencontre.com.pe/inmueble/211f-b3c1-19b2d8d-8691cf692aaf-7801,laencontre
16553,0,178075,0,"Departamento en Miraflores, Lima","Miraflores, Lima",76,2,2,0,DEPARTAMENTO MINIMALISTA CERCA AL MALECÓN DE LA MARINA | LA MAR | MIRAFLORES ¡Vive en un departamento único y funcional! ...,https://www.laencontre.com.pe/inmueble/1cd8-92a6-195eea4-6809aecd6007-76ed,laencontre
16554,0,200000,0,"Departamento en C. Urano 133, Santiago De Surco 15054, Perú","Santiago de Surco, Lima",156,0,0,0,"Ubicado en Calle Urano 133, en una zona residencial de Surco, con fácil acceso a la Vía Expresa y a la estación del tren ...",https://www.laencontre.com.pe/inmueble/879d-8132-19d6f54-d2b53f395ff4-731a,laencontre
16555,0,700000,0,"Departamento en Santa Cruz, Lima","Santa Cruz, Miraflores, Lima",344,2,3,0,"Si buscas modernidad, amplitud y una ubicación privilegiada frente al mar, este penthouse es la opción perfecta. Con 204 ...",https://www.laencontre.com.pe/inmueble/2383-9a8d-19c2176-4d6f515a4eab-7b13,laencontre
16556,0,134500,0,"Departamento en San Miguel, Lima","San Miguel, Lima",115,3,2,0,? DEPARTAMENTO FLAT EN SAN MIGUEL CERCA A LA PLAYA | DE ESTRENO ? UBICACIÓN ?? San Miguel | Lima ? A un paso de la av...,https://www.laencontre.com.pe/inmueble/8f87-9c53-19c2175-3e0e3caa5315-708b,laencontre
16557,0,210000,0,"Departamento en Avenida Paseo De La República, Miraflores, Lima, Perú","Miraflores, Lima",91,2,2,0,Departamento en Edificio moderno cerca a principales avenidas. Diseño y acabados de primera AO: 90.64M2 Con Terraza Piso ...,https://www.laencontre.com.pe/inmueble/bc58-997c-196d594-b41ac23b23ea-7911,laencontre
16558,0,160000,0,"Departamento en Av. Caminos Del Inca, Surco, Perú","Santiago de Surco, Lima",125,5,5,0,VENDO DPTO LISTO PARA GENERAR RENTAS EN CAMINOS DEL INCA SURCO Área 125M2 • 2do piso • 5 habitaciones • 5 baños • 1 cocina...,https://www.laencontre.com.pe/inmueble/4c76-813e-1983cec-79fe12441993-7461,laencontre
16559,0,205000,0,"Departamento en Calle General Mendiburu 559, Miraflores, Perú","Santa Cruz, Miraflores, Lima",117,2,2,0,"🏡✨ En Venta – Miraflores, Urb. Santa Cruz Amplio departamento en 1er piso con terraza y jardín privado 🌿. 📐 Área total...",https://www.laencontre.com.pe/inmueble/f286-99ea-738bb204-8aac73a7a3d9-4d28,laencontre
16560,0,292000,0,"Departamento en San Borja, Lima","San Borja, Lima",164,4,3,0,DEPARTAMENTO DUPLEX EN SAN BORJA. Distribución: •04 Habitaciónes •03 baños •01 estacionamiento • Ascensor • AC. 164.94...,https://www.laencontre.com.pe/inmueble/4fb1-a9f8-19d5caa-4e37cece4f10-7cda,laencontre
16561,0,139900,0,"Departamento en Calle Los Tumbos 126, Chorrillos, Perú","Chorrillos, Lima",102.27,3,2,0,"📍 Amplio Flat en Chorrillos — 🏠 Descripción breve: Departamento flat de 102.27 m², ideal para quienes buscan espacios...",https://www.laencontre.com.pe/inmueble/1b12-babc-19bbb0b-82939511413b-785e,laencontre
16562,0,274593,0,"Departamento en Cercado De Lima, Lima","Cercado de Lima, Lima",125.96,3,2,0,"2 DE MAYO – BARRANCO Entrega inmediata | Modernidad, ubicación y estilo en el corazón de Barranco Vive a pasos del Parque...",https://www.laencontre.com.pe/inmueble/5d3e-ab4e-19a5040-7c4d2efa75b7-7c03,laencontre
16563,0,178128,0,"Departamento en Cercado De Lima, Lima","Cercado de Lima, Lima",83.14,2,2,0,"2 DE MAYO – BARRANCO Entrega inmediata | Modernidad, ubicación y estilo en el corazón de Barranco Vive a pasos del Parque...",https://www.laencontre.com.pe/inmueble/4dc5-bf66-19a5040-f3450edae27c-7f8d,laencontre
16564,0,75000,0,"Departamento en San Martin De Porres, Lima","San Martin de Porres, Lima",80,2,1,0,CEL: 9*5*1*2*2*6*5*9*0 VENDO DÚPLEX MAS AIRES– SMP* PALAO *Ubicación estratégica* A minutos de: - Panamericana Norte...,https://www.laencontre.com.pe/inmueble/5c37-8198-19c50bf-4a3c1e528b4e-7170,laencontre
16565,0,169000,0,"Departamento en Cercado De Lima, Lima","Cercado de Lima, Lima",86.44,2,3,0,Dúplex en 9no piso vista externa Area ocupada: 86.44 mts 1er nivel: Sala comedor Cocina Lavanderia Cuarto de servicio o descanso...,https://www.laencontre.com.pe/inmueble/f75b-9cf8-19ce8cf-7e74a05c8229-738f,laencontre
16566,0,235500,0,"Departamento en Calle Francisco Retes, Miraflores, Perú","Miraflores, Lima",85,2,2,0,Departamento de estreno de 85 m² con excelente distribución y vista a la calle. Cuenta con 3 dormitorios; el principal con...,https://www.laencontre.com.pe/inmueble/cbbc-c073-19d20ef-d5e2f50d5d64-7214,laencontre
16567,0,230395,0,"Departamento en Avenida La Merced 690, Lima, Perú","Santiago de Surco, Lima",101.92,3,3,0,🏡✨ Vive en Av. La Merced 690 – Surco ✨🏡 Descubre tu nuevo hogar en un exclusivo edificio residencial ubicado en Av. La...,https://www.laencontre.com.pe/inmueble/e9f9-ab17-19c0179-f3981985bf3e-70b4,laencontre
16568,0,319000,0,"Departamento en Calle Chiclayo, Miraflores, Perú","Miraflores, Lima",130,3,2,0,"AA062301 Departamento en venta, segundo piso, para estrenar en calle Chiclayo, Miraflores Excelente ubicación, cerca de...",https://www.laencontre.com.pe/inmueble/d560-bada-aa2633d4-b5abc6deedb6-4cd2,laencontre
16569,0,230000,0,"Departamento en Calle Enrique Barrón, Barranco, Perú","Barranco, Lima",113,3,2,0,"Vendo Hermoso Departamento en Barranco 📍 Calle Enrique Barrón – Barranco ¿Cansado de vivir apretado, sin privacidad y ...",https://www.laencontre.com.pe/inmueble/a457-b014-19d2b77-ee3f49eac425-76fa,laencontre
16570,0,92000,0,"Departamento en Barranco, Lima","Barranco, Lima",67,3,2,0,🏡 Venta de Departamento en Chorrillos – 3 Dormitorios – Límite con Barranco – 67 m² con Vista al Parque Interno 📍 Ubicación...,https://www.laencontre.com.pe/inmueble/b209-9fd2-196505c-3c4f97a5a9a1-7927,laencontre
16571,0,380000,0,"Departamento en Calle Berlín 1368, Miraflores, Perú","Santa Cruz, Miraflores, Lima",210,3,5,0,"Vendo lindo y amplio departamento de tres niveles, con balcón y terraza, ubicado a solo 20 metros del Malecón Cisneros, en...",https://www.laencontre.com.pe/inmueble/2780-bf27-19c2b5c-976d022d029c-764e,laencontre
16572,0,165000,0,"Departamento en Santiago De Surco, Lima","Santiago de Surco, Lima",192,3,2,0,Se vende moderno y amplio departamento dúplex ubicado entre el 4to y 5to piso. Se encuentra en Av. Proceres en Santiago de...,https://www.laencontre.com.pe/inmueble/26f-8ced-ccd4d4da-6bfc6a76f47f-3758,laencontre
16573,0,240000,0,"Departamento en Urb Monterrico Norte, San Borja, Perú","San Borja, Lima",137,3,2,0,"AMPLIO FLAT V/CALLE – C/BALCÓN URB. MONTERRICO NORTE - SAN BORJA VENTA: US$ 240,000 A.T: 137 M2. - LOBBY - ILUMINADA...",https://www.laencontre.com.pe/inmueble/eead-b911-1969f49-4048117082e0-719b,laencontre
16574,0,322000,0,"Departamento en Jr. Toulouse Lautrec, Lima, Perú","San Borja, Lima",130,3,3,0,"Departamento Duplex de 130m2 ubicado entre 2do y 3er piso con preciosa vista al exterior. 1er nivel - consta de balcon,...",https://www.laencontre.com.pe/inmueble/98d8-a917-19d4aa6-abad1ef140e4-77dc,laencontre
16575,0,120000,0,"Departamento en Barranco, Lima","Barranco, Lima",40,0,1,0,"¡Loft Exclusivo con Vista al Mar en Estudio 4, Barranco - Ideal para Inversión Airbnb! ¿Buscas una propiedad única que combine...",https://www.laencontre.com.pe/inmueble/3a31-8a2a-191c994-a783c87b4145-761a,laencontre
16576,0,99000,0,"Departamento en Barranco, Lima","Barranco, Lima",100,3,2,0,"????? ¡OPORTUNIDAD DE INVERSIÓN EN SURCO! ????? ???? Ubicado en Surco, a la altura de San Roque, al costado de la nueva ...",https://www.laencontre.com.pe/inmueble/9fbd-8819-19c8cbd-18b33ca5e58e-7a20,laencontre
16577,0,98168,0,"Departamento en Cercado De Lima, Lima","Cercado de Lima, Lima",42.45,1,1,0,"Se vende departamento de 42.45m2 en la Avenida Alejandro Tirado cuadra 6 - Santa Beatriz, a 1 cuadra y media del parque Circuito...",https://www.laencontre.com.pe/inmueble/735-83ce-19c0cdc-cef15ccd1a92-7b3f,laencontre
16578,0,129000,0,"Departamento en Punta Hermosa, Punta Hermosa, Perú","Punta Hermosa, Lima",82,3,2,0,"VENTA DE FLAT - PUNTA HERMOSA️ ¿Buscas espacio, estilo y una zona tranquila cerca al mar? ¡TENEMOS ESTAS OPCIONES PARA...",https://www.laencontre.com.pe/inmueble/a1f-a91e-19c5488-bd01d9dfc13d-77c5,laencontre
16579,0,153926,0,"Departamento en Risso, Lima","Risso, Lince, Lima",57,2,2,0,"Venta Moderno Departamento cerca a Parque Con una excelente ubicación entre Lince y San Isidro a un paso del Parque, ideal...",https://www.laencontre.com.pe/inmueble/3d5c-908e-196fc07-361c6d3f1edb-719b,laencontre
16580,0,149477,0,"Departamento en Maranga, Lima","Maranga, San Miguel, Lima",92,2,1,0,DEPARTAMENTO MODERNO DE 2 HABITACIONES EN ELEGANTE EDIFICIO | SAN MIGUEL ¡Descubre el espacio ideal para comenzar una nueva...,https://www.laencontre.com.pe/inmueble/cfc4-a5f2-197d1a3-4b911a0eb281-7171,laencontre
16581,0,175000,0,"Departamento en Malecón Bernales, Lima, Perú","Magdalena del Mar, Lima",132.2,3,3,0,"Bonito departamento ubicado en Malecón Bernales, la Propiedad parte de un 5to Piso donde encontraras Sala, Comedor, 3 Dormitorios...",https://www.laencontre.com.pe/inmueble/668b-a9e9-1947071-843cd2e53f45-7914,laencontre
16582,0,288000,0,"Departamento en Santiago De Surco, Lima","Santiago de Surco, Lima",141.55,3,4,0,"DEPARTAMENTO DE ESTRENO en VENTA en CHACARILLA, SURCO DEPARTAMENTOS INDEPENDIZADOS Vive con exclusividad en la mejor zona...",https://www.laencontre.com.pe/inmueble/8c8d-b81c-197bef4-fd291dae3354-7530,laencontre
16583,0,90000,0,"Departamento en Rizo Patrón 240, Lima, Perú","Surquillo, Lima",43,1,1,0,"DEPARTAMENTO EN VENTA EN SURQUILLO Calle Rizo Patron cuadra 2, Urb. Barrio Medico, Surquillo A sólo unos pasos de la comisaría...",https://www.laencontre.com.pe/inmueble/a989-accc-19d600c-ad552fcabd6-74dc,laencontre
16584,0,120116,0,"Departamento en Avenida Paseo De La República, Urbanización Antúnez De Mayolo, Santiago De Surco, Lima, 15049, Per","Santiago de Surco, Lima",66.57,2,2,0,DEPARTAMENTO DE ESTRENO en VENTA en SURCO Vive cerca de la nueva ampliación de la vía expresa en Surco en Prolongación Paseo...,https://www.laencontre.com.pe/inmueble/c756-94b7-197bf1f-a5a10b0696fd-77d1,laencontre
16585,0,68000,0,"Departamento en Salamanca De Monterrico, Lima","Salamanca De Monterrico, Ate, Lima",82,3,2,0,"Departamento en venta – Zona de Concepción/Fortaleza, Ate Vitarte A pocas cuadras del Nuevo Mercado Mayorista. DEPARTAMENTO...",https://www.laencontre.com.pe/inmueble/2527-85aa-19c360d-a817690510-7b6d,laencontre
16586,0,380000,0,"Departamento en Corpac, Lima","Corpac, San Isidro, Lima",163,3,3,0,DEPARTAMENTO FLAT EN VENTA FRENTE A PARQUE EN SAN ISIDRO Departamento flat en venta ubicado en una de las zonas más exclusivas...,https://www.laencontre.com.pe/inmueble/57ed-b1cb-19c25bf-e9199ca6f17e-7bb1,laencontre
16587,0,60000,0,"Departamento en San Juan De Lurigancho, Lima","San Juan de Lurigancho, Lima",90,2,1,0,¡Departamento en Venta – Amplio y Luminoso! - mas información al 9-4-3-5-5-4-3---- Wuendy Flores Se vende bonito departamento...,https://www.laencontre.com.pe/inmueble/53d-a85b-19c2176-559104f61c43-7aff,laencontre
16588,0,218000,0,"Departamento en Av. San Borja Nte. 1237, San Borja, Perú","San Borja, Lima",127,3,4,0,VENDO AMPLIO Y ACOGEDOR DEPARTAMENTO FLAT DE 3 DORMITORIOS FRENTE A PARQUE EN AV. SAN BORJA NORTE 1237 Excelente departamento...,https://www.laencontre.com.pe/inmueble/46aa-87f1-19d5af2-c6a44f1785e7-7784,laencontre
16589,0,205000,0,"Departamento en Armendáriz, Lima","Armendáriz, Miraflores, Lima",95,2,2,0,¡Descubre tu nuevo hogar en el corazón de Miraflores con este espectacular departamento! Ubicado en el séptimo...,https://www.laencontre.com.pe/inmueble/e61f-aa63-1904d58-6341c60ce5aa-7210,laencontre
16590,0,245000,0,"Departamento en Ramon Zavala 300, Miraflores, Perú","Santa Cruz, Miraflores, Lima",150,3,2,0,"Vendo acogedor departamento en calle Ramon Zavala. Área 150 m2. Tiene sala, comedor, 3 dormitorios, cocina, lavandería, 2...",https://www.laencontre.com.pe/inmueble/6471-92ed-5bb7be7-6cb3b82356a1-4231,laencontre
16591,0,522000,0,"Departamento en Calle Cesáreo Chacaltana 367, Miraflores, Lima, 15074, Per","Santa Cruz, Miraflores, Lima",213,3,2,0,"No paga Alcabala! Proyecto! Precioso PH Dúplex en piso 8 con Amplia Terraza, Area de BBQ y Jardín en Zona Exclusiva de Miraflores...",https://www.laencontre.com.pe/inmueble/c362-a068-19ab9e6-2618f4bdb127-7357,laencontre
16592,0,462000,0,"Departamento en Calle Cesáreo Chacaltana 367, Miraflores, Lima, 15074, Per","Santa Cruz, Miraflores, Lima",177,3,2,0,No paga Alcabala! Proyecto! Bello Flat en primer piso con Amplia Terraza en zona exclusiva de Miraflores. Linda Sala y Comedor...,https://www.laencontre.com.pe/inmueble/14fd-95eb-19a8667-5d26a33245f5-70d2,laencontre
16593,0,275000,0,"Departamento en Calle Padre Amelio Plasencia 130, Urbanización El Rosedal, Miraflores, Lima, 15048, Per","Miraflores, Lima",210.3,4,3,0,"Departamento con gran potencial en edificio de solo 7 departamentos, es como una casita de tres pisos, se encuentra en el...",https://www.laencontre.com.pe/inmueble/7673-ad77-1958ac0-c010b091b660-79d7,laencontre
16594,0,577500,0,"Departamento en Santa Cruz, Lima","Santa Cruz, Miraflores, Lima",180.7,3,2,0,Departamento en venta en proyecto en Miraflores límite San Isidro cerca colegios. Edificio con una estructura ligera de concreto...,https://www.laencontre.com.pe/inmueble/27c5-b014-18fa346-fd64d52ab9af-7bef,laencontre
16595,0,124381,0,"Departamento en Jr. Pedro Solari, Chorrillos, Perú","Chorrillos, Lima",59,2,2,0,"TMT112504 ¡DE ESTRENO! 🎉 COMPRA EN CHORRILLOS…VIVE EN BARRANCO “Arte, gastronomía y cultura a solo unos pasos” 🎯 Ubicación...",https://www.laencontre.com.pe/inmueble/effd-9678-19a7bad-d1bc882dfbe9-7545,laencontre
16596,0,115370,0,"Departamento en Jr. Pedro Solari, Chorrillos, Perú","Chorrillos, Lima",55,2,2,0,"TMT112503 ¡DE ESTRENO! 🎉 COMPRA EN CHORRILLOS…VIVE EN BARRANCO “Arte, gastronomía y cultura a solo unos pasos” 🎯 Ubicación...",https://www.laencontre.com.pe/inmueble/7343-a96c-19a7b82-12d2d5d79261-7691,laencontre
16597,0,87195,0,"Departamento en Jr. Pedro Solari, Chorrillos, Perú","Chorrillos, Lima",40,1,1,0,"TMT112502 ¡DE ESTRENO! 🎉 COMPRA EN CHORRILLOS…VIVE EN BARRANCO “Arte, gastronomía y cultura a solo unos pasos” 🎯 Ubicación...",https://www.laencontre.com.pe/inmueble/45e5-8b2a-19a7b72-6524a4954f7a-7139,laencontre
16598,0,90000,0,"Departamento en Santiago De Surco, Lima","Santiago de Surco, Lima",67,2,1,0,"🎯𝐕𝐄𝐍𝐃𝐎 𝐃𝐄𝐏𝐀𝐑𝐓𝐀𝐌𝐄𝐍𝐓𝐎 𝐄𝐍 𝐏𝐑𝐈𝐌𝐄𝐑 𝐏𝐈𝐒𝐎, 𝐃𝐄 𝟐 𝐃𝐎𝐑𝐌𝐈𝐓𝐎𝐑𝐈𝐎𝐒 𝐄𝐍 𝐔𝐑𝐁𝐀𝐍𝐈𝐙𝐀𝐂𝐈𝐎𝐍...",https://www.laencontre.com.pe/inmueble/df50-afb7-19a4e7d-d3d568182621-768f,laencontre
16599,0,108210,0,"Departamento en Barranco, Lima","Barranco, Lima",40,2,2,0,"Descubre un nuevo estilo de vida en Barranco Ubicado en Jr. Pedro Salazar 128, este exclusivo proyecto inmobiliario ha sido...",https://www.laencontre.com.pe/inmueble/735f-91cd-19cf8e3-47e398c48565-7f9e,laencontre
16600,0,230000,0,"Departamento en Pueblo Libre, Lima","Pueblo Libre, Lima",148,4,3,0,"Venta departamento Pueblo Libre en edificio de cinco pisos, estreno, ubicado a media cuadra de parque y otros 3 hermosos...",https://www.laencontre.com.pe/inmueble/7bcb-a93a-195727a-1fcd48da793e-72b4,laencontre
16601,0,65000,0,"Departamento en Las Platas Rojas, San Juan De Lurigancho, Perú","San Juan de Lurigancho, Lima",100,5,2,0,"Se vende amplio y bien iluminado departamento de 100 m², ubicado en segundo piso, con vista a la calle e ingreso totalmente...",https://www.laencontre.com.pe/inmueble/21fe-8813-19bd7e8-4b62481e7eb0-74f2,laencontre
16602,0,254990,0,"Departamento en Avenida De Los Ingenieros, Santiago De Surco, Perú","Santiago de Surco, Lima",234.97,4,4,0,1 Sala Comedor con vista panorámica a Parque 4 Dormitorios (1 Dormitorio Con Baño incorporado) 3 Baños 1 Escritorio Cocina...,https://www.laencontre.com.pe/inmueble/2e49-9771-19ce4d6-f55ca4b2955e-74e0,laencontre
16603,0,284096,0,"Departamento en Santiago De Surco, Lima","Santiago de Surco, Lima",144,4,3,0,"Se vende departamento de estreno en Surco, frente al parque. No paga alcabala. Características: 4 dormitorios con walk-in...",https://www.laencontre.com.pe/inmueble/d7b6-aae2-19c29df-9492420a750c-73b8,laencontre
16604,0,151400,0,"Departamento en Maranga, Lima","Maranga, San Miguel, Lima",83.48,0,2,0,DEPARTAMENTO EN VENTA – PRECIO DE OCASIÓN EN SAN MIGUEL | 83 m² | PISO ALTO Oportunidad real de compra en una de las zonas...,https://www.laencontre.com.pe/inmueble/9c9d-a612-19cd9fd-44e8f3df55e0-7f14,laencontre
16605,0,263589,0,"Departamento en Av. Ayacucho, Surco, Perú","Santiago de Surco, Lima",180,3,3,0,"Tu nuevo comienzo te espera en Los Rosales, Altura de la cuadra 7 de la Av. Ayacucho, a pocos metros de Plaza Vea. Características...",https://www.laencontre.com.pe/inmueble/6c46-9675-19b8165-9bc85045bf7d-77c4,laencontre
16606,0,631500,0,"Departamento en Santa Cruz, Lima","Santa Cruz, Miraflores, Lima",253.33,3,2,0,Departamento en desarrollo en una calle de Miraflores cerca a la Huaca Pucllana muy privilegiada por tener conectividad y...,https://www.laencontre.com.pe/inmueble/a29-9eba-19c8e89-ad5462fbb599-796d,laencontre
16607,0,398000,0,"Departamento en Calle Manuel Segura 260, Miraflores, Lima, 15074, Per","Santa Cruz, Miraflores, Lima",136.14,3,2,0,"Departamento ubicado en una tranquila calle a pocos pasos del Malecón Cisneros, este proyecto ofrece una combinación ideal...",https://www.laencontre.com.pe/inmueble/bf08-9931-19a71cd-883407c49f1c-742a,laencontre
16608,0,301500,0,"Departamento en Calle Manuel Segura 260, Miraflores, Lima, 15074, Per","Santa Cruz, Miraflores, Lima",111.48,2,2,0,"Departamento ubicado en una tranquila calle a pocos pasos del Malecón Cisneros, este proyecto ofrece una combinación ideal...",https://www.laencontre.com.pe/inmueble/ae78-9d9a-19a71cd-2dbbddd54761-79b4,laencontre
16609,0,585000,0,"Departamento en Calle Manuel Segura 260, Miraflores, Lima, 15074, Per","Santa Cruz, Miraflores, Lima",233.64,3,3,0,"Departamento ubicado en una tranquila calle a pocos pasos del Malecón Cisneros, este proyecto ofrece una combinación ideal...",https://www.laencontre.com.pe/inmueble/8783-b828-19a71cd-e3d1cfb71cbd-75aa,laencontre
16610,0,414000,0,"Departamento en Santa Cruz, Lima","Santa Cruz, Miraflores, Lima",144.21,3,2,0,Departamento en desarrollo en una calle de Miraflores cerca a la Huaca Pucllana muy privilegiada por tener conectividad y...,https://www.laencontre.com.pe/inmueble/f8e2-acca-19a3e4d-3bd596196de3-7420,laencontre
16611,0,370488,0,"Departamento en Calle Raymundo Morales De La Torre 170, San Isidro, Lima, 15073, Per","El Olivar, San Isidro, Lima",116.75,2,2,0,"Lindo penthouse en venta, desde el ingreso te recibe una linda sala comedor con salida a gran terraza con jardín de buen ...",https://www.laencontre.com.pe/inmueble/3caf-a7c6-1983105-e13c500e98eb-7642,laencontre
16612,0,879000,0,"Departamento en Calle General Córdova 522, Miraflores, Lima, 15073, Per","Santa Cruz, Miraflores, Lima",321.34,3,2,0,Penthouse dúplex en preventa! Cuenta con gran terraza frente a parque y por el otro lado a la calle con mucha luz natural...,https://www.laencontre.com.pe/inmueble/64d2-bd9d-1981745-2373a7e078d8-7cd2,laencontre
16613,0,125929,0,"Departamento en San Miguel, Lima","San Miguel, Lima",55.86,2,2,0,Contactame 9.9.5.9.9.0.5---- Zulema Ricaldi DEPARTAMENTO EXCLUSIVO EN EDIFICIO CONTEMPORÁNEO | SAN MIGUEL | PREVENTA Estilo...,https://www.laencontre.com.pe/inmueble/aaaa-9aa0-19272a9-f62a503a1fd2-719f,laencontre
16614,0,159976,0,"Departamento en Jr. Pedro Solari, Chorrillos, Perú","Chorrillos, Lima",76,3,2,0,"TMT112506 ¡DE ESTRENO! 🎉 COMPRA EN CHORRILLOS…VIVE EN BARRANCO “Arte, gastronomía y cultura a solo unos pasos” 🎯 Ubicación...",https://www.laencontre.com.pe/inmueble/d958-9f31-19a7be9-ee58ee07076d-76d2,laencontre
16615,0,86898,0,"Departamento en Jirón Pedro Solari, Chorrillos, Perú","Chorrillos, Lima",40,1,1,0,"TMT112501 ¡DE ESTRENO! 🎉 COMPRA EN CHORRILLOS…VIVE EN BARRANCO “Arte, gastronomía y cultura a solo unos pasos” 🎯 Ubicación...",https://www.laencontre.com.pe/inmueble/db3c-a870-19a7ac1-64495b220260-70f3,laencontre
16616,0,85860,0,"Departamento en Maranga, Lima","Maranga, San Miguel, Lima",54,1,2,0,"Vendo moderno departamento estreno, es parte de una construcción de vivienda multifamiliar con magnífica ubicación en una...",https://www.laencontre.com.pe/inmueble/c4fb-a98f-19954fd-f8136d20ab6e-71b5,laencontre
16617,0,517900,0,"Departamento en Calle Alberto Chabrier, San Isidro, Perú","Orrantia, San Isidro, Lima",185,2,0,0,"Exclusivo tríplex de 185 m², moderno y elegante, ubicado frente al Golf de San Isidro. Ideal para quienes buscan amplitud...",https://www.laencontre.com.pe/inmueble/2936-89c4-199bff3-ca2ce4f5ecab-73b0,laencontre
16618,0,103418,0,"Departamento en Avenida Andrés Rázuri, San Miguel, Perú","Maranga, San Miguel, Lima",51,2,2,0,"PROYECTO INMOBILIARIO DE 1, 2 Y 3 DORM. SAN MIGUEL – 2027 Ubicado en Avenida Rázuri en la intersección con la calle Micaela...",https://www.laencontre.com.pe/inmueble/a01d-8f25-19c52d1-45dbae97d9e2-77a1,laencontre
16619,0,51902,0,"Departamento en Condominio Los Parques De Villa El Salvador Ii, Av. Los Algarrobos 1440, Villa El Salvador, Perú","Villa El Salvador, Lima",63,3,2,0,🏢 𝐕𝐄𝐍𝐃𝐎 𝐃𝐄𝐏𝐀𝐑𝐓𝐀𝐌𝐄𝐍𝐓𝐎 en 𝐕𝐈𝐋𝐋𝐀 𝐄𝐋 𝐒𝐀𝐋𝐕𝐀𝐃𝐎𝐑 📍 Av. Los Algarrobos N° 1440 Condominio...,https://www.laencontre.com.pe/inmueble/addd-a569-19b9ed3-ee21d6e0a75b-76ef,laencontre
16620,0,185000,0,"Departamento en Calle Estocolmo 166, San Miguel, Lima, 15088, Per","Maranga, San Miguel, Lima",143.24,5,2,0,SE VENDE DUPLEX COMPLETAMENTE REMODELADO PISO 2 Y 3 CON AIRES EN CALLE ESTOCOLMO SAN MIGUEL ✨ Ubicados en zona tranquila...,https://www.laencontre.com.pe/inmueble/9733-9703-761fbe54-8bde4f33670d-4186,laencontre
16621,0,164900,0,"Departamento en Alameda Del Corregidor 1575, Lima, Perú","La Molina, Lima",101.87,3,3,0,"LINDO DEPARTAMENTO EN LA MOLINA 3 DORM, PRIMER PISO, MAS 01 ESTACIONAMIENTO UBICADO AL COSTADO DE LA FACULTAD DE MEDICINA...",https://www.laencontre.com.pe/inmueble/ec8e-81fd-19a516a-7f97365c4f70-7201,laencontre
16622,0,164000,0,"Departamento en Jesús María, Perú","Jesus Maria, Lima",82.94,3,2,0,✨🏡 ¡VIVE EN LAS ALTURAS CON ESTILO EN Jesús María! 🏙️✨ Contáctame al +51 999 024---- Descubre esta increíble oportunidad...,https://www.laencontre.com.pe/inmueble/e12a-9245-19ce3c6-6222ee067dee-71b3,laencontre
16623,0,529000,0,"Departamento en Calle General Córdova 522, Miraflores, Lima, 15073, Per","Santa Cruz, Miraflores, Lima",160.8,3,2,0,Departamento en proyecto frente a parque privado en Miraflores. La sala comedor con terraza tiene linda vista frente a parque...,https://www.laencontre.com.pe/inmueble/97d6-adce-1981745-518fff3b22a1-7335,laencontre
16624,0,475000,0,"Departamento en Calle José De Acosta, San Isidro, Lima, 15076, Per","Orrantia, San Isidro, Lima",155,3,2,0,Precio de lanzamiento! Lindo departamento en venta como proyecto frente a parque en San Isidro. La sala comedor con una pequeña...,https://www.laencontre.com.pe/inmueble/9609-b447-197cf2c-5eebe8b2e61d-72ec,laencontre
16625,0,250000,0,"Departamento en Av. Camino Real 1225, San Isidro, Perú","El Olivar, San Isidro, Lima",148,3,3,0,"Vivir en San Isidro, en una de las más bonitas zonas de este exclusivo distrito. Av. Camino Real a metros del Ovalo Dasso...",https://www.laencontre.com.pe/inmueble/a35a-a054-7b06ad21-f477840a0b6-409e,laencontre
16626,0,131000,0,"Departamento en San Miguel, Lima","San Miguel, Lima",57.25,2,2,0,Contactame 9.9.5.9.9.0.5---- Zulema Ricaldi DEPARTAMENTO EXCLUSIVO EN EDIFICIO CONTEMPORÁNEO | SAN MIGUEL | PREVENTA Estilo...,https://www.laencontre.com.pe/inmueble/a367-9b1f-1931207-9c42e2fa15a8-72aa,laencontre
16627,0,123704,0,"Departamento en San Miguel, Lima","San Miguel, Lima",56.56,2,2,0,Contactame 9.9.5.9.9.0.5---- Zulema Ricaldi DEPARTAMENTO EXCLUSIVO EN EDIFICIO CONTEMPORÁNEO | SAN MIGUEL | PREVENTA Estilo...,https://www.laencontre.com.pe/inmueble/f23b-a980-1930962-54078851fb00-7a23,laencontre
16628,0,59000,0,"Departamento en Parque Del Naranjal, Lima, Perú","Los Olivos, Lima",56.9,2,2,0,LYA032616 🏡 LINDO DPTO FRENTE A PARQUE EN LOS OLIVOS – ZONA RESIDENCIAL Acogedor departamento cerca a parque en zona residencial...,https://www.laencontre.com.pe/inmueble/c6e4-8eab-19cdf57-cb577c82206d-7772,laencontre
16629,0,152443,0,"Departamento en Jr. Pedro Solari, Chorrillos, Perú","Chorrillos, Lima",74.12,3,2,0,"TMT112505 ¡DE ESTRENO! 🎉 COMPRA EN CHORRILLOS…VIVE EN BARRANCO “Arte, gastronomía y cultura a solo unos pasos” 🎯 Ubicación...",https://www.laencontre.com.pe/inmueble/434e-9908-19a7bbf-fdc9eb534713-7837,laencontre
16630,0,109873,0,"Departamento en Av. De Los Patriotas, Lima, Perú","Maranga, San Miguel, Lima",72.65,2,2,0,"KAV062504 Descubre un proyecto moderno y sostenible, diseñado para ofrecerte la calidad de vida que mereces mientras cuidas...",https://www.laencontre.com.pe/inmueble/8db1-8dda-1976b91-f0a3ddde1e75-75e1,laencontre
16631,0,100403,0,"Departamento en Av. De Los Patriotas, Lima, Perú","Maranga, San Miguel, Lima",60.85,2,2,0,"KAV062503 Descubre un proyecto moderno y sostenible, diseñado para ofrecerte la calidad de vida que mereces mientras cuidas...",https://www.laencontre.com.pe/inmueble/f7d-8dda-1976b10-ed8ef4ac6dd0-75e1,laencontre
16632,0,72000,0,"Departamento en Av. De Los Patriotas, Lima, Perú","Maranga, San Miguel, Lima",40,1,1,0,"KAV032635 Descubre un proyecto moderno y sostenible, diseñado para ofrecerte la calidad de vida que mereces mientras cuidas...",https://www.laencontre.com.pe/inmueble/327c-8dda-1976a9a-ca286ef35d0e-75e1,laencontre
16633,0,78594,0,"Departamento en Torres Del Campo, Avenida Micaela Bastidas, Comas, Perú","Comas, Lima",69,3,2,0,Departamento en venta en Comas – Torres del Campo - 3 dormitorios + estacionamiento – Zona Retablo Se vende moderno departamento...,https://www.laencontre.com.pe/inmueble/e201-8899-19d6f5b-2bcaedc58a0-756d,laencontre
16634,0,160700,0,"Departamento en Magdalena Del Mar, Lima","Magdalena del Mar, Lima",74,3,2,0,"Hermoso departamento de estreno, en espectacular edificio de 20 pisos, en Magdalena. El departamento, cuenta con 74 m2, ...",https://www.laencontre.com.pe/inmueble/32f0-a26d-19cc63f-b22228a4fbed-7256,laencontre
16635,0,112108,0,"Departamento en Chorrillos, Lima","Chorrillos, Lima",56.34,2,2,0,Nuestro departamento en Chorrillos te espera Contáctate al **9*8*9*3*1*0*1*5*0** Se vende departamento de 56.34m2 en la...,https://www.laencontre.com.pe/inmueble/2b56-a04f-19c2c9d-a514f89ca7d7-735f,laencontre
16636,0,230000,0,"Departamento en Chorrillos, Lima","Chorrillos, Lima",148,4,3,0,"Venta departamento en Pueblo Libre en edificio de cinco pisos, estreno, ubicado a media cuadra de parque, cerca de centro...",https://www.laencontre.com.pe/inmueble/1b7d-a49f-1958722-d0e3ad0d36e4-75dd,laencontre
16637,0,140000,0,"Departamento en Malecon Ferreyros, Ancón, Perú","Ancon, Lima",135,3,3,0,"Departamento en Malecon Ferreyros con vista panorámica al mar, departamento en segundo piso con ascensor. Sala y comedor...",https://www.laencontre.com.pe/inmueble/86ca-9688-19d2321-4e6ccea9916a-7802,laencontre
16638,0,88381,0,"Departamento en Cercado De Lima, Lima","Cercado de Lima, Lima",71,3,2,0,Venta de Departamento de Estreno en el Cercado de Lima Urbanización Trinidad con vista a la calle. Características Generales...,https://www.laencontre.com.pe/inmueble/6b90-96b2-18ef4bb-9beda7872758-7da9,laencontre
16639,0,137293,0,"Departamento en San Miguel, Lima","San Miguel, Lima",71.46,3,2,0,"Vive frente al mar en un edificio moderno en Av. Bertolotto , San Miguel ENTREGA: INMEDIATA  Pisos: 17  Total departamentos...",https://www.laencontre.com.pe/inmueble/268d-9b40-19d0933-86010b0a5361-7a69,laencontre
16640,0,565000,0,"Departamento en Malecón La Marina, Miraflores, Lima, 15074, Per","Santa Cruz, Miraflores, Lima",240,3,3,0,Venta de Departamento con Balcón Frente Al Mar en Miraflores Vendo Departamento Frente Al Mar EXCLUSIVO DEPARTAMENTO FRENTE...,https://www.laencontre.com.pe/inmueble/3a86-8439-19d7a39-a5d191089ffe-8016,laencontre
16641,0,235000,0,"Departamento en Dulanto, Barranco, Perú","Barranco, Lima",109,3,2,0,"⁣⁣⁣⁣⁣⁣⁣⁣⁣⁣⁣⁣⁣⁣⁣⁣⁣⁣⁣⁣⁣⁣⁣⁣ Moderno dúplex de estreno con muy buenos acabados, ubicado en edificio con ascensor y espacios muy...",https://www.laencontre.com.pe/inmueble/55e7-ab7c-197a84b-a46cef2632ec-7512,laencontre
16642,0,158848,0,"Departamento en Santa Cruz, Lima","Santa Cruz, Miraflores, Lima",60,2,2,0,VIVE A PASOS DEL MALECON DE LA MARINA Y DE SAN ISIDRO Invierte en un edificio eco amigable y con la Certificación LEED que...,https://www.laencontre.com.pe/inmueble/98b4-b9e7-19c2ae5-cb5d5fb3e70c-7589,laencontre
16643,0,185000,0,"Departamento en Santa Cruz, Lima","Santa Cruz, Miraflores, Lima",61.7,1,1,0,"Edificio ubicado en la Calle Enrique Palacios, a pasos del malecón y rodeado de restaurantes, servicios y áreas verdes, Proyecto...",https://www.laencontre.com.pe/inmueble/e893-9bad-1982aef-45acf2e89afe-75fa,laencontre
16644,0,111218,0,"Departamento en Avenida Abel Bergasse Du Petit Thouars 915-921, Lima, 15046, Per","Cercado de Lima, Lima",63,2,1,0,¿Buscando tu primer depa o una inversión segura? Este depa de estreno en Santa Beatriz puede ser ese gran primer paso. ...,https://www.laencontre.com.pe/inmueble/e4e-8682-d34d2a01-22f91ffe57e9-5029,laencontre
16645,0,85000,0,"Departamento en Punta Negra, Lima","Punta Negra, Lima",240,4,4,0,"VENTA DEPARTAMENTO DE PLAYA TERCER PISO VISTA AL MAR CONDOMINIO ASOCIACION DE VIVIENDA JUVENTUD EL BOSQUE PUNTA NEGRA, ALTURA...",https://www.laencontre.com.pe/inmueble/9d6f-973d-1975737-deecebd2ef4b-7b2d,laencontre
16713,0,213249,0,"Departamento en Miraflores, Lima","Miraflores, Lima",120,3,3,0,Venta de Últimos Exclusivos Departamentos en Miraflores – Espacios Amplios y Diseño Moderno. Ubicado en cdra. 57...,https://www.laencontre.com.pe/inmueble/fc2d-b0c5-195f999-f1178c13331b-7c1a,laencontre
16646,0,195000,0,"Departamento en Jirón Hermilio Valdizán 560, Jesús María, Perú","Jesus Maria, Lima",190,4,2,0,"Venta de 2 departamentos con ingreso independiente y terraza privada Ubicada en Calle Hermilio Valdizán 560, Contáctanos:...",https://www.laencontre.com.pe/inmueble/5634-b3c3-19a5620-82d4ecfab3a2-724d,laencontre
16647,0,83000,0,"Departamento en Los Olivos, Lima","Los Olivos, Lima",84.39,2,1,0,Venta de departamento en un 2° piso con vista a la calle a media cuadra de la Av. Universitaria y una cuadra de la Av. Naranjal...,https://www.laencontre.com.pe/inmueble/d8e0-9fb1-195aa9d-e27daa1a79c3-7095,laencontre
16648,0,144500,0,"Departamento en Corpac, Lima","Corpac, San Isidro, Lima",67,3,2,0,"Hermoso departamento de estreno, en espectacular edificio de 33 pisos, en plena Av. Javier Prado Este. El departamento, ...",https://www.laencontre.com.pe/inmueble/c41c-b3ae-19cc563-3f67cc80391e-77d4,laencontre
16649,0,105600,0,"Departamento en San Eugenio, Lima","San Eugenio, Lince, Lima",30,1,1,0,"Ubicado en el corazón de Lince, límite con San Isidro, este departamento de 30 m² ofrece una combinación ideal de comodidad...",https://www.laencontre.com.pe/inmueble/c73c-bb4b-19c9c30-61355ad025c9-7164,laencontre
16650,0,205000,0,"Departamento en Santiago De Surco, Lima","Santiago de Surco, Lima",120,5,3,0,¡Vive cerca de todo lo que necesitas! Este amplio departamento de 120 m² en el 3er piso (sin ascensor) está ubicado en una...,https://www.laencontre.com.pe/inmueble/aeb3-ab0e-199ca5b-de5dfb076408-7b16,laencontre
16651,0,150000,0,"Departamento en Calle Las Fresas, Surco, Perú","Santiago de Surco, Lima",65,2,2,0,"¡Venta de departamento en Surco — excelente ubicación! Cerca de Calle Las Fresas, en zona tranquila y residencial 65 m²...",https://www.laencontre.com.pe/inmueble/c669-b0f8-19c5995-912e36889abd-7436,laencontre
16652,0,115000,0,"Departamento en Magdalena Del Mar, Lima","Magdalena del Mar, Lima",79,3,1,0,Venta de departamento en Magdalena - Área: 79.21 m² - Sala comedor cómoda y bien iluminada - Cocina con muebles altos y ...,https://www.laencontre.com.pe/inmueble/24b3-839f-19b4d8f-1d33d1ecce70-77c1,laencontre
16653,0,332173,0,"Departamento en Calle Enrique Palacios 1139, Miraflores, Perú","Santa Cruz, Miraflores, Lima",129.3,3,2,0,"Venta de Departamento 103, Estreno Descubre un espacio moderno, eficiente y lleno de confort. El Departamento 103 combina...",https://www.laencontre.com.pe/inmueble/29da-92b8-19b14f4-497e4c4e3f14-7782,laencontre
16654,0,203000,0,"Departamento en Jr. Tuman 3, Urb Centro Comercial Monterrico, Santiago De Surco, Perú","Santiago de Surco, Lima",109.68,4,2,0,CARACTERISTICAS: - DEPARTAMENTO 2DO PISO. ESCALERAS. MUY ILUMINADO. EN ESQUINA. - AREA TOTAL: 109.68M2 - AREA OCUPADA: 109.68M2...,https://www.laencontre.com.pe/inmueble/1938-a11a-19bc4de-ed74867e6647-7483,laencontre
16655,0,105000,0,"Departamento en Av. Los Próceres, Surco, Perú","Santiago de Surco, Lima",83,1,1,0,Se vende acogedor dúplex en Santiago de Surco. 📞 Contáctame al 998 977---- Silvana Kam Ubicado en una zona tranquila y ...,https://www.laencontre.com.pe/inmueble/d896-8a12-19d4aa4-94fe28cdf7cb-721e,laencontre
16656,0,220000,0,"Departamento en Miraflores, Lima","Miraflores, Lima",110.48,3,2,0,"A.C: 110.48 m² Sala – comedor 3 Dormitorios, el principal con baño completo y closet. 1 Baño que comparten los 2 dormitorios...",https://www.laencontre.com.pe/inmueble/8be7-9856-d51ce769-92994e5109a3-4594,laencontre
16657,0,349500,0,"Departamento en Corpac, Lima","Corpac, San Isidro, Lima",127,2,4,0,"Espectacular departamento en construcción se encuentra en una zona super tranquila de San Isidro (Corpac), este amplio departamento...",https://www.laencontre.com.pe/inmueble/678b-be5b-19cbbf2-7ac259c36ede-7307,laencontre
16658,0,111100,0,"Departamento en San Eugenio, Lima","San Eugenio, Lince, Lima",43,1,1,0,"Ubicado en el corazón de Lince, límite con San Isidro, este departamento de 43 m² ofrece una combinación ideal de comodidad...",https://www.laencontre.com.pe/inmueble/db71-8722-19c9c30-ac545543a9f4-70a4,laencontre
16659,0,110000,0,"Departamento en Surquillo, Lima","Surquillo, Lima",81,3,2,0,"**Departamento en Venta en La Calera de la Merced** Ubicado en la estratégica calle Las Orquídeas 200, frente a Parque, ...",https://www.laencontre.com.pe/inmueble/3ee9-ad62-19c7d4c-e0540d9d0491-7211,laencontre
16660,0,146215,0,"Departamento en Av. Brasil, Magdalena Del Mar, Perú","Magdalena del Mar, Lima",80,3,2,0,"Vendo departamento estreno Magdalena, ubicado en la Av. Brasil con Jr. Grau, cuenta con vista a la Brasil , cerca a avenidas...",https://www.laencontre.com.pe/inmueble/c8b1-89f1-fa96f8a3-a3a012f4155e-4d12,laencontre
16661,0,208497,0,"Departamento en Chorrillos, Lima","Chorrillos, Lima",116,3,3,0,"Venta departamento DUPLEX exclusivo en Chorrillos, ubicado a pocos pasos del Malecón Grau, muy cerca del corazón de Barranco...",https://www.laencontre.com.pe/inmueble/9ce-b7b9-1965a29-18dc80de52c7-807f,laencontre
16662,0,92711,0,"Departamento en Maranga, Lima","Maranga, San Miguel, Lima",54,2,2,0,"Venta departamento a estrenar, se encuentra a minutos de Avenidas principales. Cuenta con diferentes zonas de uso común, ...",https://www.laencontre.com.pe/inmueble/aa58-80c6-192b539-3fd2f2a842f6-75d9,laencontre
16663,0,140876,0,"Departamento en Pueblo Libre, Lima","Pueblo Libre, Lima",77,3,2,0,"Se encuentra cerca de tiendas, parques, centros comerciales, farmacias, mercados y colegios. Así, el inmueble es privilegiado...",https://www.laencontre.com.pe/inmueble/c362-ac05-192b0f4-3e787cd762fd-807e,laencontre
16664,0,128011,0,"Departamento en Cercado De Lima, Lima","Cercado de Lima, Lima",70,3,2,0,"Con acceso rápido a las vías principales interdistritales: Av. Arequipa, Av. Arenales y Vía Expresa del Paseo de la República...",https://www.laencontre.com.pe/inmueble/b442-ac05-192b0e0-313e9833faee-807e,laencontre
16665,0,97349,0,"Departamento en Cercado De Lima, Lima","Cercado de Lima, Lima",54,2,2,0,"Venta departamento Santa Beatriz, ubicado en una zona estratégica de la ciudad de Lima, con acceso rápido a las vías principales...",https://www.laencontre.com.pe/inmueble/60d4-b79a-192b0d9-93fe0e7c426b-77fe,laencontre
16666,0,132476,0,"Departamento en San Borja, Lima","San Borja, Lima",51,2,2,0,"Vendo departamento San Borja, el cual es privilegiado por la zona y por su ubicación: vivir en Parque Sur es conectarse directamente...",https://www.laencontre.com.pe/inmueble/84de-aa2e-192b0af-818d4ace4d83-8084,laencontre
16667,0,188564,0,"Departamento en Santiago De Surco, Lima","Santiago de Surco, Lima",85.88,2,2,0,"Vive con mayor espacio, luz natural y privacidad en un edificio boutique exclusivo Descubre este moderno departamento de ...",https://www.laencontre.com.pe/inmueble/ff6c-be43-19d3265-e5428b7c4642-7666,laencontre
16668,0,177000,0,"Departamento en Bogota, La Molina, Perú","La Molina, Lima",180,3,2,0,"JCG082206 DEPARTAMENTO EN VENTA Calle Bogotá- La Molina Precio: 177,000$ • Distrito La Molina • Urbanización Santa Patricia...",https://www.laencontre.com.pe/inmueble/592789,laencontre
16669,0,164000,0,"Departamento en Av. Arequipa 4334, Miraflores, Perú","Miraflores, Lima",91,2,2,0,"Vendo lindo, muy iluminado y acogedor departamento con vista exterior, remodelado, ubicado en la Av. Arequipa 4334, en el...",https://www.laencontre.com.pe/inmueble/c4eb-b953-1970640-578a54d46afd-7d4d,laencontre
16670,0,185000,0,"Departamento en Jirón Mac Mahon 341-423, San Borja, Lima, 15037, Per","San Borja, Lima",115,3,2,0,"Hermoso departamento con vista espectacular por las ventanas grandes consta de sala-comedor, cocina cerrada con muebles altos...",https://www.laencontre.com.pe/inmueble/6bd1-b9bb-19d4b22-802c20d8ff2b-7427,laencontre
16671,0,267500,0,"Departamento en San Borja, Lima","San Borja, Lima",98,2,2,0,"Vive con comodidad, seguridad y ubicación privilegiada Descubre este exclusivo condominio en una de las zonas más top de...",https://www.laencontre.com.pe/inmueble/7da5-8952-19d755a-b2549bfbbc57-7391,laencontre
16672,0,180000,0,"Departamento en Magdalena Del Mar, Lima","Magdalena del Mar, Lima",72,3,3,0,"Hermoso departamento en pre-estreno, en espectacular edificio, en Magdalena a unos San Isidro. El departamento, cuenta con...",https://www.laencontre.com.pe/inmueble/2209-80b4-19d0e59-a84b38a46bac-75ab,laencontre
16673,0,111000,0,"Departamento en Magdalena Del Mar, Lima","Magdalena del Mar, Lima",41,1,1,0,"Hermoso departamento de estreno, en espectacular edificio, en Magdalena a unos San Isidro. El departamento, cuenta con 41...",https://www.laencontre.com.pe/inmueble/d364-9d9a-19d0e58-3e5579dea0d1-7892,laencontre
16674,0,189000,0,"Departamento en Corpac, Lima","Corpac, San Isidro, Lima",79,3,2,0,"Hermoso departamento de estreno, en espectacular edificio de 33 pisos, en plena Av. Javier Prado Este. El departamento, ...",https://www.laencontre.com.pe/inmueble/ee40-c015-19cc63e-f4e7f88f18b9-72c4,laencontre
16675,0,130000,0,"Departamento en Barranco, Lima","Barranco, Lima",41,1,1,0,"Hermoso departamento, ubicado en el exclusivo distrito de Barranco, en un edificio boutique, frente a un pequeño parque, ...",https://www.laencontre.com.pe/inmueble/7659-970b-19cbb16-674267a6eb1a-7f81,laencontre
16676,0,609000,0,"Departamento en Calle Bello Horizonte 170, Urbanización Chacarilla Del Estanque, San Borja, Lima, 15037, Per","San Borja, Lima",271,4,6,0,"Departamento Exclusivo en Chacarilla Exclusivo departamento en Chacarilla San Borja en primer piso, Frente a hermoso parque...",https://www.laencontre.com.pe/inmueble/6020-b80b-19d40cf-84f05391f14e-74e2,laencontre
16677,0,130000,0,"Departamento en Avenida Costanera 2446, San Miguel, Perú","Maranga, San Miguel, Lima",50.25,2,3,0,"Moderno y funcional departamento dúplex ubicado en el piso 15 de un edificio frente al mar, ideal para quienes buscan amplitud...",https://www.laencontre.com.pe/inmueble/c2b8-a4b2-19c73d5-7a279a36bd7-7226,laencontre
16678,0,181286,0,"Departamento en Avenida La Paz 715, San Miguel, Lima, 15087, Per","San Miguel, Lima",92.09,3,2,0,✨ Exclusividad y estilo de vida en Miramar – San Miguel Imagina vivir en una de las zonas más privilegiadas de San Miguel...,https://www.laencontre.com.pe/inmueble/6b88-bfcb-34646b14-bc1a4fdc5fa1-453a,laencontre
16679,0,2300000,0,"Departamento en Avenida Miguel Cervantes 548, San Isidro, Lima, 15073, Per","Country Club, San Isidro, Lima",407.78,3,3,0,"JOYA INMOBILIARIA. Departamento de lujo en edificio en esquina, con una vista maravillosa al Lima Golf de San Isidro desde...",https://www.laencontre.com.pe/inmueble/ec1e-a598-19cffd4-da2e08a92f8b-70eb,laencontre
16680,0,245000,0,"Departamento en Avenida Roca Y Boloña, Miraflores, Perú","Miraflores, Lima",111,2,3,0,"Este departamento, ubicado en un primer piso elevado, combina comodidad, privacidad y una distribución pensada para disfrutar...",https://www.laencontre.com.pe/inmueble/1e3-bb05-19b8008-e031d05d5948-786e,laencontre
16681,0,133000,0,"Departamento en San Miguel, Lima","San Miguel, Lima",115,3,2,0,? DEPARTAMENTO FLAT EN SAN MIGUEL CERCA A LA PLAYA | ? UBICACIÓN ?? San Miguel | Lima ? A un paso de la av la paz ...,https://www.laencontre.com.pe/inmueble/866b-a701-19c2175-b01ad18f9412-7521,laencontre
16682,0,265000,0,"Departamento en Santiago De Surco, Lima","Santiago de Surco, Lima",183,4,3,0,"Espectacular Dúplex en Surco – 4 dormitorios, 3 baños Vive con estilo y comodidad en este hermoso dúplex en Surco, diseñado...",https://www.laencontre.com.pe/inmueble/5325-8390-199a128-1129c76704b2-767c,laencontre
16683,0,76000,0,"Departamento en Avenida Primero De Mayo, Conjunto Residencial Los Parques De Villa El Salvador Etapa I, Villa El Salvador, Lima, 15842, Per","Villa El Salvador, Lima",62.25,3,1,0,¡Múdate a este hermoso departamento con cochera en condominio cerrado y a un paso del Megaplaza 2 en Villa el Salvador! ...,https://www.laencontre.com.pe/inmueble/cbc8-8155-19c8110-d4d294e6f133-76de,laencontre
16684,0,210870,0,"Departamento en Calle Enrique Villanueva, Surco, Perú","Santiago de Surco, Lima",110.95,3,4,0,"¡Vive en zona límite con Chacarilla y disfruta de una bella vista al parque! ¡Departamento, cochera y depósito a un increíble...",https://www.laencontre.com.pe/inmueble/7391-8fe7-197133c-3fb1e7379a0b-72a8,laencontre
16685,0,129013,0,"Departamento en Calle José Manuel Ugarteche 293-351, Magdalena Vieja, Lima, 15084, Per","Pueblo Libre, Lima",64.07,3,2,0,"Tu nuevo hogar te espera en Pueblo Libre, una de las zonas más céntricas y con mayor proyección de Lima. Este espacio moderno...",https://www.laencontre.com.pe/inmueble/cb8e-92ac-39f6d9c1-d9c29dc66ca9-43fe,laencontre
16686,0,320000,0,"Departamento en Jirón Enrique León García, Santiago De Surco, Perú","Santiago de Surco, Lima",225.27,3,3,0,"VENDO ÚLTIMO DÚPLEX DE ESTRENO EN EDIFICIO TERMINADO – URB. CHAMA, SURCO 3 DORM. (MODIFICABLE A 5) + COCHERA + DEPÓSITO ...",https://www.laencontre.com.pe/inmueble/e470-94f2-1935b60-983ed94ace8c-807c,laencontre
16687,0,64655,0,"Departamento en Urb Los Viñedos Etapa 1, Comas, Perú","Comas, Lima",78,3,2,0,Departamento en venta en Comas a S/210 00 🔥 ¡EL DEPA QUE TU FAMILIA SOÑABA! 78 m 2 + COCHERA ¡Oportunidad única en Comas...,https://www.laencontre.com.pe/inmueble/cf22-a961-19c90e1-1c64c3b6a319-77d6,laencontre
16688,0,243500,0,"Departamento en Santiago De Surco, Lima","Santiago de Surco, Lima",81,3,3,0,"ESPECTACULAR DEPARTAMENTO EN ESTRENO EN MONTERRICO SURCO. AMPLIO DEPARTAMENTO DE 81 M2, MUY BIEN DISTRIBUIDOS, CUENTA CON...",https://www.laencontre.com.pe/inmueble/1d52-9f7a-19d0d7d-852268fbccf3-72a1,laencontre
16689,0,108900,0,"Departamento en San Borja, Lima","San Borja, Lima",38,1,1,0,"Ubicado en el vibrante barrio de Santa Beatriz, Lima, este departamento, ofrece una oportunidad única para quienes buscan...",https://www.laencontre.com.pe/inmueble/5a9d-a58d-19c91e4-a81dd7af307f-7983,laencontre
16690,0,170000,0,"Departamento en Jr. Jose M. Barrionuevo 152, Chorrillos, Perú","Chorrillos, Lima",123,3,3,0,Venta de Departamento de Estreno Frente Al Mar VENTA DE DEPARTAMENTOS DE ESTRENO FRENTE AL MAR EN CHORRILLOS. Últimos departamentos...,https://www.laencontre.com.pe/inmueble/4fca-b3b7-19cc3c6-86a5c60fa67f-77ab,laencontre
16691,0,139717,0,"Departamento en Avenida Mariscal Caceres, Surquillo, Perú","Miraflores, Lima",60,3,2,0,"🏢 ¡Estrena tu nuevo departamento en Surquillo! Un hermoso flat de 60.05 m² en un edificio moderno de 18 pisos, con solo ...",https://www.laencontre.com.pe/inmueble/d692-a7d2-198646d-f9bac1e0f195-72ee,laencontre
16692,0,408267,0,"Departamento en Miraflores, Lima","Miraflores, Lima",56,3,4,0,"Está ubicado en una de las mejores zonas de Miraflores, con múltiples servicios a la vuelta de la esquina. Supermercados,...",https://www.laencontre.com.pe/inmueble/dbdc-b14a-4237b41f-bead7c531632-45a5,laencontre
16693,0,139000,0,"Departamento en Av. Brasil 271, Cercado De Lima, Perú","Cercado de Lima, Lima",112.82,3,2,0,"COP122401 🏡✨AMPLIO DEPARTAMENTO EN VENTA MUY BIEN UBICADO EN EL CERCADO DE LIMA 🏡✨ Precio de venta: US $139,000 Ubicado...",https://www.laencontre.com.pe/inmueble/120c-ae2a-193e043-35ccf380ca1a-72b2,laencontre
16694,0,202200,0,"Departamento en Av. Mariátegui, Jesús María, Perú","Jesus Maria, Lima",116,2,3,0,Moderno edificio con entrega inmediata ubicado en el centro de Jesús María hermosos DEPAS con balcón vista a la Calle Amplias...,https://www.laencontre.com.pe/inmueble/e2aa-a289-19cd6b5-5f247d145198-76df,laencontre
16695,0,523000,0,"Departamento en Valle Hermoso Oeste, Santiago De Surco, Perú","Santiago de Surco, Lima",412.31,3,4,0,"DESCRIPCIÓN: - Primera Planta: - Sala Comedor amplia, techo alto con dicroicos, mamparas , balcón, bar empotrado con espejos...",https://www.laencontre.com.pe/inmueble/764a-b15e-193a561-d0662272e97a-73c3,laencontre
16696,0,160000,0,"Departamento en Magdalena Del Mar, Lima","Magdalena del Mar, Lima",109,2,2,0,Vendo departamento en Magdalena Calle BacaFlor A un paso de la Av el ejército Primer piso Vista a calle 109 mts2 11 años...,https://www.laencontre.com.pe/inmueble/cc22-bc66-19d665f-6a2d4a12989b-790b,laencontre
16697,0,278491,0,"Departamento en Calle José Gabriel Chariarse 885, Miraflores, Perú","Miraflores, Lima",116,3,4,0,"Se vende amplio y moderno departamento ubicado en Calle José Gabriel Chariarse N° 885, en el distrito de Miraflores. Con ...",https://www.laencontre.com.pe/inmueble/e11d-981e-19c91db-68902b5c2e12-7206,laencontre
16698,0,240528,0,"Departamento en José Del Llano Zapata, Miraflores, Perú","Santa Cruz, Miraflores, Lima",80.65,1,2,0,"GVL042504 Tu nuevo Penthouse en Miraflores, límite con San Isidro, con el entorno más lindo y arquitectura única Cerca ...",https://www.laencontre.com.pe/inmueble/a938-9ade-19621f6-2a25ab73cc8f-7b28,laencontre
16699,0,109600,0,"Departamento en Magdalena Del Mar, Lima","Magdalena del Mar, Lima",69,0,1,0,"OCASION VENTA DE DEPARTAMENTO EN MAGDALENA ÁREA TOTAL : 69 M2 2Dormitorios, 1 Baños completos  Cocina cerrada Patio interno...",https://www.laencontre.com.pe/inmueble/75bc-8721-19d89f2-5891dcdcd988-7550,laencontre
16700,0,252866,0,"Departamento en El Olivar, Lima","El Olivar, San Isidro, Lima",104.49,3,2,0,"EL PRIVILEGIO DE SAN ISIDRO: Estilo, Altura y Exclusividad en Javier Prado | SIN ALCABALA  Redefina su éxito. Asegure su...",https://www.laencontre.com.pe/inmueble/da63-a5f6-19d8915-dcefc547d917-7c2d,laencontre
16701,0,50419,0,"Departamento en Mirador Del Golf | Los Portales Depas, Alameda Ñaña, Lurigancho-chosica, Perú","Chosica, Lima",59.59,3,2,0,🎯🎯VENTA DEPARTAMENTO EN EL CONDOMINIO MIRADOR DEL GOLF 1ERA ETAPA - ÑAÑA - LURIGANCHO CHOSICA🌞🌳 Excelente Oportunidad...,https://www.laencontre.com.pe/inmueble/e60d-bca5-1988b3a-b22a598c9686-737a,laencontre
16702,0,115963,0,"Departamento en Pueblo Libre, Lima","Pueblo Libre, Lima",63,2,2,0,"Venta dúplex estreno Pueblo Libre, tiene Centro Comercial Plaza San Miguel, restaurantes, entidades bancarias, colegios, ...",https://www.laencontre.com.pe/inmueble/b284-a959-19982c9-643705226e0d-74b1,laencontre
16703,0,224809,0,"Departamento en San Borja, Lima","San Borja, Lima",89,3,2,0,"Vendo departamento San Borja, el cual es privilegiado por la zona y por su ubicación: vivir en Parque Sur es conectarse directamente...",https://www.laencontre.com.pe/inmueble/b8c7-bd9f-1994f57-33f9aa356940-7630,laencontre
16704,0,158826,0,"Departamento en San Borja, Lima","San Borja, Lima",59,2,2,0,"Venta departamento San Borja, el cual es privilegiado por la zona y por su ubicación: vivir en Parque Sur es conectarse directamente...",https://www.laencontre.com.pe/inmueble/40c5-94c4-1994f00-32ef80a50801-71bb,laencontre
16705,0,114184,0,"Departamento en San Miguel, Lima 15087, Perú","Maranga, San Miguel, Lima",62,2,2,0,"Venta departamento San Miguel, también está a unos minutos del famoso y conocido Centro Comercial Plaza San Miguel, colegios...",https://www.laencontre.com.pe/inmueble/4ce1-b6e9-190e749-c2b4f098d41b-73c5,laencontre
16706,0,120000,0,"Departamento en Jirón Tarapacá 106, Magdalena Del Mar, Lima, 15086, Per","Magdalena del Mar, Lima",81.71,3,2,0,¡Listo para mudarte! Este departamento de 82 m² totalmente remodelado (todo nuevo) se encuentra en una excelente zona de ...,https://www.laencontre.com.pe/inmueble/4068-b08d-3123ea1a-b732d74e8b93-4092,laencontre
16707,0,648189,0,"Departamento en Calle Francisco De Paula Ugarriza, Miraflores, Perú","Miraflores, Lima",277,3,4,0,"Está ubicado en una de las mejores zonas de Miraflores, con múltiples servicios a la vuelta de la esquina. Supermercados,...",https://www.laencontre.com.pe/inmueble/a899-a8ef-771c1e1e-18a7439d7e45-4a1f,laencontre
16708,0,219000,0,"Departamento en Avenida Manuel Gonzales Prada 450, Magdalena Del Mar, Lima, 15076, Per","Magdalena del Mar, Lima",123.72,3,2,0,"Hermoso triplex en Av. Parque Gonzales Prada, Magdalena del Mar, a una cuadra de Av Javier Prado Oeste, zona muy tranquila...",https://www.laencontre.com.pe/inmueble/d408-91f7-c1b8e04e-df3bbd620e24-4398,laencontre
16709,0,59900,0,"Departamento en Dnc - Comas, Avenida Víctor Andrés Belaunde Oeste 130, Urbanización Huaquillay Etapa Ii, Comas, Lima, 15312, Per","Comas, Lima",61,3,1,0,"¡GRAN OPORTUNIDAD EN COMAS! CONDOMINIO MOLLES VENTA de Dpto – 60.10 m² | 3 Dorm. | $ 59,900 Lo que te encantará: ...",https://www.laencontre.com.pe/inmueble/2cc4-aee6-a9ffeaa6-c1adf652364b-46a2,laencontre
16710,0,180000,0,"Departamento en Jirón Puerto Etén 190, Conjunto Residencial Los Tallanes, Santiago De Surco, Lima, 15048, Per","Santiago de Surco, Lima",148.9,4,2,0,"TRIPLEX EN VENTA EN RESIDENCIAL MANUEL SCORZA Bonito triplex en cuarto piso, quinto y sexto piso ubicado en Block E Dpto...",https://www.laencontre.com.pe/inmueble/932f-858f-3c53ccbd-eb1c727f845e-4f2d,laencontre
16711,0,64000,0,"Departamento en Calle Narciso De La Carolina 931, Surquillo, Lima, 15047, Per","Surquillo, Lima",32.6,1,1,0,MINI DEPARTAMENTO EN VENTA EN UBICACION ESTRATEGICA 📐 𝘼́𝙧𝙚𝙖 𝙤𝙘𝙪𝙥𝙖𝙙𝙖: 32.60 𝙢² | 🛏 1 𝙙𝙤𝙧𝙢𝙞𝙩𝙤𝙧𝙞𝙤...,https://www.laencontre.com.pe/inmueble/75c9-82dd-339eff02-1b46092e7a-4a2d,laencontre
16712,0,63765,0,"Departamento en Jiron Manuel Gonzales Prada, Urbanización El Retablo Etapa Iv, Comas, Lima, 15314, Per","Comas, Lima",61.02,3,1,0,"🏡 ¡Tu Nuevo Hogar listo para ti! 🌟 Hermoso Departamento en Venta en Condominio ""villa los molles"" – Comas ✨Características...",https://www.laencontre.com.pe/inmueble/751a-8b6c-1108842f-a38ef2c56a22-4d16,laencontre
16714,0,301000,0,"Departamento en Salamanca De Monterrico, Lima","Salamanca De Monterrico, Ate, Lima",142.29,3,3,0,"Últimas 3 oportunidades en Surco En una de las zonas más tranquilas, segura y mejor ubicadas de Surco, en Calle Unión, se...",https://www.laencontre.com.pe/inmueble/c1dd-93c8-19c98d5-38a32ade033b-7d5d,laencontre
16715,0,160000,0,"Departamento en Santiago De Surco, Lima","Santiago de Surco, Lima",100,3,2,0,"🏡 ¡Tu nuevo hogar en Surco te espera! ✨ Elegancia, comodidad y ubicación estratégica cerca a todo🌿 Urb. San Ignacio de ...",https://www.laencontre.com.pe/inmueble/edef-b98d-17bfbf18-d7ac8d92d69b-4f62,laencontre
16716,0,234300,0,"Departamento en 26 108807 Jr Tomasal Surco, Jirón Tomasal, Surco, Perú","Santiago de Surco, Lima",100,2,3,0,"JHC112502 ¡Últimos 4 departamentos disponibles! Venta de departamentos en Jr. Tomasal, Surco 📍 Ubicación estratégica y ...",https://www.laencontre.com.pe/inmueble/f6e4-b247-19a84f2-ef3ea2b54713-74c2,laencontre
16717,0,145000,0,"Departamento en Santiago De Surco, Lima","Santiago de Surco, Lima",136,3,3,0,Bonito y cómodo departamento en un tercer piso sin ascensor. Frente a parque y a una cuadra de la vía expresa. Rápidas salidas...,https://www.laencontre.com.pe/inmueble/15aa-89d5-19bc30a-ad7228060bb5-72f4,laencontre
16718,0,298000,0,"Departamento en Santiago De Surco, Lima","Santiago de Surco, Lima",148.2,2,3,0,¿Te imaginas vivir en un lugar donde cada rincón está diseñado para ofrecerte comodidad y estilo? Tenemos un exclusivo departamento...,https://www.laencontre.com.pe/inmueble/b7e6-9c4d-1956db2-eefec1c06430-7400,laencontre
16719,0,360000,0,"Departamento en San Borja, Lima","San Borja, Lima",140,3,3,0,"EXCELENTE DEPARTAMENTO CON VISTA AL PENTAGONITO, LISTO PARA HABITAR EN SAN BORJA. UBICADO A LA ALTURA DE LA CUADRA 17 DE ...",https://www.laencontre.com.pe/inmueble/885-90c0-1916bfc-3d850ad32108-76eb,laencontre
16720,0,137000,0,"Departamento en Av. Las Magnolias 855, El Agustino, Perú","El Agustino, Lima",130,4,3,0,🏢 𝐃𝐄𝐏𝐀𝐑𝐓𝐀𝐌𝐄𝐍𝐓𝐎 𝐄𝐍 𝐕𝐄𝐍𝐓𝐀 en 𝐄𝐋 𝐀𝐆𝐔𝐒𝐓𝐈𝐍𝐎 Av Las Magnolias Cdra 8 - El Agustino 𝘗𝘳𝘦𝘤𝘪𝘰 ...,https://www.laencontre.com.pe/inmueble/51bd-982b-19aeca1-2b2d71ec4ee8-75d0,laencontre
16721,0,260000,0,"Departamento en Calle Ciro Alegría 375, Miraflores, Perú","Miraflores, Lima",100,3,2,0,Lindos Departamentos con Entrega Diciembre 2026 VIVE EL LUJO DE PRIMERA MANO. Edificio de sólo 6 pisos + azotea: 11 departamentos...,https://www.laencontre.com.pe/inmueble/9ca4-b104-19bb617-ee9e0c14edfe-74d7,laencontre
16722,0,199000,0,"Departamento en Calle General Suárez 1136, Miraflores, Lima, 15046, Per","Miraflores, Lima",107,3,3,0,"✨ Amplio departamento en venta en Miraflores – 107 m² ✨ Si buscas comodidad, buena distribución y una ubicación privilegiada...",https://www.laencontre.com.pe/inmueble/3b13-ac54-815c77b5-8d00de54d3a9-4603,laencontre
16723,0,175000,0,"Departamento en Jirón Loma Umbrosa 157-157, Urbanización Prolongación Benavides Etapa I, Santiago De Surco, Lima, 15039, Per","Santiago de Surco, Lima",124.64,4,2,0,SE VENDE DEPARTAMENTO EN PISO 4 MÁS ESTACIONAMIENTO - SURCO Zona muy tranquila y rodeado de varias áreas verdes Av....,https://www.laencontre.com.pe/inmueble/89ad-aaca-5ac812b3-3e5bc6b8ffed-4eda,laencontre
16724,0,114000,0,"Departamento en Santiago De Surco, Lima","Santiago de Surco, Lima",74,3,2,0,¡Vive donde el mar te saluda cada mañana! En Surco Viejo! A solo 5 min de la Vía Expresa Paseo de la República 2 y la Plaza...,https://www.laencontre.com.pe/inmueble/7ba7-9a6f-19b958c-a41c71872c-7b80,laencontre
16725,0,290000,0,"Departamento en Jr. Carlos Alayza Y Roel 2326, Lima, Perú","Lobatón, Lince, Lima",184,4,2,0,"🏡 Vive en el corazón de Lince 🏡 Segundo y tercer piso en venta, en excelente estado y listo para mudarte. ✔ 4 habitaciones...",https://www.laencontre.com.pe/inmueble/d0f8-bc27-1993579-cff1b79aab4a-72f9,laencontre
16726,0,91080,0,"Departamento en Av. De Los Patriotas, Lima, Perú","Maranga, San Miguel, Lima",61.2,1,1,0,"KAV062502 Descubre un proyecto moderno y sostenible, diseñado para ofrecerte la calidad de vida que mereces mientras cuidas...",https://www.laencontre.com.pe/inmueble/e9e1-8dda-1976ae4-e41c12a2dd41-75e1,laencontre
16727,0,156725,0,"Departamento en Barranco, Perú","Barranco, Lima",55,2,2,0,"TMT052504 ¡DE ESTRENO! 🎉 VEN A DISFRUTAR EL ESTILO DE VIDA DE BARRANCO Donde el encanto, el arte, y la tradición, se encuentran...",https://www.laencontre.com.pe/inmueble/e5f4-a11f-196d668-795f4cbf657c-74d4,laencontre
16728,0,157273,0,"Departamento en Barranco, Perú","Barranco, Lima",53,2,2,0,"TMT052503 ¡DE ESTRENO! 🎉 VEN A DISFRUTAR EL ESTILO DE VIDA DE BARRANCO Donde el encanto, el arte, y la tradición, se encuentran...",https://www.laencontre.com.pe/inmueble/ce75-a11f-196d662-72767bfd5258-74d4,laencontre
16729,0,150302,0,"Departamento en Barranco, Perú","Barranco, Lima",52,2,2,0,"TMT052502 ¡DE ESTRENO! 🎉 VEN A DISFRUTAR EL ESTILO DE VIDA DE BARRANCO Donde el encanto, el arte, y la tradición, se ...",https://www.laencontre.com.pe/inmueble/294f-a11f-196d65e-6abadab5a59f-74d4,laencontre
16730,0,106000,0,"Departamento en Magdalena Del Mar, Lima","Magdalena del Mar, Lima",45,1,1,0,"Hermoso departamento de estreno, en espectacular edificio de 20 pisos, en Magdalena. El departamento, cuenta con 45 m2, ...",https://www.laencontre.com.pe/inmueble/4cb5-8ee6-19cc63f-e1c794ac2d1c-7754,laencontre
16731,0,97500,0,"Departamento en Magdalena Del Mar, Lima","Magdalena del Mar, Lima",42,1,1,0,"Hermoso departamento de estreno, en espectacular edificio de 20 pisos, en Magdalena. El departamento, cuenta con 42 m2, ...",https://www.laencontre.com.pe/inmueble/17f6-8f8f-19cc63f-149ce9bb816b-7203,laencontre
16732,0,122500,0,"Departamento en Corpac, Lima","Corpac, San Isidro, Lima",55,2,2,0,"Hermoso departamento de estreno, en espectacular edificio de 33 pisos, en plena Av. Javier Prado Este. El departamento, ...",https://www.laencontre.com.pe/inmueble/a999-ad0a-19cc563-f0279d0eb3b-7333,laencontre
16733,0,141470,0,"Departamento en Chorrillos, Lima","Chorrillos, Lima",67.25,3,2,0,Nuestro departamento en Chorrillos te espera Contáctate al **9*8*9*3*1*0*1*5*0** Se vende departamento de 67.25m2 en la...,https://www.laencontre.com.pe/inmueble/1fd7-8537-19c2c9d-848098fdefee-7a69,laencontre
16734,0,120738,0,"Departamento en Av. De Los Patriotas, San Miguel, Perú","Maranga, San Miguel, Lima",64,2,2,0,"Edificio de Estreno de 11 pisos No paga Alcabala ENTREGA INMEDIATA Cerca a Plaza San Miguel, al parque de las leyendas. cerca...",https://www.laencontre.com.pe/inmueble/b5df-9dba-19c67e6-d59c36dfcd35-731e,laencontre
16735,0,77000,0,"Departamento en Comas, Lima","Comas, Lima",75,3,2,0,"SE VENDE DEPARTAMENTO EN CONDOMINIO LAS MAGNOLIAS, 3 HABITACIONES, 73 M2.Se encuentra en una zona tranquila, rodeado de parques...",https://www.laencontre.com.pe/inmueble/c614-8158-19c07b4-1f1dff6c8e7f-7429,laencontre
16736,0,130370,0,"Departamento en Avenida Canaval Y Moreyra, San Isidro, Perú","Corpac, San Isidro, Lima",46,1,1,0,PEZ062304 🔸🎉 Invierte en San Isidro Moderno y Lujoso Proyecto Balthazar Zona de Airbnb con mayor demanda que atrae a viajeros...,https://www.laencontre.com.pe/inmueble/ceb7-8fe8-783419e-f408485c3306-450a,laencontre
16737,0,60000,0,"Departamento en Punta Negra, Lima","Punta Negra, Lima",120,2,2,0,"VENTA DEPARTAMENTO DE PLAYA SEGUNDO PISO VISTA AL MAR CONDOMINIO ASOCIACION DE VIVIENDA JUVENTUD EL BOSQUE PUNTA NEGRA, ALTURA...",https://www.laencontre.com.pe/inmueble/e2d5-973d-197572f-d20e3c2830b6-7b2d,laencontre
16738,0,140000,0,"Departamento en Calle Jorge Buckley 172-316, Miraflores, Lima, 15048, Per","Miraflores, Lima",42,1,1,0,BAJO DE PRECIO VENDO HERMOSO DEPARTAMENTO 01 DOR. EN MIRAFLORES Ubicado Av. Benavides Cdra 11 xx Miraflores Tu nuevo hogar...,https://www.laencontre.com.pe/inmueble/a6b9-bdc1-192c494-7deaeaa42a66-72b1,laencontre
16739,0,600000,0,"Departamento en La Molina, Lima","La Molina, Lima",325,3,5,0,"ESPECTACULAR DEPARTAMENTO EN LOS CERROS DE CAMACHO, ES TIPO UNA CASA, CON ENTRADA INDEPENDIENTE. ESTE AMPLIO DEPARTAMENTO...",https://www.laencontre.com.pe/inmueble/6da-9d3b-19d89f2-99b18f75134a-7f55,laencontre
16740,0,111111,0,"Departamento en Magdalena Del Mar, Lima","Magdalena del Mar, Lima",54,2,2,0,"Hermoso departamento de estreno, en espectacular condominio en San Miguel. El departamento, cuenta con 54 m2, con dos dormitorios...",https://www.laencontre.com.pe/inmueble/485b-a9ef-19cc565-6d2b23de4e06-7cda,laencontre
16741,0,109735,0,"Departamento en Cercado De Lima, Lima","Cercado de Lima, Lima",62,3,2,0,"Venta de Departamento Moderno 3 Dormitorios + Cochera | La Campiña en Chorrillos ✨ Si buscas un departamento moderno, con...",https://www.laencontre.com.pe/inmueble/719-9288-19d1c57-f8a5ed80857c-7313,laencontre
16742,0,79770,0,"Departamento en Pueblo Libre, Lima","Pueblo Libre, Lima",49,1,2,0,"Venta departamentos en Pueblo Libre, tiene Centro Comercial Plaza San Miguel, restaurantes, entidades bancarias, colegios...",https://www.laencontre.com.pe/inmueble/2f39-8a83-1994f9a-f7545cefb747-74a2,laencontre
16743,0,388000,0,"Departamento en Corpac, Lima","Corpac, San Isidro, Lima",163,3,3,0,"Venta de Departamento Flat en San Isidro – Gran Oportunidad Moderno flat de 163 m², edificio de 7 pisos con solo 12 departamentos...",https://www.laencontre.com.pe/inmueble/aa5b-ac95-19d0331-661a7fe67a0b-7564,laencontre
16744,0,178000,0,"Departamento en Surquillo, Lima","Surquillo, Lima",101,3,2,0,"Departamento en venta en Surquillo – Zona tranquila Amplio departamento de 101 m², ubicado en una zona residencial y tranquila...",https://www.laencontre.com.pe/inmueble/9a53-a5fa-19d0330-e9f5e0ab4d79-79cb,laencontre
16745,0,94000,0,"Departamento en Carlyle & Emiliano Zapata, Surquillo, Perú","Surquillo, Lima",52.35,1,1,0,🏡 Departamentos de Estreno en La Calera de La Merced – Surquillo Ubicación: Cruce de las calles Carlyle y Emiliano Zapata...,https://www.laencontre.com.pe/inmueble/4aa0-a80e-1937983-95f93373f3c4-7a24,laencontre
16746,0,145000,0,"Departamento en Avenida Surco 318, Urbanización La Virreina, Santiago De Surco, Lima, 15049, Per","Santiago de Surco, Lima",96.89,4,3,0,"VENTA DEPARTAMENTO EN SURCO CUADRA 3, AMPLIO, VENTILADO E ILUMINADO, EXCELENTE UBICACION EN UN 5TO PISO A $145,000 USD, ...",https://www.laencontre.com.pe/inmueble/3b3f-a143-d38b9cb9-aa55a29d7b8b-4ab5,laencontre
16747,0,210000,0,"Departamento en Miraflores, Perú","Miraflores, Lima",86.98,2,2,0,"🏡 Hermoso Departamento en Venta – Miraflores 📍 Excelente ubicación, comodidad y tranquilidad 💰 Precio: S/ 700,350 | ...",https://www.laencontre.com.pe/inmueble/a67c-bd11-19cc566-30d24c79e474-7860,laencontre
16748,0,95000,0,"Departamento en Amapola 2, Surquillo, Lima Province, Perú","Surquillo, Lima",72,2,2,0,CARACTERISTICAS: - AREA TOTAL: 72M2 - AREA TECHADA 50.79M2 - MANTENIMIENTO: 120 SOLES - 17 AÑOS DE ANTIGUEDAD REMODELADO...,https://www.laencontre.com.pe/inmueble/f7db-bb89-19c5d80-29611ba156a6-780b,laencontre
16749,0,129000,0,"Departamento en Pueblo Libre, Lima","Pueblo Libre, Lima",84.55,3,2,0,"¡Departamento en venta con espectacular vista! Ubicado en el piso 20 de un moderno edificio en Pueblo Libre, este departamento...",https://www.laencontre.com.pe/inmueble/330c-9961-19c6eb4-81ca8f132d6a-7b2c,laencontre
16750,0,97500,0,"Departamento en Urbanización Elio, Juan Olaechea Arnao, Lima, Perú","Cercado de Lima, Lima",100,3,2,0,SE VENDE DEPARTAMENTO DE 3 DORMITORIOS EN 2do PISO (edificio de 3 pisos) Área: 100m² Consultas y visitas: 9.8.0.1.4.9.1--...,https://www.laencontre.com.pe/inmueble/8d81-80b8-19cb7b6-8c88d079de80-7b19,laencontre
16751,0,116319,0,"Departamento en Av. La Paz, San Miguel, Perú","Maranga, San Miguel, Lima",69,3,2,0,"¡Estrena tu departamento cerca del mar en San Miguel! Edificio multifamiliar de 16 pisos, consta de dos torres, de 1, 2 ...",https://www.laencontre.com.pe/inmueble/738-9ea7-19d708e-47109d43f8b-76e4,laencontre
16752,0,274038,0,"Departamento en Santa Cruz, Lima","Santa Cruz, Miraflores, Lima",136.09,3,2,0,"¡Vive en el corazón de Miraflores con estilo, amplitud y una ubicación privilegiada! Este espectacular departamento combina...",https://www.laencontre.com.pe/inmueble/cb4f-b22e-19d1dcb-acc64f0ddffd-7bea,laencontre
16753,0,250000,0,"Departamento en Calle Castilla La Vieja, Surco, Perú","Santiago de Surco, Lima",189,3,3,0,"Se vende amplio y cómodo departamento de 189 m², ubicado en primer piso elevado con ascensor, con hermosa vista a parque,...",https://www.laencontre.com.pe/inmueble/22d3-a35a-19cde43-a9968d1126a-7803,laencontre
16754,0,270000,0,"Departamento en Santiago De Surco, Lima","Santiago de Surco, Lima",161.41,3,3,0,"Tu próximo hogar te espera, rodeado de parques y con vigilancia las 24/7, vive en VALLE HERMOSO, SURCO. Espacios amplios,...",https://www.laencontre.com.pe/inmueble/3740-bfe3-19c06c8-6b8b85cbbac7-787e,laencontre
16755,0,125000,0,"Departamento en Avenida Arnaldo Márquez, Jesús María, Perú","Jesus Maria, Lima",77,3,2,0,"✨ Lindo y funcional departamento en Jesús María – Arnaldo Márquez Se vende acogedor departamento de 77 m², con una distribución...",https://www.laencontre.com.pe/inmueble/bcdd-9613-19cd900-58a2df3cbd0b-7545,laencontre
16756,0,130496,0,"Departamento en San Miguel, Lima","San Miguel, Lima",63.78,3,2,0,NUESTRO PROYECTO CARMENCA TE ESPERA... Comunícate con Jorly Hernández *9*8*9*3*1*0*1*5*0* Ubicado en la cuadra 1 de Calle...,https://www.laencontre.com.pe/inmueble/618c-a718-19bc30d-76f033d217bc-70f2,laencontre
16757,0,120000,0,"Departamento en Jesus Maria, Lima","Jesus Maria, Lima",66,2,2,0,"Venta departamento en JESUS MARIA, el mismo que se encuentra en el tercer piso de un edifico de 4 pisos, no cuenta con ascensor...",https://www.laencontre.com.pe/inmueble/fc6f-ad35-196a7d7-95c1f079819d-7f74,laencontre
16758,0,175000,0,"Departamento en Avenida Monterrico Sur 140, Surco, Perú","Santiago de Surco, Lima",107,4,3,0,"Venta de departamento en extraordinaria zona de Surco ( 107m2 ) Ubicado en la Av. Monterrico Sur primera cuadra, dentro de...",https://www.laencontre.com.pe/inmueble/38c6-a52f-19cb072-7db8f7ef0ee5-7e4f,laencontre
16759,0,56350,0,"Departamento en Villa Los Molles Prolongación Belaunde 1220, Avenida Victor Andrés Belaunde, Comas, Perú","Comas, Lima",60,3,1,0,"📍 Ubicación privilegiada Vive en una de las mejores zonas de Comas, con todo lo que necesitas cerca: 🎓 Universidad Privada...",https://www.laencontre.com.pe/inmueble/aa9b-af0b-19d0232-64f7702394b0-71cb,laencontre
16760,0,129000,0,"Departamento en Carlyle 132, Surquillo, Perú","Surquillo, Lima",69.8,2,2,0,🏡 Departamentos de Estreno en La Calera de La Merced – Surquillo Ubicación: Cruce de las calles Carlyle y Emiliano Zapata...,https://www.laencontre.com.pe/inmueble/71da-a80e-193799c-a3d6b0f1f601-7a24,laencontre
16761,0,104000,0,"Departamento en Josefina Ramos De Cox No 187, San Miguel, Perú","San Miguel, Lima",68.54,2,2,0,"Área: 68.54 m2 Sala Comedor 02 Dormitorios con closets 02 Baños Cocina amoblada, reposteros altos y bajos, campana extractora...",https://www.laencontre.com.pe/inmueble/4fff-b517-1980fce-55c937a8bca6-716a,laencontre
16762,0,226500,0,"Departamento en El Olivar, Lima","El Olivar, San Isidro, Lima",80,2,2,0,Departamento en desarrollo en una calle de Miraflores límite San Isidro muy privilegiada por tener conectividad y rápido ...,https://www.laencontre.com.pe/inmueble/cf2e-a3d8-1946cef-64c82cec8967-752d,laencontre
16763,0,443000,0,"Departamento en Santa Cruz, Lima","Santa Cruz, Miraflores, Lima",183,2,2,0,Departamento en desarrollo en una calle de Miraflores límite San Isidro muy privilegiada por tener conectividad y rápido ...,https://www.laencontre.com.pe/inmueble/c58f-b1a3-19462a2-26f0b09f3470-7a36,laencontre
16764,0,247300,0,"Departamento en Maranga, Lima","Maranga, San Miguel, Lima",142,4,4,0,"En Venta dptos. de estreno en San Miguel, NO PAGA ALCABALA, con los mejores acabados que tendrás y detallaremos a continuación...",https://www.laencontre.com.pe/inmueble/69f5-84f3-19955f0-deb0eaee6dc3-7ea8,laencontre
16765,0,275000,0,"Departamento en Calle Los Apaches, Santiago De Surco, Perú","Santiago de Surco, Lima",131,3,3,0,"VENDO flat en condominio con un area de 131m2 consta de balcon, sala-comedor, medio baño de visita, cocina equipada con mesa...",https://www.laencontre.com.pe/inmueble/e83d-bb43-19d4ab7-1f2bdfb7e8fd-7472,laencontre
16766,0,117800,0,"Departamento en Calle Isla San Martín, Chorrillos, Lima, 15067, Per","Chorrillos, Lima",112.1,4,3,0,"⭐ EN VENTA – Departamento frente al Parque Trinidad Ubicado en Calle Isla San Martín 278 – Urb. Los Cedros de Villa, Chorrillos...",https://www.laencontre.com.pe/inmueble/dcf4-8e2a-19b1137-3f018bacd21d-77e7,laencontre
16767,0,115000,0,"Departamento en Magdalena Del Mar, Lima","Magdalena del Mar, Lima",52,2,2,0,"Hermoso departamento de estreno, en espectacular edificio de 20 pisos, en Magdalena. El departamento, cuenta con 52 m2, ...",https://www.laencontre.com.pe/inmueble/2824-ba91-19cc63f-e9ed0edba353-7d0e,laencontre
16768,0,81000,0,"Departamento en Chorrillos, Lima","Chorrillos, Lima",63,3,2,0,Nuestro depa flat en Chorrillos te espera Contacto Jorly Hernandez **9*8*9*3*1*0*1*5*0** Se vende flat de 63m2 de estreno...,https://www.laencontre.com.pe/inmueble/3623-9fb2-19be3a8-af9d5454615b-7f51,laencontre
16769,0,78000,0,"Departamento en Chorrillos, Lima","Chorrillos, Lima",58,2,2,0,Nuestro depa flat en Chorrillos te espera Contacto Jorly Hernandez **9*8*9*3*1*0*1*5*0** Se vende flat de 58m2 de estreno...,https://www.laencontre.com.pe/inmueble/1137-9d97-19bc4c2-9e67e414b622-74d1,laencontre
16770,0,53384,0,"Departamento en Condominio Mirador Del Golf Primera Etapa, Lurigancho-chosica, Perú","Chosica, Lima",59.59,3,2,0,"🎯🎯Estás buscando vivir en un lugar más tranquilo, seguro y cálido todo el año, entonces este departamento ubicado en el...",https://www.laencontre.com.pe/inmueble/3f8c-b91a-199b33e-2f7ee298e3a9-7123,laencontre
16771,0,168000,0,"Departamento en Los Olivos, Lima","Los Olivos, Lima",155,3,2,0,"En su entorno tiene variedad de comercio como: entidades bancarias, hoteles, colegios, farmacias y todo lo que va a permitir...",https://www.laencontre.com.pe/inmueble/e4b2-85c7-19302ba-b2686f39417d-7e5d,laencontre
16772,0,155000,0,"Departamento en Jirón Cabo Nicolás Gutarra, Pueblo Libre, Perú","Pueblo Libre, Lima",82,3,2,0,Vendo lindo departamento completamente remodelado en bonita zona de Pueblo Libre Atributos: ubicado en cuarto piso con ascensor...,https://www.laencontre.com.pe/inmueble/7f28-9bb6-19cc3f8-ebc6a04cb425-7e73,laencontre
16773,0,180000,0,"Departamento en Jesus Maria, Lima","Jesus Maria, Lima",84,2,2,0,Este lindo dúplex está ubicado muy cerca de la Av. San Felipe y a unos minutos de la av. Salaverry. ✅ Área: 84m². ✅ Habitación...,https://www.laencontre.com.pe/inmueble/3864-9ddc-193b6a0-a4110dcd18e-7911,laencontre
16774,0,337659,0,"Departamento en Orrantia, Lima","Orrantia, San Isidro, Lima",139,3,3,0,Se ofrece en venta amplio y funcional departamento ubicado en una de las zonas más consolidadas y demandadas de San Isidro...,https://www.laencontre.com.pe/inmueble/b67c-84bc-19c360e-8802058b7963-7601,laencontre
16775,0,420000,0,"Departamento en El Olivar, Lima","El Olivar, San Isidro, Lima",135,3,2,0,VENDO DEPARTAMENTO EN EL OLIVAR SAN ISIDRO Área 135 m2 Amplia sala y comedor 3 Dormitorios 2 Baños completos 1 Baño de ...,https://www.laencontre.com.pe/inmueble/fa4e-9ad7-191c993-762f6790c163-7be3,laencontre
16776,0,360000,0,"Departamento en San Borja, Lima","San Borja, Lima",189,3,4,0,"📍Ubicación: Ubicado a una cuadra de la Folier en Chacarilla, cerca al parque Monte Umbroso ▶️Dpto. en 3er piso ( Ingreso...",https://www.laencontre.com.pe/inmueble/91a7-9bcf-19d64f0-3f148e094abf-7814,laencontre
16777,0,23874,0,"Departamento en Carabayllo, Lima","Carabayllo, Lima",43,3,1,0,"Vendo departamento de ESTRENO en urb. Santa María – Carabayllo. Aprovecha el Bono Techo Propio y accede a S/47,850 soles ...",https://www.laencontre.com.pe/inmueble/8760-a833-19d17c9-e68cd347272d-7e53,laencontre
16778,0,570000,0,"Departamento en Avenida De La Floresta 271, Urbanización Chacarilla Del Estanque, Santiago De Surco, Lima, 15038, Per","Santiago de Surco, Lima",258.1,4,4,0,"PH EXCLUSIVO REMODELADO 2020 - 258 M² TECHADOS - US$570K Av. La Floresta, Chacarilla del Estanque HERMOSO Y AMPLIO PH...",https://www.laencontre.com.pe/inmueble/e011-a5ea-91360674-a84863318431-4107,laencontre
16779,0,290000,0,"Departamento en Avenida José Gálvez Barrenechea 392, San Isidro, Lima, 15036, Per","Corpac, San Isidro, Lima",127.8,3,2,0,"✨ EXCLUSIVO DEPARTAMENTO EN VENTA – SAN ISIDRO ✨ 📍 Ubicado en una de las mejores zonas de San Isidro, este elegante departamento...",https://www.laencontre.com.pe/inmueble/4308-9612-8b4142fc-70d9ec0569b7-4169,laencontre
16780,0,120116,0,"Departamento en Calle José Manuel Ugarteche 191, Magdalena Vieja, Lima, 15084, Per","Pueblo Libre, Lima",64.07,3,2,0,"🌟🏙️ ¡Estrena tu Depa en Pueblo Libre! Entrega Inmediata + Sin Pagar Alcabala 🔑🎉 ¡Disfruta de un espacio moderno, funcional...",https://www.laencontre.com.pe/inmueble/878a-8bac-76851f08-18a89012762f-4bf9,laencontre
16781,0,115667,0,"Departamento en Calle José Manuel Ugarteche 191, Magdalena Vieja, Lima, 15084, Per","Pueblo Libre, Lima",59.78,2,2,0,"🌟🏙️ ¡Estrena tu Depa en Pueblo Libre! Entrega Inmediata + Sin Pagar Alcabala 🔑🎉 ¡Disfruta de un espacio moderno, funcional...",https://www.laencontre.com.pe/inmueble/6d46-8585-4e522f5b-90f7488ff7f1-45f0,laencontre
16782,0,182368,0,"Departamento en Calle América 262, Magdalena Vieja, Lima, 15084, Per","Pueblo Libre, Lima",83.97,3,2,0,🏡 DEPARTAMENTO DE ESTRENO EN VENTA – PUEBLO LIBRE Frente a parque | 3 dormitorios | Piso 9 | Áreas comunes Moderno...,https://www.laencontre.com.pe/inmueble/ad79-94e5-38ef7928-335ab4a94d44-40cc,laencontre
16783,0,179121,0,"Departamento en Calle América 262, Magdalena Vieja, Lima, 15084, Per","Pueblo Libre, Lima",83.97,3,2,0,🏡 FLAT DE ESTRENO EN VENTA – PUEBLO LIBRE Frente a parque | 3 dormitorios | Piso 10| Áreas comunes Moderno departamento...,https://www.laencontre.com.pe/inmueble/7bd2-ae2f-3086eb9f-9f372107d7f6-4a07,laencontre
16784,0,145325,0,"Departamento en Calle José Manuel Ugarteche 191, Magdalena Vieja, Lima, 15084, Per","Pueblo Libre, Lima",72.71,3,2,0,"Invierte en tu futuro con este increíble departamento en proyecto, ubicado en el distrito de Pueblo Libre, una de las zonas...",https://www.laencontre.com.pe/inmueble/74fa-afb8-2929d7c3-510ab5e52f18-4597,laencontre
16785,0,453000,0,"Departamento en Avenida Francisco Tudela Y Varela 241, Miraflores, Lima, 15073, Per","Santa Cruz, Miraflores, Lima",117.89,2,2,0,"Sala, comedor, sala de estar/TV, terraza, balcón. Mamparas que se abren por completo que brinda mucha iluminación natural...",https://www.laencontre.com.pe/inmueble/9360-92fd-19b01ff-cbac30b66fb8-7494,laencontre
16786,0,198900,0,"Departamento en Miraflores, Lima","Miraflores, Lima",63.4,1,1,0,Departamento en venta en proyecto en Miraflores que se caracteriza por su apertura hacia el exterior —generada por su peculiar...,https://www.laencontre.com.pe/inmueble/61fe-bfce-18fa346-774a792b2e60-7c39,laencontre
16787,0,310000,0,"Departamento en Avenida Alejandro Velasco Astete 777, Cuadra 7, Ur. Chacarilla Del Estanque, San Borja, Lima, 15037, Per","San Borja, Lima",247,3,3,0,CITAS FIORELLA 9.*8.*2.*0.*6.*3.*6.*3.*9 EN VENTA DÚPLEX SAN BORJA LÍMITE CON CHACARILLA Ubicación: Cerca a Colegio Santísimo...,https://www.laencontre.com.pe/inmueble/615745,laencontre
16788,0,60000,0,"Departamento en Jirón Manuel Cisneros 1070, La Victoria, Perú","La Victoria, Lima",54,2,1,0,"EN VENTA DPTO. 02 DORM + 1 BAÑO - NO COCHERA MATUTE-LA VICTORIA Ubicación: Jirón Manuel Cisneros 1070, La Victoria. ÁREA...",https://www.laencontre.com.pe/inmueble/e1db-aec3-adeb1dd6-5d7feab75e06-1273,laencontre
16789,0,118000,0,"Departamento en Paseo De La Republica, La Victoria, Perú","La Victoria, Lima",57,2,2,0,"VENDO DPTO EN EDIFICIO MET SANTA CATALINA LA VICTORIA Ubicación: Paseo de la Republica 21xx, La Victoria. A 5 min de Corpac...",https://www.laencontre.com.pe/inmueble/bdb2-a908-19bb7f6-44af6b5efb6f-74c5,laencontre
16790,0,290000,0,"Departamento en Avenida De La Floresta, Surco, Perú","Santiago de Surco, Lima",176.28,3,3,0,KAV042501 Departamento cerca de la Universidad de Lima!! 🏫👩🏽‍🎓 📍 Calle La Floresta 3XX|Surco 📐 AT 176.28m2 AO ...,https://www.laencontre.com.pe/inmueble/efca-90a9-195fe1a-af8d9bd82f73-7d49,laencontre
16791,0,200000,0,"Departamento en Miraflores, Lima","Miraflores, Lima",94,2,1,0,"Se vende departamentos de estreno con entrega inmediata  desde el piso 1 al piso 12 de 1, 2 y  3 dormitorios, baños completos...",https://www.laencontre.com.pe/inmueble/17bb-90cf-195884e-d2dda3cce164-70dc,laencontre
16792,0,110000,0,"Departamento en Jirón Pucalá 238, San Miguel, Perú","Maranga, San Miguel, Lima",88,3,2,0,"Departamento luminoso y acogedor en tercer piso de un edificio seguro y tranquilo Urb. Maranga, San Miguel. Calle Pucala ...",https://www.laencontre.com.pe/inmueble/21c9-8b66-19d2abc-7af848473566-7213,laencontre
16793,0,90000,0,"Departamento en Villa El Salvador, Lima","Villa El Salvador, Lima",115,3,2,0,"Descubra este amplio departamento de 115 m² en el corazón de Villa el Salvador, Lima. Con 22 años de antigüedad, este inmueble...",https://www.laencontre.com.pe/inmueble/edc3-8910-19c360d-590762a644d8-79a4,laencontre
16794,0,210892,0,"Departamento en Jr. Trujillo, Magdalena Del Mar, Perú","Magdalena del Mar, Lima",95,3,2,0,HERMOSOS DEPAS EN CONSTRUCCIÓN ENTREGA FEBRERO 2027 CON ACABAMOS QUE ESPERABAS CON BALCON VISTA A LA CALLE .INSTALACIÓN A...,https://www.laencontre.com.pe/inmueble/d9ea-aabe-19d5f86-3e255675e0aa-72fa,laencontre
16795,0,190000,0,"Departamento en Avenida Williams, Surquillo, Perú","Surquillo, Lima",98,2,3,0,Moderno edificio en construcción con entrega inmediata ubicado en la Calera de la merced Surquillo hermosos DEPAS con balcón...,https://www.laencontre.com.pe/inmueble/3635-bb23-19cdba0-c48758573152-78d5,laencontre
16796,0,228000,0,"Departamento en Avenida Williams, Surquillo, Perú","Surquillo, Lima",130,3,3,0,Moderno edificio en construcción con entrega inmediata ubicado en la Calera de la merced Surquillo hermosos DEPAS con balcón...,https://www.laencontre.com.pe/inmueble/4975-8cfe-19cd6bf-69fb09539577-76d2,laencontre
16797,0,118000,0,"Departamento en Chorrillos, Lima","Chorrillos, Lima",90,3,2,0,"Descubre este acogedor e impecable departamento en venta ubicado en el tercer piso del Condominio Las Torres, situado en ...",https://www.laencontre.com.pe/inmueble/255b-b2b4-19d1cf0-2d5ecf4d4e9b-7e1d,laencontre
16798,0,175000,0,"Departamento en Las Violetas, San Luis, Lima, Perú","San Luis, Lima",125,3,3,0,VENTA DE DEPARTAMENTO TRIPLEX 125m2 - 3D- CALLE LAS VIOLETAS – SAN LUIS Ubicado en la privilegiada Urbanización Villa Jardín...,https://www.laencontre.com.pe/inmueble/f1d6-93be-193cafd-79009a13fa14-76ed,laencontre
16799,0,370000,0,"Departamento en Santiago De Surco, Lima","Santiago de Surco, Lima",430,4,3,0,"VENTA DE LINDO Y MODERNO DEPARTAMENTO UBICADO EN LA MEJOR ZONA DE SURCO, EN CHACARILLA DEL ESTANQUE AREA TECHADA 215 M2 +...",https://www.laencontre.com.pe/inmueble/b943-af52-1984ceb-797662415315-72ee,laencontre
16800,0,128212,0,"Departamento en Magdalena Del Mar, Lima","Magdalena del Mar, Lima",63,3,2,0,"Hermoso departamento de estreno, en espectacular condominio en San Miguel. El departamento, cuenta con 63 m2, con tres dormitorios...",https://www.laencontre.com.pe/inmueble/7207-be2d-19cc563-3a396fcccdd9-74c5,laencontre
16801,0,97479,0,"Departamento en Maranga, Lima","Maranga, San Miguel, Lima",52,1,1,0,"Vendo departamento a estrenar y es sumamente favorecido por su ubicación: a minutos de parques, colegios, universidades, ...",https://www.laencontre.com.pe/inmueble/df3c-b8af-1929d36-ceb80fedc1b6-790e,laencontre
16802,0,71179,0,"Departamento en Maranga, Lima","Maranga, San Miguel, Lima",48,1,2,0,"Costa Living es un moderno proyecto inmobiliario ubicado en Av. La Paz, San Miguel, diseñado para quienes buscan comodidad...",https://www.laencontre.com.pe/inmueble/c806-abef-19d74cd-47d5ff5285d2-74ba,laencontre
16803,0,102914,0,"Departamento en Maranga, Lima","Maranga, San Miguel, Lima",75,1,2,0,"Costa Living es un moderno proyecto inmobiliario ubicado en Av. La Paz, San Miguel, diseñado para quienes buscan comodidad...",https://www.laencontre.com.pe/inmueble/b652-a29c-19d74c8-accdfda5c95d-71d1,laencontre
16804,0,236000,0,"Departamento en Jr. Málaga, Surco, Perú","Santiago de Surco, Lima",102,2,2,0,PEZ102302 FECHA DE ENTREGA DICIEMBRE 2023 HERMOSO DEPARTAMENTO EN PRIMER PISO EN SURCO Moderno y exclusivo departamento...,https://www.laencontre.com.pe/inmueble/7773-acb1-686a3cc0-e7f489bedb41-4c39,laencontre
16805,0,151257,0,"Departamento en San Eugenio, Lima","San Eugenio, Lince, Lima",86,3,3,0,BONITO Y BIEN UBICADO DPTO. en VENTA  -  LINCE $150000  S/ 510000Descubra este encantador departamento ubicado en el corazón...,https://www.laencontre.com.pe/inmueble/d7aa-9249-19cc118-334e400831a3-7191,laencontre
16806,0,234950,0,"Departamento en Av. José Larco 1010, Miraflores, Perú","Miraflores, Lima",106.9,2,3,0,"VENTA DE DÚPLEX EN MIRAFLORES 🏢 Edificio moderno – 2.º piso Ubicación privilegiada A pocos minutos de Larcomar, Parque...",https://www.laencontre.com.pe/inmueble/e456-b2d7-19d1164-523eef8a42fc-7125,laencontre
16807,0,134000,0,"Departamento en Jirón Carlos Augusto Salaverry 3865, Urbanización Panamericana Norte, Los Olivos, Lima, 15301, Per","Los Olivos, Lima",133.98,3,2,0,"🏠 Departamento Flat en Los Olivos — 133.98 m² 📍 Dirección: Jirón Carlos Augusto Salaverry 3865-3867, Urb. Panamericana...",https://www.laencontre.com.pe/inmueble/4ae2-a45e-156527f3-e7193a9cffbd-4a80,laencontre
16808,0,445000,0,"Departamento en Country Club, Lima","Country Club, San Isidro, Lima",171.41,3,4,0,"Área de 171.41 m² Tipo: 06 Piso: 3 con Vista externa Ubicado en la tranquila Calle Gonzales La Rosa, este edificio boutique...",https://www.laencontre.com.pe/inmueble/25d6-a0dd-19d318d-44957c76785c-7462,laencontre
16809,0,93000,0,"Departamento en Mayorazgo, Lima","Mayorazgo, Ate, Lima",71.55,2,2,0,"¿Buscas el hogar perfecto? ¡Aquí lo tienes! Descubre este magnífico departamento en el 2do piso, ubicado en la tranquila...",https://www.laencontre.com.pe/inmueble/9c5c-99dc-19d6f56-da671afec696-7615,laencontre
16810,0,115000,0,"Departamento en Jirón Doña Delmira, Surco, Perú","Santiago de Surco, Lima",80,3,2,0,🔺 A.T 80 MTS 🔺 UBICACION PRIVILEGIADA: CALLE DOÑA DELMIRA FRENTE A PLAZA VEA SURCO 🔺 AMPLIA SALA COMEDOR 🔺 3 DORMITORIOS...,https://www.laencontre.com.pe/inmueble/fa6e-b5dd-190bd5f-95c0d0c8b17c-7093,laencontre
16811,0,525000,0,"Departamento en Santa Cruz, Lima","Santa Cruz, Miraflores, Lima",165,3,3,0,"La Excelente Distribución de este Proyecto, además de los Acabados de Primera, son lo más destacable de este próximo edificio...",https://www.laencontre.com.pe/inmueble/282c-8a59-6a3b1877-31cfab88a6ce-3dc6,laencontre
16812,0,255000,0,"Departamento en Av. Gral. Juan Antonio Pezet, San Isidro, Perú","Orrantia, San Isidro, Lima",112,2,3,0,"VENTA LINDO DEPARTAMENTO DUPLEX DE ESTRENO PRIMER PISO CON VISTA INTERIOR ÁREA OCUPADA 112.41 M2 SALA COMEDOR TERRAZA, ...",https://www.laencontre.com.pe/inmueble/222778,laencontre
16813,0,63765,0,"Departamento en Jirón Los Castaños 19, Cooperativa Cajabamba, Los Olivos, Lima, Per","Los Olivos, Lima",52,2,1,0,"MINI DEPARTAMENTO DE ESTRENO CON ASCENSOR - LOS OLIVOS ‼️ Residencial ""Los Castaños"" 2 DORMITORIOS . 📌Edificio moderno ...",https://www.laencontre.com.pe/inmueble/2624-bda2-19c90c6-308996b91a21-7693,laencontre
16814,0,441000,0,"Departamento en Avenida Jorge Basadre 1310, San Isidro, Lima, 15073, Per","Country Club, San Isidro, Lima",152.41,2,2,0,"Lindo departamento moderno, de estreno, en San Isidro. Se encuentra muy bien ubicado, cerca del Lima Golf Club, Country Club...",https://www.laencontre.com.pe/inmueble/56ec-be53-19d04fb-42a818c8c566-7d45,laencontre
16815,0,108000,0,"Departamento en San Martin De Porres, Lima","San Martin de Porres, Lima",160,4,2,0,Amplio departamento en perfecto estado de conservación. Ubicado en el piso 2 AT 160M2 AC 160M2 SALA COMEDOR COCINA CERRADA...,https://www.laencontre.com.pe/inmueble/f5fb-a97a-19246b0-f1c5df4e779e-8082,laencontre
16816,0,69000,0,"Departamento en Urb Los Cedros De Villa, Chorrillos, Perú","Chorrillos, Lima",62.5,3,1,0,GVL102502 “OCASIÓN” Depa en Cedros de Villa 🏠🤩 Precio: USD 69.000 📐 AC: 62.50m2 ⚪ 2do piso 🔹 Sala y Comedor ...,https://www.laencontre.com.pe/inmueble/9d8e-9e90-19a1756-150c808158f5-752e,laencontre
16817,0,129000,0,"Departamento en Calle Dona Hilda 104, Urb Los Rosales, Lima, Perú","Santiago de Surco, Lima",95,3,2,0,🏡🌺𝙎𝙀 𝙑𝙀𝙉𝘿𝙀 𝘿𝙀𝙋𝘼𝙍𝙏𝘼𝙈𝙀𝙉𝙏𝙊 𝙀𝙉 𝙎𝙐𝙍𝘾𝙊 𝘿𝙀 𝟬𝟯 𝙃𝘼𝘽𝙄𝙏𝘼𝘾𝙄𝙊𝙉𝙀𝙎 + 𝘾𝙊𝘾𝙃𝙀𝙍𝘼🚗 𝗖𝗼𝗱.𝗩...,https://www.laencontre.com.pe/inmueble/fbbe-993f-19c54b6-260e6bb0c04-764e,laencontre
16818,0,188000,0,"Departamento en Av. San Borja Nte. 1166, San Borja, Perú","San Borja, Lima",121,3,3,0,"Excelente departamento flat ubicado en Av. San Borja Norte 1166, en una de las zonas más tranquilas, residenciales y seguras...",https://www.laencontre.com.pe/inmueble/4c1d-9b26-19d896d-d1dd72218a3b-77af,laencontre
16819,0,360000,0,"Departamento en El Olivar, Lima","El Olivar, San Isidro, Lima",199,3,3,0,"Venta Penthouse Dúplex Ubicado en la Calle Bartolome Herrera Mirafllores, muy cerca al Ovalo Gutierrez y Av. Santa Cruz, ...",https://www.laencontre.com.pe/inmueble/a563-8da6-19cdfff-af86e15247ee-7389,laencontre
16820,0,115000,0,"Departamento en Lince, Lima, Perú","Risso, Lince, Lima",66,3,1,0,"Acogedor departamento ubicado en Lince, a pocos minutos del Hospital Rebagliati, en una zona céntrica con fácil acceso a ...",https://www.laencontre.com.pe/inmueble/8301-aa97-19cd993-5f76354a496d-747e,laencontre
16821,0,983000,0,"Departamento en Santa Cruz, Lima","Santa Cruz, Miraflores, Lima",258.8,3,3,0,"Edificio en proyecto con vista a parque en privilegiada ubicación en San Isidro, a pocos pasos de Parques Privados, Lima...",https://www.laencontre.com.pe/inmueble/ae4e-b85d-1967b48-ed0cc45f5b95-717c,laencontre
16822,0,89622,0,"Departamento en Calle Fermin Tanguis, La Victoria, Perú","La Victoria, Lima",37,1,1,0,"DEPARTAMENTOS DE 1, 2 Y 3 DORM. SANTA CATALINA - LA VICTORIA ENTREGA INMEDIATA Proyecto residencial en Santa Catalina con...",https://www.laencontre.com.pe/inmueble/4495-aa97-19c5778-e6f847b29f8c-7216,laencontre
16823,0,131857,0,"Departamento en Av. República De Panamá, Surquillo, Perú","Surquillo, Lima",52,2,2,0,"VENDO DPTO. 52M2 – 2D - SURQUILLO AV. Republica de Panamá, Surquillo (a una cuadra de Av. Aramburú) Tu nuevo hogar, tu ...",https://www.laencontre.com.pe/inmueble/d58b-a648-19c4389-ae27186260d4-734f,laencontre
16824,0,287685,0,"Departamento en Víctor Plascencia, Santiago De Surco, Perú","Santiago de Surco, Lima",122.67,4,3,0,VENTA DE MODERNO DEPARTAMENTO FRENTE A PARQUE MUY CERCA DE ESTACION JORGE CHAVEZ (SANTIAGO DE SURCO) ¿Estas buscando tu ...,https://www.laencontre.com.pe/inmueble/d668-89ae-19c1c0d-60d4f1c6463-7341,laencontre
16825,0,96000,0,"Departamento en Santiago De Surco, Lima","Santiago de Surco, Lima",79.29,3,1,0,"Se vende amplio departamento de 79.29 m², ubicado en Jirón García y García - Santiago de Surco. Una excelente oportunidad...",https://www.laencontre.com.pe/inmueble/9e56-9884-19cca89-74f4b75cfa74-7ecc,laencontre
16826,0,220000,0,"Departamento en Jirón Ventura Calamaqui 150, San Miguel, Lima, 15087, Per","San Miguel, Lima",275.64,5,4,0,🎯🎯VENTA DE DUPLEX EN SAN MIGUEL🌳🌞 Venta de Dúplex (2do piso + 3er piso) en Calle Ventura Ccalamaqui – Urbanización Pando...,https://www.laencontre.com.pe/inmueble/fe42-b2ec-19a810c-f4ec4fd0b253-7513,laencontre
16827,0,53384,0,"Departamento en 259h+273 Lurigancho-chosica, Perú","Chosica, Lima",59.6,3,2,0,"📍 Ubicación privilegiada, zona tranquila y con el mejor clima de Lima Este 🌤️ Vive en Ñaña, un lugar conocido por su clima...",https://www.laencontre.com.pe/inmueble/b4af-8f41-19c73ab-cd762299996d-7494,laencontre
16828,0,360000,0,"Departamento en Calle José Dionisio Anchorena 020, San Isidro, Perú","Orrantia, San Isidro, Lima",130.1,3,2,0,Área: 130 m² ✨ Características destacadas • 3 dormitorios amplios y bien distribuidos • Sala comedor con excelente iluminación...,https://www.laencontre.com.pe/inmueble/13dc-9b82-19cd563-7e74bc6035cb-766e,laencontre
16829,0,158000,0,"Departamento en Cercado De Lima, Lima","Cercado de Lima, Lima",79,3,2,0, ¡Oportunidad de Venta en Barranco – Excelente Ubicación!  Se vende hermoso departamento de 79 m² en una de las zonas más...,https://www.laencontre.com.pe/inmueble/3bb2-a400-19d747d-aa23a77040e5-7447,laencontre
16830,0,298100,0,"Departamento en Avenida De Los Precursores, Santiago De Surco, Perú","Santiago de Surco, Lima",123,3,3,0,"Moderno flat ubicado en el 3er piso de un edificio de 8 niveles, con solo 4 departamentos por piso. Proyecto reciente con...",https://www.laencontre.com.pe/inmueble/3e9f-a307-199c0b3-715b24935cf-7490,laencontre
16831,0,98000,0,"Departamento en Calle Los Olivos 2626, San Isidro, Lima, 15073, Per","Orrantia, San Isidro, Lima",37.63,1,1,0,"Este acogedor departamento en venta de 1 dormitorio y 1 baño se encuentra a media cuadra de la Av. 2 de Mayo, San Isidro...",https://www.laencontre.com.pe/inmueble/f8ff-9124-19beee3-1081529973a7-716c,laencontre
16832,0,209000,0,"Departamento en Calle General Recavarren, Miraflores, Perú","Miraflores, Lima",87.6,2,2,0,PEZ052310 Disfruta la magia de Miraflores Vive en un hermoso Flat en el corazón de Miraflores muy cerca de avenidas principales...,https://www.laencontre.com.pe/inmueble/3742-8532-4ee81082-2f127070ab01-4833,laencontre
16833,0,115000,0,"Departamento en Santiago De Surco, Lima","Santiago de Surco, Lima",61,3,2,0,"📍Ubicado en la avenida principal cuadra 7, la Urbanización La Calera de la Merced, a 1 cuadra de la Av. Aviación y, cerca...",https://www.laencontre.com.pe/inmueble/9d56-bbcc-19bcd17-84952d68003f-7750,laencontre
16834,0,210000,0,"Departamento en Barranco, Lima","Barranco, Lima",96.6,3,2,0,"¡Estreno en Barranco con ascensor directo y sin alcabala!  Descubre este exclusivo departamento en el 2do piso, ubicado ...",https://www.laencontre.com.pe/inmueble/325-9142-19ca07b-af36f86aa0cd-71ac,laencontre
16835,0,355899,0,"Departamento en Avenida San Borja Sur, Lima, Perú","San Borja, Lima",174.08,3,3,0,"Se vende último dpto del proyecto recién construido. No paga alcabala. A. O. 174.08 m2, construida 113 m2 Sala comedor, ...",https://www.laencontre.com.pe/inmueble/7a03-8e34-19a08ba-88450767414-7f05,laencontre
16836,0,249000,0,"Departamento en Jirón 2 De Mayo No 150, Barranco, Perú","Cercado de Lima, Lima",120,2,2,0,🏡✨ VENTA DEPARTAMENTO – 1er PISO EN BARRANCO Jr. 2 de Mayo 🌟 Moderno • De Lujo • Completamente Amoblado y Equipado Ubicado...,https://www.laencontre.com.pe/inmueble/472a-a857-19ae808-4da4c36e16f0-75ee,laencontre
16837,0,82000,0,"Departamento en Centro De Salud Los Libertadores, San Martín De Porres, Lima, Per","Cercado de Lima, Lima",78,3,2,0,"Descubre tu nuevo hogar en una de las zonas más estratégicas del distrito, a solo pasos de las avenidas Tomás Valle y Los...",https://www.laencontre.com.pe/inmueble/93be-8d9d-7963ae09-b5ed8594612b-436a,laencontre
16838,0,157189,0,"Departamento en Santiago De Surco, Lima","Santiago de Surco, Lima",100,3,2,0,"¡Vive donde todo sucede, pero con la tranquilidad que mereces! Descubre este excelente departamento de 96 m² en una de las...",https://www.laencontre.com.pe/inmueble/b32f-baa0-19aa8a8-e7b9ffa6e23e-7bb5,laencontre
16839,0,116000,0,"Departamento en Ctra. Panamericana Sur 32, Lurín 15823, Perú","Lurin, Lima",109,3,2,0,"Tu refugio junto al Mar y la Laguna!!! En Condominio privado con arquitectura estilo americana, laguna, hermosas áreas verdes...",https://www.laencontre.com.pe/inmueble/5c9d-b7cf-19c3584-bcb280a085c9-76c7,laencontre
16840,0,185216,0,"Departamento en Maranga, Lima","Maranga, San Miguel, Lima",103.55,3,2,0,VENTA DE MODERNO FLAT DE ESTRENO CON TECNOLOGÍA DOMÓTICA DE ÚLTIMA GENERACIÓN LISTO PARA LA ENTREGA - NO PAGA ALCABALA - ...,https://www.laencontre.com.pe/inmueble/7379-ab46-19aeacb-43ffa0c9d739-761f,laencontre
16841,0,84200,0,"Departamento en Barranco, Lima","Barranco, Lima",40,1,1,0,"ESPECTACULAR DEPARTAMENTO EN PRE-ESTRENO, UBICADO EN LA MEJOR UBICACIÓN, EN CHORRILLOS FRENTE A BARRANCO, A POCOS PASOS DE...",https://www.laencontre.com.pe/inmueble/82cd-8ee5-19cd9fd-95800b80e478-7dd7,laencontre
16842,0,143706,0,"Departamento en Calle Los Narcizos, Urbanización Casuarinas Sur, Santiago De Surco, Lima, 15023, Per","Santiago de Surco, Lima",67.28,2,2,0,"🌟¡ Flat con terraza ! Descubre Torre Las Cantutas, un proyecto exclusivo en Calle Las Cantutas, Surco, que te ofrece:...",https://www.laencontre.com.pe/inmueble/35dc-9718-88db4cf4-77fdea0d7ed9-49cd,laencontre
16843,0,287685,0,"Departamento en Avenida República De Panamá 5757, Urbanización Los Tulipanes, Miraflores, Lima, 15047, Per","Miraflores, Lima",52.27,3,2,0,"Moderno y Exclusivo Ubicado en una de las zonas más emblemáticas de Miraflores, edificio de 21 pisos 97 departamentos Proyecto...",https://www.laencontre.com.pe/inmueble/8c1f-8aaf-6ef874ab-2348dc91844e-4596,laencontre
16844,0,175842,0,"Departamento en Calle Los Narcizos, Urbanización Casuarinas Sur, Santiago De Surco, Lima, 15023, Per","Santiago de Surco, Lima",72.21,2,2,0,"! Te presentamos en Torre Las Cantutas, un exclusivo proyecto en pre-venta ubicado en la privilegiada calle Las Cantutas...",https://www.laencontre.com.pe/inmueble/5c4b-bbc8-6dbf4eea-faf1ea6d8570-4f66,laencontre
16845,0,188410,0,"Departamento en Calle Los Narcizos, Urbanización Casuarinas Sur, Santiago De Surco, Lima, 15023, Per","Santiago de Surco, Lima",87.38,1,2,0,"🌟Torre Las Cantutas es mucho más que un lugar para vivir, es una inversión inteligente que te brindará: ✅Plusvalía garantizada...",https://www.laencontre.com.pe/inmueble/44a3-8c69-5f3c6fa6-1cae3c97a597-4712,laencontre
16890,0,133708,0,"Departamento en Jr. Mariscal Ramón Castilla, San Miguel, Perú","Magdalena del Mar, Lima",65.9,3,2,0,TMT042503 ¡ENTREGA INMEDIATA! ¡ESTRENA UN ESTILO DE VIDA DIFERENTE! 🎉 VIVE EN SAN MIGUEL EN EL EDIFICIO QUE LO TIENE TODO...,https://www.laencontre.com.pe/inmueble/e333-9d30-1962640-3ec2b683fcf1-72af,laencontre
16846,0,177075,0,"Departamento en Calle Los Narcizos, Urbanización Casuarinas Sur, Santiago De Surco, Lima, 15023, Per","Santiago de Surco, Lima",72.21,2,2,0,"🌟¡Pre-venta Flat de 72.21 m².con vista panorámica! Descubre Torre Las Cantutas, un proyecto exclusivo en Calle Las Cantutas...",https://www.laencontre.com.pe/inmueble/3dba-b226-52d9bfae-1d31808d3b4a-4e0b,laencontre
16847,0,119999,0,"Departamento en Avenida Brasil 2475, Jesús María, Perú","Jesus Maria, Lima",65,2,2,0,Vendo depa de estreno sin amoblar en piso 17 sala comedor kitchenette con balcon vista interior con 2 habitaciones la habitación...,https://www.laencontre.com.pe/inmueble/e141-b136-199b6de-8c5c355a4fb1-7727,laencontre
16848,0,137911,0,"Departamento en Corpac, Lima","Corpac, San Isidro, Lima",44,1,1,0,Este departamento es tu oportunidad para empezar una nueva inversión o un nuevo lugar donde vivir con lo que siempre soñaste...,https://www.laencontre.com.pe/inmueble/260a-9ac5-19bfd68-6f6319051141-70c9,laencontre
16849,0,570000,0,"Departamento en Orrantia, Lima","Orrantia, San Isidro, Lima",300,4,4,0,"VENDO LINDO DEPARTAMENTO EN SAN ISIDRO CERCA A JAVIER PRADO, LUGAR CENTRICO, CON 2 COCHERAS, SALA COMEDOR AMPLIOS , 4 DORMITORIOS...",https://www.laencontre.com.pe/inmueble/60f0-9352-19d273f-c91f80ce44e4-72d1,laencontre
16850,0,229500,0,"Departamento en San Borja, Lima","San Borja, Lima",218,3,2,0,Departamento Flat + Aires | San Borja Norte | 218 m²Amplio y moderno departamento ubicado en una de las zonas más exclusivas...,https://www.laencontre.com.pe/inmueble/1497-c020-19d040c-8d5eb925b39b-7e80,laencontre
16851,0,195000,0,"Departamento en Jirón Tinajones, Tambo De Monterrico, Santiago De Surco, Perú","Santiago de Surco, Lima",96,2,2,0,"PRECIOSO DPTO. EN TAMBO DE MONTERRICO,2 COCHERAS Jr.Tinajones , Tambo De Monterrico, Santiago de Surco Lindo departamento...",https://www.laencontre.com.pe/inmueble/2baa-9006-19aa57a-30ad14be9170-76f3,laencontre
16852,0,160000,0,"Departamento en San Luis, Lima","San Luis, Lima",123,3,2,0,"VENDO DEPARTAMENTO -TODO 2do piso- URB. VILLA JARDÍN – SAN LUIS $160,000 precio final 3 dorm. - 1 zona estac. - Piso 2 ...",https://www.laencontre.com.pe/inmueble/8dca-8352-1944e67-a77f1ac0ebc3-72ac,laencontre
16853,0,88974,0,"Departamento en Residencial Los Parques De Smp Condominio Los Robles, Av. 10 De Junio, San Martín De Porres, Perú","San Martin de Porres, Lima",58,3,2,0,¡OPORTUNIDAD ÚNICA EN SAN MARTÍN DE PORRES! Vive con seguridad y comodidad en este hermoso departamento ubicado en un condominio...,https://www.laencontre.com.pe/inmueble/f245-a345-19c2fbc-8181377232a9-727e,laencontre
16854,0,128300,0,"Departamento en Chorrillos, Lima","Chorrillos, Lima",74,3,2,0,"ESPECTACULAR DEPARTAMENTO EN PRE-ESTRENO, UBICADO EN LA MEJOR UBICACIÓN, EN CHORRILLOS FRENTE A BARRANCO, A POCOS PASOS DE...",https://www.laencontre.com.pe/inmueble/d103-b719-19cd9fd-558bf044d6ec-7cb3,laencontre
16855,0,104000,0,"Departamento en Prolongación Ayacucho 1050, San Miguel, Perú","San Miguel, Lima",101.53,3,3,0,"Estrena un estilo de vida único en San Miguel! Este departamento en el 4to piso ofrece el espacio, la comodidad y la ubicación...",https://www.laencontre.com.pe/inmueble/cf6b-844a-19a99a6-c6e6d12c1cb7-7121,laencontre
16856,0,120000,0,"Departamento en Calle W, Santa Rosa De Surco 2, Santiago De Surco, Perú","Santiago de Surco, Lima",103.95,3,2,0,"SFM052501 VENTA DEPARTAMENTO EN SANTA ROSA DE SURCO, FRENTE A PARQUE EN CONDOMINIO CERRADO 🌳 Vendo departamento en ...",https://www.laencontre.com.pe/inmueble/fef7-bb8d-196a26b-b32447fa4c37-8076,laencontre
16857,0,60000,0,"Departamento en Condominio ""fortaleza De Campoy"", Circunvalacion, San Juan De Lurigancho, Perú","San Juan de Lurigancho, Lima",70,3,1,0,Vive Cerca a Puente Nuevo Priale y Evitamiento !! Lindo departamento en Venta en Campoy 5to Piso Área 70m2 Sala Comedor ...,https://www.laencontre.com.pe/inmueble/5b42-a4ab-198ac5c-1b8dad1f959c-748b,laencontre
16858,0,104000,0,"Departamento en Av. San Hilarion Este, Lima, Perú","San Juan de Lurigancho, Lima",90,3,2,0,Vive cerca al parque con una linda vista *Ubicado cerca a la Estación LOS POSTES. *Edificio Moderno Con ascensor *Con linda...,https://www.laencontre.com.pe/inmueble/dd46-8465-196ecac-bde93fb284e5-719b,laencontre
16859,0,184990,0,"Departamento en Flora Tristán 486, Magdalena Del Mar, Perú","Magdalena del Mar, Lima",95,3,3,0,"Sala Comedor 3 Dormitorios, uno con baño incorporado, 2 baños completos con Vidrios templados (1 baño tiene Tina de Hidromasaje...",https://www.laencontre.com.pe/inmueble/59ee-87a0-19bd05b-43d160a1f362-72e9,laencontre
16860,0,180322,0,"Departamento en Cercado De Lima, Lima","Cercado de Lima, Lima",86,3,3,0,"PROYECTO RESIDENCIAL EN SAN MIGUEL En una de las mejores zonas del distrito, Frente a Parque cerca Av. La Marina, Plaza ...",https://www.laencontre.com.pe/inmueble/3408-bc9e-19cf493-8039153d925f-7121,laencontre
16861,0,65000,0,"Departamento en San Martin De Porres, Lima","San Martin de Porres, Lima",72,2,2,0,Este departamento es la oportunidad perfecta para comenzar una nueva etapa y hacer realidad todo lo que siempre soñaste!!...,https://www.laencontre.com.pe/inmueble/4273-99b8-19c6cfc-98fc092ad6a-7d96,laencontre
16862,0,219231,0,"Departamento en Santa Cruz, Lima","Santa Cruz, Miraflores, Lima",111.31,2,1,0,"¡Vive en el corazón de Miraflores y disfruta de una excelente combinación de amplitud, confort y ubicación privilegiada! ...",https://www.laencontre.com.pe/inmueble/ee12-ad26-19d1dcb-24fb869109d7-760b,laencontre
16863,0,650000,0,"Departamento en Chorrillos, Lima","Chorrillos, Lima",280,4,4,0,"Despierta cada día frente al mar. Vive con amplitud, privacidad y una vista que eleva tu estilo de vida. 🌊 📍 Malecón Costa...",https://www.laencontre.com.pe/inmueble/e3ac-94c1-19d44a8-1ace44f3bbe-75bd,laencontre
16864,0,216505,0,"Departamento en Santiago De Surco, Lima","Santiago de Surco, Lima",108,3,2,0,"Comenzamos la preventa del proyecto Quiroga, ubicado en Santiago de Surco. Excelente ubicación: cerca de parques, avenidas...",https://www.laencontre.com.pe/inmueble/8a01-9550-19ceb27-a91db161b3a5-748e,laencontre
16865,0,176466,0,"Departamento en Santiago De Surco, Lima","Santiago de Surco, Lima",81.5,3,2,0,"Comenzamos la preventa del proyecto Quiroga, ubicado en Santiago de Surco. Excelente ubicación: cerca de parques, avenidas...",https://www.laencontre.com.pe/inmueble/82ee-a7b2-19ceb27-577a642a414f-755e,laencontre
16866,0,400000,0,"Departamento en Calle Grimaldo Del Solar 403-513, Miraflores, Lima, 15074, Per","Miraflores, Lima",182.29,3,2,0,"📍 Ubicación: Grimaldo del Solar cdra. 4 - Entre Av. Benavides, 28 de Julio y Reducto, a pocas cuadras del Parque Kennedy...",https://www.laencontre.com.pe/inmueble/b3f0-ac63-d5900679-295a11f63c2e-46ba,laencontre
16867,0,120000,0,"Departamento en Jirón Ángela Podestá Peschiera 233, Magdalena Vieja, Lima, 15084, Per","Cercado de Lima, Lima",100.65,3,2,0,"Ubicado en la calle Ángela Podestá, en una zona residencial tranquila y bien conectada de Pueblo Libre. Departamento en tercer...",https://www.laencontre.com.pe/inmueble/156a-b1e0-b58d5a79-1989b5e8cdc4-4464,laencontre
16868,0,75000,0,"Departamento en Jirón El Derecho, Urbanización Pro Etapa I Sector 5, Los Olivos, Lima, 15307, Per","Los Olivos, Lima",100,3,1,0,"✨Departamento en 2° piso con ingreso independiente, 104 m² muy bien distribuidos. 📍 Ubicado estratégicamente a pocas cdras...",https://www.laencontre.com.pe/inmueble/ba9c-b048-8da330a4-3c3d782bce85-44e9,laencontre
16869,0,125000,0,"Departamento en Calle Malecón Norte, Punta Negra, Lima, 15851, Per","Punta Negra, Lima",62.17,2,2,0,Imagina despertar todos los días con la brisa marina y una vista espectacular del océano. Este hermoso departamento en primer...,https://www.laencontre.com.pe/inmueble/ccce-a3e6-79506cab-c1f30a67110a-467d,laencontre
16870,0,156000,0,"Departamento en Avenida Paseo De La República 2075, La Victoria, Lima, 15034, Per","Risso, Lince, Lima",81.11,3,2,0,"Vive en este moderno departamento con vista panorámica a la ciudad y al parque 🌳 📍 – Santa Catalina, La Victoria ...",https://www.laencontre.com.pe/inmueble/68e3-9474-1b445e14-43cb618aab54-4d49,laencontre
16871,0,215000,0,"Departamento en Calle 30, San Borja, Perú","San Borja, Lima",134,3,3,0,VENDO DEPARTAMENTO SAN BORJA Referencias. Frente al Pentagonito UBICADO EN 2do PISO (vista interior) Area construida: ...,https://www.laencontre.com.pe/inmueble/a46b-8a6f-9c0b7110-dea06db9fedf-4a66,laencontre
16872,0,750000,0,"Departamento en Corpac, Lima","Corpac, San Isidro, Lima",390,3,3,0,Alquiler/Venta casa CORPAC - SAN ISIDRO 390 m2 1 planta 3 dormitorios 1 escritorio cuarto y baño de servicio 2 baños ...,https://www.laencontre.com.pe/inmueble/11f8-9e4d-19ca569-84d591317542-7751,laencontre
16873,0,118633,0,"Departamento en Edificio Ecohouse Castilla 956, Castilla, Magdalena Del Mar, Perú","Magdalena del Mar, Lima",56.08,2,2,0,"🏡 VENTA DE DEPARTAMENTO – MAGDALENA DEL MAR 📍 Excelente ubicación Cerca de avenidas principales, comercios, restaurantes...",https://www.laencontre.com.pe/inmueble/d458-ba87-19c7401-9ea1d94e3470-76ac,laencontre
16874,0,240000,0,"Departamento en Barranco, Lima","Barranco, Lima",135,3,2,0,"Departamento ubicado en primer piso, en un edificio de 3 torres, 2 departamentos por piso. Cada torre tiene 4 pisos y hay...",https://www.laencontre.com.pe/inmueble/da2c-8570-f774c8cd-4e1cd8d2b0eb-4ece,laencontre
16875,0,165000,0,"Departamento en Av. San Martín 140, Barranco, Perú","Cercado de Lima, Lima",72,1,2,0,VENTA DE DEPARTAMENTO EN BARRANCO Vive o invierte en una de las zonas más exclusivas y turísticas de Lima Ubicación privilegiada...,https://www.laencontre.com.pe/inmueble/36a8-9d14-19d6fd3-11cfed57a6a8-7452,laencontre
16876,0,1079000,0,"Departamento en Avenida General Jacinto Lara 340, San Isidro, Lima, 15073, Per","Orrantia, San Isidro, Lima",222,2,3,0,"Espectacular dúplex en semi sótano exterior, estilo casita con terraza y jardín en venta. Cuenta con dos amplios dormitorios...",https://www.laencontre.com.pe/inmueble/2012-81e3-19ce615-920c9ae8f004-718e,laencontre
16877,0,166383,0,"Departamento en Maranga, Lima","Maranga, San Miguel, Lima",74.32,3,2,0,"PEZ042306 EN VENTA DEPARTAMENTOS EN PRE-VENTA EN SAN MIGUEL ¡Un nuevo comienzo para tu familia! Separa ya, este acogedor...",https://www.laencontre.com.pe/inmueble/6bfd-99d0-8bd1e8a3-2ae6d57f42a1-4ece,laencontre
16878,0,92533,0,"Departamento en Jirón Nicolás De Piérola 140, San Miguel, Perú","San Miguel, Lima",67,3,2,0,"VENDO LINDO DEPARTAMENTO CON VISTA INTERNA DE 67 METROS A MEDIA CUADRA DEL MALECON DE SAN MIGUEL, EL DEPARTAMENTO ESTA UBICADO...",https://www.laencontre.com.pe/inmueble/7cb0-be6e-192417a-9e66ef01b3f6-74cc,laencontre
16879,0,220000,0,"Departamento en Santander, Miraflores, Perú","Miraflores, Lima",103,3,3,0,"En PERFECTO ESTADO, excelente ILUMINACIÓN NATURAL y ubicado para disfrutar de CERO RUIDO dentro del departamento, ideal para...",https://www.laencontre.com.pe/inmueble/ae6b-abeb-19d44bc-917a1830373d-7091,laencontre
16880,0,163417,0,"Departamento en Calle Pedrerias 135, San Miguel, Perú","Maranga, San Miguel, Lima",114,3,3,0,Duplex de Estreno con 114.1 m2 frente a un parque y cerca de A. Faucett y La Av. La Marina. Con excelentes acabados. * 3 ...,https://www.laencontre.com.pe/inmueble/8f92-a044-19bfdc2-c3193f7470e8-7814,laencontre
16881,0,161783,0,"Departamento en Calle América 262, Magdalena Vieja, Lima, 15084, Per","Pueblo Libre, Lima",72.84,3,2,0,🏡 FLAT DE ESTRENO EN VENTA – PUEBLO LIBRE Frente a parque | 3 dormitorios | Piso 2 | Áreas comunes Moderno departamento...,https://www.laencontre.com.pe/inmueble/ce82-97f8-508fed55-a114812ad981-4391,laencontre
16882,0,275400,0,"Departamento en Miraflores, Lima","Miraflores, Lima",88,2,2,0,Departamento en venta en proyecto en Miraflores que se caracteriza por su apertura hacia el exterior —generada por su peculiar...,https://www.laencontre.com.pe/inmueble/ebfc-883d-18fa345-340c4e4b564e-7a11,laencontre
16883,0,284000,0,"Departamento en Santa Cruz, Lima","Santa Cruz, Miraflores, Lima",139.11,3,3,0,"🌟 ¡Exclusivo Departamento Duplex en Venta en Miraflores! 🌟 📍 Ubicación privilegiada: Av. José Pardo, corazón de Miraflores...",https://www.laencontre.com.pe/inmueble/5a00-9bc1-191e4a7-77ccc8611c1c-7b27,laencontre
16884,0,125000,0,"Departamento en Surquillo, Lima","Surquillo, Lima",54,2,2,0,🌟𝙑𝙀𝙉𝙏𝘼 𝘿𝙀 𝘿𝙀𝙋𝘼𝙍𝙏𝘼𝙈𝙀𝙉𝙏𝙊 𝘿𝙀 𝟬𝟮 𝘿𝙊𝙍𝙈𝙄𝙏𝙊𝙍𝙄𝙊𝙎 + 𝘾𝙊𝘾𝙃𝙀𝙍𝘼 𝙀𝙉 𝙎𝙐𝙍𝙌𝙐𝙄𝙇𝙇𝙊🏡 ¡Excelente...,https://www.laencontre.com.pe/inmueble/9679-b03b-19cd98b-fdf0259d5705-719b,laencontre
16885,0,34106,0,"Departamento en Puente Piedra, Lima","Puente Piedra, Lima",62.78,3,2,0,HERMOSO DEPARTAMENTO REMODELADO EN PISO 5 CON SEGURIDAD 24 HORAS Y ABUNDANTES AREAS VERDES + PISCINA! 👀 Departamento en...,https://www.laencontre.com.pe/inmueble/3f3c-ade0-197d0ce-87bc38cadd9d-7470,laencontre
16886,0,165000,0,"Departamento en Jirón Teniente Arístides Del Carpio 1780, Lima, Perú","Cercado de Lima, Lima",147,4,1,0,🏢 𝐄𝐍 𝐕𝐄𝐍𝐓𝐀 𝐃𝐄𝐏𝐀𝐑𝐓𝐀𝐌𝐄𝐍𝐓𝐎 𝐄𝐍 𝐋𝐈𝐌𝐀 𝐂𝐄𝐑𝐂𝐀𝐃𝐎 📍 Jr. Teniente Arístides Del Carpio Muñoz Cdra...,https://www.laencontre.com.pe/inmueble/7acf-aa1d-19bba64-ebd4d44bf97a-748e,laencontre
16887,0,238865,0,"Departamento en Jr. Mariscal Ramón Castilla, San Miguel, Perú","Magdalena del Mar, Lima",108.1,3,4,0,TMT042507 ¡ENTREGA INMEDIATA! ¡ESTRENA UN ESTILO DE VIDA DIFERENTE! 🎉 VIVE EN SAN MIGUEL EN EL EDIFICIO QUE LO TIENE TODO...,https://www.laencontre.com.pe/inmueble/b27d-9d30-19626e4-5b0da379d25f-72af,laencontre
16888,0,216657,0,"Departamento en Jr. Mariscal Ramón Castilla, San Miguel, Perú","Magdalena del Mar, Lima",106.8,3,2,0,TMT042506 ¡ENTREGA INMEDIATA! ¡ESTRENA UN ESTILO DE VIDA DIFERENTE! 🎉 VIVE EN SAN MIGUEL EN EL EDIFICIO QUE LO TIENE TODO...,https://www.laencontre.com.pe/inmueble/ddbb-9d30-19626dd-507bfe3a8854-72af,laencontre
16889,0,137219,0,"Departamento en Jr. Mariscal Ramón Castilla, San Miguel, Perú","Magdalena del Mar, Lima",67.6,3,2,0,TMT042505 ¡ENTREGA INMEDIATA! ¡ESTRENA UN ESTILO DE VIDA DIFERENTE! 🎉 VIVE EN SAN MIGUEL EN EL EDIFICIO QUE LO TIENE TODO...,https://www.laencontre.com.pe/inmueble/2ed7-9d30-19626cb-48bd1e44a475-72af,laencontre
16891,0,127822,0,"Departamento en Jr. Mariscal Ramón Castilla, San Miguel, Perú","Magdalena del Mar, Lima",62.98,3,2,0,TMT042502 ¡ENTREGA INMEDIATA! ¡ESTRENA UN ESTILO DE VIDA DIFERENTE! 🎉 VIVE EN SAN MIGUEL EN EL EDIFICIO QUE LO TIENE TODO...,https://www.laencontre.com.pe/inmueble/8f7b-9d30-1962628-2f9536122afd-72af,laencontre
16892,0,120000,0,"Departamento en Barranco, Lima","Barranco, Lima",40,1,1,0,LOFT EN VENTA IDEAL PARA AIRBNB EN ESTUDIO 4 - BARRANCO ÁREA 40 M2 1 Baño completo 1 Balcón Kitchenette Walk in closet Aárea...,https://www.laencontre.com.pe/inmueble/1424-928c-191c994-1f719fd36270-70cf,laencontre
16893,0,154000,0,"Departamento en Las Violetas, San Luis, Lima, Perú","San Luis, Lima",109.2,3,2,0,"VENTA DE DEPARTAMENTO DUPLEX, 3 DORM. - CALLE LAS VIOLETAS – SAN LUIS Ubicado en la privilegiada Urbanización Villa Jardín...",https://www.laencontre.com.pe/inmueble/411c-93be-193cb04-9bf98be30856-76ed,laencontre
16894,0,266400,0,"Departamento en Roma, Miraflores, Perú","Santa Cruz, Miraflores, Lima",111,2,3,0,"Cerca de la Av. Pardo y Av. Comandante Espinar Edificio de 8 pisos, 01 Ascensor Departamentos ubicado en el piso 01 Piso...",https://www.laencontre.com.pe/inmueble/ffc4-b804-7d886da9-8a27bb32313a-4ff3,laencontre
16895,0,385000,0,"Departamento en Surquillo, Lima","Surquillo, Lima",215,4,4,0,"EXCELENTE DEPARTAMENTO DUPLEX TOMAS MARZANO # 15XX- PISO 7 - La aurora - MIRAFLORES US$ 385,000 NEGOCIABLE AT 213.34...",https://www.laencontre.com.pe/inmueble/5e26-a330-19b1bbf-f9ab92a649a8-72c2,laencontre
16896,0,65000,0,"Departamento en Jirón Los Mercurios, San Martín De Porres, Lima, 15109, Per","Los Olivos, Lima",56.32,2,1,0,🏡 ¡Tu Nuevo Hogar listo para ti! 🌟 Hermoso Departamento en Venta en – San Martín de Porres Características del Departamento...,https://www.laencontre.com.pe/inmueble/b87a-9b2a-2bb48082-43145330739c-4957,laencontre
16897,0,86000,0,"Departamento en Calle Tres 3, Asociación Daniel Alcides Carrión, San Juan De Lurigancho, Lima, Per","San Juan de Lurigancho, Lima",160,3,2,0,"🏢 ¡160 m² DE AMPLITUD Y PRIVACIDAD TOTAL EN 2DO PISO - SJL! ¡Ideal para Vivienda Exclusiva, Taller Textil o Centro Logístico...",https://www.laencontre.com.pe/inmueble/def3-b72d-2b2f7295-3f395391109f-4b29,laencontre
16898,0,78000,0,"Departamento en Calle Tres 3, Asociación Daniel Alcides Carrión, San Juan De Lurigancho, Lima, Per","San Juan de Lurigancho, Lima",150,3,2,0,🏠 ¡150 m² DE PURA VERSATILIDAD EN EL CORAZÓN DE SJL! ¿Buscas el departamento de tus sueños o el local ideal para tu negocio...,https://www.laencontre.com.pe/inmueble/b697-9773-1a8ff264-93e499f99560-4a25,laencontre
16899,0,125000,0,"Departamento en Huamani Huaman Petronila, Calle Colorado 982, Ate, Lima, 15022, Per","Salamanca De Monterrico, Ate, Lima",92.4,4,2,0,"🏢 Departamento en Ate, Lima — Oportunidad ideal para familias 📍 Dirección: C. Colorado 234, Ate, Lima 📐 Área construída...",https://www.laencontre.com.pe/inmueble/e9de-aaf3-134ee2ad-af621c85e817-4ae0,laencontre
16900,0,129000,0,"Departamento en Alameda Luis Miroquesada 143, Surquillo, Perú","Surquillo, Lima",80,3,2,0,"🏡 ¡OPORTUNIDAD ÚNICA EN SURQUILLO! ✨ Departamento amplio, bien ubicado y listo para vivir 📍 Ubicado en el Conjunto Habitacional...",https://www.laencontre.com.pe/inmueble/5ff6-b75c-19d36b0-9322ba4b4d1a-70d4,laencontre
16901,0,118000,0,"Departamento en Chorrillos, Lima","Chorrillos, Lima",98,3,2,0,"🏡 Venta de Departamentos en Chorrillos Estreno – Disponible 3° Piso Urb. La Fovipol, a solo 3 cuadras del Malecón La Costanera...",https://www.laencontre.com.pe/inmueble/a4a2-a2b7-19a62be-7bdb52294bb8-7182,laencontre
16902,0,280000,0,"Departamento en Orrantia, Lima","Orrantia, San Isidro, Lima",130,3,3,0,✨𝙑𝙀𝙉𝘿𝙊 𝘿𝙀𝙋𝘼𝙍𝙏𝘼𝙈𝙀𝙉𝙏𝙊 𝘿𝙀 𝟭𝟯𝟬𝙢𝟮 𝟬𝟯 𝘿𝙊𝙍𝙈 + 𝘾𝙊𝘾𝙃𝙀𝙍𝘼 + 𝘿𝙀𝙋𝙊𝙎𝙄𝙏𝙊 𝘾𝙀𝙍𝘾𝘼 𝘼 𝙒𝙊...,https://www.laencontre.com.pe/inmueble/dac9-99f8-19ce5d0-7afcdb13eac2-721a,laencontre
16903,0,115000,0,"Departamento en Jirón Echenique 633, Magdalena Del Mar, Perú","Magdalena del Mar, Lima",66.95,2,2,0,🏡 Vendo Hermoso Departamento Flat – Magdalena del Mar con vista a la calle Bien iluminado Piso 9 📍 Dirección: Jr. Echenique...,https://www.laencontre.com.pe/inmueble/8175-b0b5-19a040d-4b29338a81e1-7885,laencontre
16904,0,55714,0,"Departamento en Comas, Lima","Comas, Lima",67.62,3,2,0,DEPARTAMENTO EN VENTA CONDOMINIO VISTA SOL – COMAS (*) DESCRIPCIÓN: - Área: 67 m² - Piso 4 - 3 habitaciones - 2 baños - ...,https://www.laencontre.com.pe/inmueble/36fe-9ff4-19cd68e-5956976377bc-7f60,laencontre
16905,0,152832,0,"Departamento en Pueblo Libre, Lima","Pueblo Libre, Lima",81,3,2,0,"Vive en un dúplex moderno, elegante y lleno de luz, ubicado en Av. Bolívar, Pueblo Libre, dentro de un edificio contemporáneo...",https://www.laencontre.com.pe/inmueble/1609-8ad5-19c1fbc-4bdfd3f3c63c-758d,laencontre
16906,0,3900000,0,"Departamento en Calle Víctor Maúrtua 469, San Isidro, Lima, 15073, Per","Orrantia, San Isidro, Lima",643,4,4,0,Proyecto Ultralujo Victor Maurtua 469 Desarrollador: Alex Ugarte Arquitecto: Estudio Lara Arquitectos SOLO 6 DEPARTAMENTOS...,https://www.laencontre.com.pe/inmueble/47dc-941d-19c2cb0-7e9c98d926a2-7a16,laencontre
16907,0,410000,0,"Departamento en C. Armando Blondet 266, San Isidro 15047, Perú","Corpac, San Isidro, Lima",218.55,3,4,0,"VENDO DÚPLEX DE ESTRENO EN SAN ISIDRO – DOBLE TERRAZA. Vive con estilo en el corazón de San Isidro, donde la modernidad ...",https://www.laencontre.com.pe/inmueble/8af7-a432-19c05ff-5ed0da8b03ef-7242,laencontre
16908,0,425000,0,"Departamento en Miraflores, Lima","Miraflores, Lima",260,3,4,0,CONTACTO: Silvana GamarraTELÉFONO: 9*9*7*2*2*1*2*0*8 Venta de Exclusivo Dúplex – Miraflores A pocas cuadras de la Huaca Pucllana...,https://www.laencontre.com.pe/inmueble/a8cc-baf6-19c5418-f446ba6343f3-7333,laencontre
16909,0,230000,0,"Departamento en Manet, La Calera De La Merced, Surquillo, Perú","Cercado de Lima, Lima",142,3,2,0,HERMOSO DUPLEX DE ENTREGA INMEDIATA CON ACABADOS QUE ENAMORAN EN EDIFICIO DE 9 PISOS DEPAS CON LA DISTRIBUCIÓN QUE ESPERABAS...,https://www.laencontre.com.pe/inmueble/b272-9917-19cdbd1-2b19af1bcf47-8001,laencontre
16910,0,172000,0,"Departamento en Surquillo, Lima","Surquillo, Lima",89,3,3,0,"📍Ubicado en la Urbanización La Calera de la Merced, a 1 cuadra de la Av. Aviación y Av. Angamos, cerca a Centro Comercial...",https://www.laencontre.com.pe/inmueble/e528-beb4-19b0a7c-a10cc8179a4d-7621,laencontre
16911,0,95000,0,"Departamento en Santiago De Surco, Lima","Santiago de Surco, Lima",109,2,3,0,DEPARTAMENTO EN SURCO 4TO PISO SIN ASCENSOR * EN CASCO* AUN PAR DE CUADRAS DE AV. TOMAS MARSANO Y CERCA A LA MUNICIPALIDAD...,https://www.laencontre.com.pe/inmueble/dbea-a932-1975620-32b54050e7-7d51,laencontre
16912,0,314000,0,"Departamento en Avenida Francisco Tudela Y Varela 241, Miraflores, Lima, 15073, Per","Santa Cruz, Miraflores, Lima",80.1,2,2,0,"Sala, comedor, cocina abierta tipo americana, balcon interno. Departamento de 2 dormitorios con baños completos. Lavandería...",https://www.laencontre.com.pe/inmueble/9aad-884b-19b01ff-94474e7515e4-7eb8,laencontre
16913,0,892000,0,"Departamento en Parque Naciones Unidas, Miraflores, Perú","Santa Cruz, Miraflores, Lima",284,3,3,0,Últimos departamentos en venta con terraza y 3 dormitorios en venta proyecto de 9 departamentos. Ubicación privilegiada a...,https://www.laencontre.com.pe/inmueble/84d9-ab41-1965c62-fb7e79c6385d-71d1,laencontre
16914,0,129000,0,"Departamento en Conjunto La Merced, Alameda Luis Miroquesada, Surquillo, Perú","Surquillo, Lima",80,3,2,0,"OPORTUNIDAD ÚNICA EN SURQUILLO – DPTO. 80M2 – 3DORM. Departamento amplio, bien ubicado y listo para vivir Ubicado en el...",https://www.laencontre.com.pe/inmueble/9e49-8e7b-19d6e1a-760480e8308d-71c2,laencontre
16915,0,320000,0,"Departamento en Orrantia, Lima","Orrantia, San Isidro, Lima",165,3,2,0,EXCELENTE UBICACION EN CORAZON DE SAN ISIDRO A UNA CUADRA DE AV. 2 DE MAYO CERCA A WONG Y BUENOS RESTAURANTES INGRESO CON...,https://www.laencontre.com.pe/inmueble/91a7-82b8-194f254-94a8f0b0ecf4-74c8,laencontre
16916,0,365000,0,"Departamento en Santiago De Surco, Lima","Santiago de Surco, Lima",208.57,4,6,0,🏡🌳𝙀𝙉 𝙑𝙀𝙉𝙏𝘼 𝙃𝙀𝙍𝙈𝙊𝙎𝙊 𝙏𝙍𝙄𝙋𝙇𝙀𝙓 𝟮𝟬𝟴𝙈𝟮 - 𝟬𝟰 𝘿𝙊𝙍𝙈𝙄𝙏𝙊𝙍𝙄𝙊𝙎 + 𝙅𝘼𝘾𝙐𝙕𝙕𝙄 + 𝙏𝙀𝙍𝙍𝘼𝙕𝘼...,https://www.laencontre.com.pe/inmueble/7153-9d78-19d0376-f9ac7202e7a-74b4,laencontre
16917,0,59000,0,"Departamento en Los Olivos, Lima","Los Olivos, Lima",55,2,1,0,"Vendo departamento San Martin Porres, ubicado muy cerca a la Av. Universitaria y Av. Los Alisos, donde tendrá opciones de...",https://www.laencontre.com.pe/inmueble/f3ec-8a4a-e523e7d6-78dac6d38975-451d,laencontre
16918,0,152740,0,"Departamento en Jesus Maria, Lima","Jesus Maria, Lima",0,2,2,0,DEPARTAMENTO IDEAL PARA INVERSIÓN EN MAGDALENA | LÍMITE SAN ISIDRO | ALTA RENTABILIDAD DESCRIPCIÓN  Invierte en una zona...,https://www.laencontre.com.pe/inmueble/285f-a024-19d6be6-9c940c2d7bc0-7c20,laencontre
16919,0,336000,0,"Departamento en Calle Jorge Arróspide Loyola, San Isidro, Lima, 15073, Per","Orrantia, San Isidro, Lima",120,2,3,0,"Ubicado en la exclusiva zona de Los Fresnos con 2 de Mayo en San Isidro, este departamento de 120 m² combina amplitud, funcionalidad...",https://www.laencontre.com.pe/inmueble/b63c-9ea5-19ca096-f1d847271d82-77f8,laencontre
16920,0,205000,0,"Departamento en Mia Bloom - Florerias, Avenida Tomás Marsano, Urbanización Los Tulipanes, Miraflores, Lima, 15048, Per","Miraflores, Lima",121.5,2,2,0,🏙️ Departamento amplio y bien distribuido en La Aurora – Miraflores (121.5 m²) CONTACTO: Luz Delgado -9-2-7-8-6-2-6----...,https://www.laencontre.com.pe/inmueble/a0e0-930a-19ca3af-bcdcd7d50499-71d6,laencontre
16921,0,101999,0,"Departamento en Juan Bielovucich Cavalier 1332, Lince, Perú","Risso, Lince, Lima",54.01,1,1,0,VENDO LINDO DEPARTAMENTO EN EL PRIMER PISO DE EDIFICIO EL CUAL ESTA A MEDIA CUADRA DEL PARQUE CASTILLA EN LINCE EL EDIFICIO...,https://www.laencontre.com.pe/inmueble/6a77-a6bf-19a2728-45c3328ad9ca-728e,laencontre
16922,0,103804,0,"Departamento en General Orbegoso 740, Breña, Perú","Pueblo Libre, Lima",61,3,2,0,"Edificio residencial de 8 pisos con 39 departamentos Con los mejores acabados de la zona Cuenta con gas natural, muebles...",https://www.laencontre.com.pe/inmueble/3c39-b5e9-a9a42e8a-3b9a3e584d9a-4331,laencontre
16923,0,97575,0,"Departamento en General Orbegoso 740, Breña, Perú","Pueblo Libre, Lima",62.84,3,2,0,"Edificio residencial de 8 pisos con 39 departamentos Con los mejores acabados de la zona Cuenta con gas natural, muebles...",https://www.laencontre.com.pe/inmueble/1b1e-b763-901137ff-40caae7ae370-489b,laencontre
16924,0,97575,0,"Departamento en General Orbegoso 740, Breña, Perú","Pueblo Libre, Lima",62.67,3,2,0,"Edificio residencial de 8 pisos con 39 departamentos Con los mejores acabados de la zona Cuenta con gas natural, muebles...",https://www.laencontre.com.pe/inmueble/57a-8886-32511839-c3d658ac2f74-4b13,laencontre
16925,0,50000,0,"Departamento en Condominio Los Parques De Villa El Salvador Ii, Avenida Los Algarrobos, Villa El Salvador, Perú","Villa El Salvador, Lima",62.34,3,2,0,"¡Vive seguro, cómodo y con todo cerca en Villa El Salvador! Se vende funcional departamento en Condominio Los Parques de...",https://www.laencontre.com.pe/inmueble/353-8985-19d7584-7b97a9e84c68-7718,laencontre
16926,0,235000,0,"Departamento en Santiago De Surco, Lima","Santiago de Surco, Lima",108,3,2,0,Disfrute de la tranquilidad y el potencial de revalorización en una de las zonas más apacibles del distrito. Este departamento...,https://www.laencontre.com.pe/inmueble/83cc-9947-19770ae-1e2fda4af6e-70ce,laencontre
16927,0,168878,0,"Departamento en Calle Los Narcizos, Urbanización Casuarinas Sur, Santiago De Surco, Lima, 15023, Per","Santiago de Surco, Lima",70.8,1,2,0,"🌟¡Pre-venta Flat de 70.80 m².con una linda vista panorámica! Descubre Torre Las Cantutas, un proyecto exclusivo en Calle...",https://www.laencontre.com.pe/inmueble/1c91-8166-dd133eeb-6cceea8e867a-43dd,laencontre
16928,0,162021,0,"Departamento en Jirón Los Amancaes 495-497, Urbanización Casuarinas Sur, Santiago De Surco, Lima, 15023, Per","Santiago de Surco, Lima",67.68,2,2,0,🌟 ¡Moderno y acogedor departamento a estrenar en Santiago de Surco! 🏡 Alto Casuarinas es un complejo multifamiliar de...,https://www.laencontre.com.pe/inmueble/f7dc-9894-8707e095-537ff885e31a-4bea,laencontre
16929,0,178638,0,"Departamento en Calle Los Narcizos, Urbanización Casuarinas Sur, Santiago De Surco, Lima, 15023, Per","Santiago de Surco, Lima",73.75,2,2,0,"¿Sueñas con un hogar que lo tenga todo? ¡Tu búsqueda ha terminado! Te presentamos Torre Las Cantutas, un exclusivo proyecto...",https://www.laencontre.com.pe/inmueble/e872-9cd0-82a28608-f80e2348c1af-4808,laencontre
16930,0,175087,0,"Departamento en Jirón Los Amancaes 495-497, Urbanización Casuarinas Sur, Santiago De Surco, Lima, 15023, Per","Santiago de Surco, Lima",72.21,2,2,0,"🌟 ¡Vive el estilo y comodidad que mereces en Santiago de Surco! 🌟 ""Alto Casuarinas es un complejo multifamiliar de 03...",https://www.laencontre.com.pe/inmueble/4808-8592-6e6a9d7e-1e9f371e061d-41fb,laencontre
16931,0,272410,0,"Departamento en Avenida Alejandro Velasco Astete, Urbanización La Alborada, Santiago De Surco, Lima, 15038, Per","Santiago de Surco, Lima",108,3,3,0,"🌟 Exclusivo Proyecto Estelar 1080 – Chacarilla Ubicado en la mejor zona de Chacarilla, el Proyecto Estelar 1080 te ofrece...",https://www.laencontre.com.pe/inmueble/8687-951b-630ae091-bb15a37a25bc-4b7a,laencontre
16932,0,154890,0,"Departamento en Jirón Los Amancaes 495-497, Urbanización Casuarinas Sur, Santiago De Surco, Lima, 15023, Per","Santiago de Surco, Lima",72.79,2,2,0,✨ ¡Descubre tu nuevo hogar en Santiago de Surco! 🌟 ¡ Alto Casuarinas es un complejo multifamiliar de 03 torres escalonadas...,https://www.laencontre.com.pe/inmueble/f50a-907e-1f77569e-9de4c820c2ca-4d28,laencontre
16933,0,182630,0,"Departamento en Calle Los Narcizos, Urbanización Casuarinas Sur, Santiago De Surco, Lima, 15023, Per","Santiago de Surco, Lima",87.43,2,2,0,"✨ ¡Oportunidad única en Santiago de Surco! ✨ Descubre tu próximo hogar en Las Cantutas 865, un moderno y acogedor departamento...",https://www.laencontre.com.pe/inmueble/8f03-82ce-e549c33-65e690609570-45a1,laencontre
16934,0,162021,0,"Departamento en Calle Los Narcizos, Urbanización Casuarinas Sur, Santiago De Surco, Lima, 15023, Per","Santiago de Surco, Lima",67.68,2,2,0,"✨ ¡Oportunidad única en Santiago de Surco! ✨ Descubre tu próximo hogar en Las Cantutas 865, un moderno y acogedor departamento...",https://www.laencontre.com.pe/inmueble/4384-b386-899faf9-ade43ace3d37-42a5,laencontre
16935,0,224840,0,"Departamento en Surquillo, Lima","Surquillo, Lima",128,4,3,0,"📍Ubicado en la Urbanización La Calera de la Merced, a 1 cuadra de la Av. Aviación y Av. Angamos, cerca a Centro Comercial...",https://www.laencontre.com.pe/inmueble/4749-80af-19a2d2a-901bcc9e9cc5-7781,laencontre
16936,0,215000,0,"Departamento en Surquillo, Lima","Surquillo, Lima",125,2,3,0,"Exclusivo departamento en Surquillo – 125 m²  Vive con comodidad y estilo en este amplio departamento de 125 m², diseñado...",https://www.laencontre.com.pe/inmueble/b1e8-b9fd-1999448-499d362f0fce-7286,laencontre
16937,0,195000,0,"Departamento en Miraflores, Lima","Miraflores, Lima",101,3,2,0,Depa en Miraflores – 101m² en ubicación céntrica y estratégica Área total: 101m² Piso: 4 (edificio de 15 pisos) Dormitorios...,https://www.laencontre.com.pe/inmueble/455b-9dab-197d88a-41c2b35d0ce1-7b3c,laencontre
16938,0,243000,0,"Departamento en Santiago De Surco, Lima","Santiago de Surco, Lima",108,3,2,0,Exclusivo Dúplex de 108 m² con Vista a Parque: El Equilibrio Perfecto entre Lujo y Conectividad Ubicado en el corazón de...,https://www.laencontre.com.pe/inmueble/bf33-883b-19d1dcb-c2695d585277-758c,laencontre
16939,0,230000,0,"Departamento en Av. San Luis, San Borja, Perú","San Borja, Lima",210,3,2,0,"Ubicado por la avenida San Borja Sur. AC: 134.00 / AO: 210.00 m2 Ubicado en un Segundo piso. Sala de estar, Sala, comedor...",https://www.laencontre.com.pe/inmueble/a982-8951-53027fa6-d970c0ae8467-4eb5,laencontre
16940,0,93987,0,"Departamento en San Juan De Miraflores, Lima","San Juan de Miraflores, Lima",73,3,2,0,"🏡 Venta de Departamentos – San Juan de Miraflores, Zona D Edificio en etapa de acabados – Entrega Juniol 2026 Te presento...",https://www.laencontre.com.pe/inmueble/e9a2-9d4e-19aa07e-15c8c01afd2c-7788,laencontre
16941,0,95000,0,"Departamento en San Juan De Miraflores, Lima","San Juan de Miraflores, Lima",83,3,2,0,🏡 ¡ Venta de departamento de 3 dormitorios con terraza y acabados A1 en San Juan de Miraflores! Descubre este moderno y...,https://www.laencontre.com.pe/inmueble/6c72-bf63-196388b-4c295118a7-7d63,laencontre
16942,0,220000,0,"Departamento en Jirón Hermano Santos García 111, Santiago De Surco, Perú","Santiago de Surco, Lima",125.85,3,3,0,"Vive con comodidad y excelente iluminación en este amplio departamento en primer piso con vista exterior, ubicado en una ...",https://www.laencontre.com.pe/inmueble/9a85-a0e2-19d74b9-806c7bfbf454-7190,laencontre
16943,0,144281,0,"Departamento en Av. Los Próceres 970, Santiago De Surco, Perú","Santiago de Surco, Lima",81,3,2,0,"Imagina vivir en un espacio moderno, funcional y luminoso, completamente remodelado con todo el confort que buscas y una ...",https://www.laencontre.com.pe/inmueble/3a88-9c4a-19ce32e-16aacf894629-77d0,laencontre
16944,0,145000,0,"Departamento en Fruticultores 205, La Molina, Perú","La Molina, Lima",97.37,3,2,0,"🏡 Departamento en venta – La Molina Área ocupada/techada: 97.37 m² Precio: US$ 145,000 ✨ Características principales ...",https://www.laencontre.com.pe/inmueble/3ad6-8dbc-19cd599-7173d78cab20-77e4,laencontre
16945,0,136800,0,"Departamento en Surquillo, Lima","Surquillo, Lima",72,3,2,0,"📍Ubicado en la Urbanización La Calera de la Merced, a 1 cuadra de la Av. Aviación y Av. Angamos, cerca a Centro Comercial...",https://www.laencontre.com.pe/inmueble/58bc-aa20-19a2d18-cfa66dbf8970-75e3,laencontre
16946,0,151020,0,"Departamento en Miraflores, Lima","Miraflores, Lima",58,2,2,0,"Vive con estilo en Miraflores, en un moderno edificio ubicado en Av. Roosevelt. Diseño contemporáneo, zonas comerciales en...",https://www.laencontre.com.pe/inmueble/e297-8411-19c2ae4-d981f6847889-7690,laencontre
16947,0,124500,0,"Departamento en Country Club, Lima","Country Club, San Isidro, Lima",57,2,2,0,"Descubra una excepcional oportunidad de vivir o invertir en el prestigioso corazón residencial de San Isidro, dentro del ...",https://www.laencontre.com.pe/inmueble/5fa3-bdeb-19c4737-6565db9cea8a-722f,laencontre
16948,0,80000,0,"Departamento en Avenida Los Patriotas 565, San Miguel, Lima, 15087, Per","Maranga, San Miguel, Lima",69,2,1,0,"🏡 ¡Vive en San Miguel! Tu nuevo hogar te espera ✨ Descubre este acogedor y funcional departamento, ideal para quienes...",https://www.laencontre.com.pe/inmueble/394d-b068-9e8710a7-927355e9f0a7-41a0,laencontre
16949,0,140000,0,"Departamento en Corpac, Lima","Corpac, San Isidro, Lima",50,1,1,0, Calle Juan del Carpio 175 – San Isidro - Número de pisos: 07 - Número de departamentos: 40 - Piso en el que se encuentra...,https://www.laencontre.com.pe/inmueble/7c65-ab1e-19bc30d-2ef1bbc522f6-7877,laencontre
16950,0,154223,0,"Departamento en Barranco, Lima","Barranco, Lima",72,2,2,0,"VENDO DEPARTAMENTO EN BARRANCO Ubicado en calle Delucchi, jiron Buenaaventura Aguirre cerca a la avenida Almirante Miguel...",https://www.laencontre.com.pe/inmueble/ac00-b85f-19cba10-d6a59441c14b-7ef8,laencontre
16951,0,75000,0,"Departamento en La Victoria, Lima","La Victoria, Lima",60,1,1,0,"DEPARTAMENTO EN 1ER. PISO PUERTA A LA CALLE , CONSTA DE: SALA /COMEDOR,1 DORMITORIO, COCINA, BAÑO LAVANDERIA, PATIO, IDEAL...",https://www.laencontre.com.pe/inmueble/1624-9e58-6b53c262-3725f86efe68-4d80,laencontre
16952,0,165000,0,"Departamento en Jirón Morro Solar, Santiago De Surco, Perú","Santiago de Surco, Lima",104,2,2,0,"Departamento en venta en Morro Solar, frente a la panamericana. Quinto piso. Dos dormitorios, dos baños completos, sala de...",https://www.laencontre.com.pe/inmueble/264c-9976-19c911d-afe5b55e0fe9-7241,laencontre
16953,0,90000,0,"Departamento en Prolongación Javier Prado, Ate, Lima, 15494, Per","Mayorazgo, Ate, Lima",71.91,2,2,0,"✨ ¡Exclusiva oportunidad de vivienda en Ate, Ubicado en Urbanización Los Portales de Javier Prado. Para mayor información...",https://www.laencontre.com.pe/inmueble/da56-a259-1916bd7-972dbfeddda5-790b,laencontre
16954,0,155000,0,"Departamento en Av. Ernesto Diez Canseco 500, Miraflores, Perú","Miraflores, Lima",102,2,2,0,"🏡 Ocasión en Miraflores – Departamento de 102 m² en Av. Díaz Canseco ✨ Ubicación top, luz natural y espacios amplios Vive...",https://www.laencontre.com.pe/inmueble/656b-a9bd-19a9df8-1f0304157114-7185,laencontre
16955,0,269000,0,"Departamento en Calle Madrid, Miraflores, Perú","Miraflores, Lima",130,3,3,0,"VENTA DE HERMOSO DÚPLEX EN MIRAFLORES – 130 m² Precio: $280,000 Mantenimiento: S/ 650 Vive en una de las zonas más exclusivas...",https://www.laencontre.com.pe/inmueble/d9a9-92fc-198bf04-b0e5dbb49af-7775,laencontre
16956,0,163000,0,"Departamento en Alfa Centauro, Lima, Perú","Surquillo, Lima",88,3,2,0,Moderno edificio en construcción con entrega Julio 2026 ubicado en la Calera de la merced Surquillo hermosos DEPAS con balcón...,https://www.laencontre.com.pe/inmueble/6c5a-8f8b-19cd66b-664c365df9f3-7201,laencontre
16957,0,263958,0,"Departamento en Avenida Roosevelt 5957, Miraflores, Lima 15047, Perú","Miraflores, Lima",121.4,3,2,0,"EXCELENTE DEPARTAMENTO EN REPÚBLICA DE PANAMÁ, MUY CERCA A RICARDO PALMA Y ROCA BOLOÑA, CON FÁCIL ACCESO A COLEGIOS, CENTROS...",https://www.laencontre.com.pe/inmueble/750b-bf32-19a4a9e-ed7a37bd73b2-7563,laencontre
16958,0,290000,0,"Departamento en Av. Tomás Marsano, Miraflores, Perú","Miraflores, Lima",150,3,3,0,"Imagina llegar a casa a un espacio amplio, iluminado y seguro, en una de las urbanizaciones más valoradas de Miraflores. ...",https://www.laencontre.com.pe/inmueble/ee7e-a0b3-19cc4af-9298fdb26a91-7165,laencontre
16959,0,343826,0,"Departamento en Calle 24, San Isidro, Lima, Perú","Corpac, San Isidro, Lima",190.65,2,3,0,VENDO DPTO. TRIPLEX 2D – PISO 3 - PROYECTO INMOBILIARIO EN SAN ISIDRO Calle 24 es un proyecto que ofrece departamentos ...,https://www.laencontre.com.pe/inmueble/cab0-9184-199c652-1977e4336504-7144,laencontre
16960,0,68900,0,"Departamento en Jirón Manuel Imbarren 246, Surquillo, Lima, 15047, Per","Surquillo, Lima",74,2,1,0,"Ubicación privilegiada a solo una cuadra de la Municipalidad de Surquillo, a 3 cuadras del parque tradiciones, en zona segura...",https://www.laencontre.com.pe/inmueble/6d15-8203-19a7041-ab4116976ff3-7318,laencontre
16961,0,268000,0,"Departamento en Tambo De Oro, Surco, Perú","Santiago de Surco, Lima",153,3,3,0,"Gran oportunidad de compra Se vende hermoso departamento en excelente zona de Surco, ubicado en calle segura frente a parque...",https://www.laencontre.com.pe/inmueble/928d-9a9e-19a0df6-cd013dff4d25-799d,laencontre
16962,0,239000,0,"Departamento en Playa Señoritas, Perú","Cercado de Lima, Lima",134,3,3,0,EXCELENTE OPORTUNIDAD VENTA DE DEPARTAMENTO FRENTE AL MAR EN PLAYA SEÑORITAS - PUNTA HERMOSA Metraje: 134m2 Año: 2015...,https://www.laencontre.com.pe/inmueble/43d5-a35c-1958cb3-1838a237d363-7b63,laencontre
16963,0,75000,0,"Departamento en Jr. Washington 1206, Lima, Perú","Cercado de Lima, Lima",52.98,1,1,0,"Excelente Oportunidad en el Centro de Lima Moderno y luminoso departamento de 52.98 m², ubicado en Jr. Washington 1206, Dpto...",https://www.laencontre.com.pe/inmueble/9bf-ad4d-19aa8d3-af7098c4855a-7102,laencontre
16964,0,115000,0,"Departamento en Avenida San Luis 1022, San Luis, Perú","San Luis, Lima",68,3,2,0,💥 TU PRÓXIMO HOGAR EN ZONA DE ALTA DEMANDA 💥 Depa + cochera en ubicación estratégica donde todo te queda cerca 🏡 Vive...,https://www.laencontre.com.pe/inmueble/7bef-af53-19c58ce-9f570adac933-7622,laencontre
16965,0,280000,0,"Departamento en Plaza Centro América, Miraflores, Perú","Santa Cruz, Miraflores, Lima",165,3,3,0,"Este hermoso departamento de 165 m² no es solo un espacio… es una experiencia para quienes valoran la tranquilidad, la amplitud...",https://www.laencontre.com.pe/inmueble/f3cd-af7f-199d568-14b15fe54a11-7823,laencontre
16966,0,112390,0,"Departamento en San Miguel, Perú","Maranga, San Miguel, Lima",53.24,2,2,0,TMT042501 ¡ENTREGA INMEDIATA! ¡ESTRENA UN ESTILO DE VIDA DIFERENTE! 🎉 VIVE EN SAN MIGUEL EN EL EDIFICIO QUE LO TIENE TODO...,https://www.laencontre.com.pe/inmueble/ff72-9d30-19625fe-222c7833788a-72af,laencontre
16967,0,150000,0,"Departamento en San Miguel, Lima","San Miguel, Lima",147,4,3,0,"📍Ubicación: En Urbanización MIRAMAR cerrada con único ingreso de salida y entrada, en Pasaje Los Claveles- San Miguel Edificio...",https://www.laencontre.com.pe/inmueble/b5c0-9bee-19a7e62-527d948998c5-7481,laencontre
16968,0,950000,0,"Departamento en Santa Cruz, Lima","Santa Cruz, Miraflores, Lima",250,3,4,0,Un edificio que combina la esencia de Miraflores con la elegancia atemporal de San Isidro. Este nuevo lanzamiento —de una...,https://www.laencontre.com.pe/inmueble/db10-bde8-19a8052-2818f10615de-74fc,laencontre
16969,0,139000,0,"Departamento en Corpac, Lima","Corpac, San Isidro, Lima",46.96,1,1,0,"DEPARTAMENTO | IDEAL INVERSIÓN O VIVIENDA 1 DORMITORIO En pleno Centro Financiero de San Isidro Precio: S/ 470,000 Vive ...",https://www.laencontre.com.pe/inmueble/de4b-baa2-19c7749-99d5fd299802-7e4b,laencontre
16970,0,185000,0,"Departamento en Jirón Las Gardenias 156, Surco, Perú","Santiago de Surco, Lima",130,3,3,0,Información: Maricielo Chirinos 9.2.2.8.8.8.6---- Ubicación Estratégica: El edificio se encuentra ubicado en una zona de...,https://www.laencontre.com.pe/inmueble/1cbc-8595-1947c14-c1eb1c2e71ca-76ef,laencontre
16971,0,172611,0,"Departamento en Maranga, Lima","Maranga, San Miguel, Lima",84.23,3,2,0,MODERNO FLAT DE ESTRENO CON TECNOLOGÍA DOMÓTICA DE ÚLTIMA GENERACIÓN C/ AREAS COMUNES UBICADO EN SAN MIGUEL LISTO PARA LA...,https://www.laencontre.com.pe/inmueble/f7c7-b298-19aeabb-f41a93395e18-74a0,laencontre
16972,0,234500,0,"Departamento en Surquillo, Lima","Surquillo, Lima",109.56,3,2,0,Departamento 109 m² en Surquillo límite con San Isidro | Piso 16 + Cochera Se vende amplio y moderno departamento en Surquillo...,https://www.laencontre.com.pe/inmueble/c2d6-8737-19d2e1a-e07db4298345-715d,laencontre
16973,0,250000,0,"Departamento en Santiago De Surco, Lima","Santiago de Surco, Lima",123,3,2,0,???? VENTA – Amplio dúplex en Surco | Calle Marconas (referencial) ???? Excelente ubicación en el distrito de...,https://www.laencontre.com.pe/inmueble/3459-b31b-19cd9fd-5c4fc0224c87-7335,laencontre
16974,0,415000,0,"Departamento en Av. Buena Vista 662, San Borja, Perú","San Borja, Lima",302,4,3,0,"VENTA DE HERMOSO Y AMPLIO DUPLEX EN BUENAVISTA $/415,000 Descripción ILUMINADO Y AMPLIO DUPLEX BIEN DISTRIBUIDO. SE ENCUENTRA...",https://www.laencontre.com.pe/inmueble/1b6b-a93b-198dfcc-ff8cd4dd906a-709c,laencontre
16975,0,340000,0,"Departamento en Avenida Jorge Basadre Grohmann 1593, San Isidro, Perú","Country Club, San Isidro, Lima",140,3,2,0,"Se vende amplio y elegante departamento ubicado en una de las mejores zonas de San Isidro, con vista externa a parque, excelente...",https://www.laencontre.com.pe/inmueble/43fc-bd75-19c8b79-d8a6a9696091-7853,laencontre
16976,0,265000,0,"Departamento en Miraflores, Lima","Miraflores, Lima",122,3,0,0,"Edificio ubicado en una de las zonas más estratégicas y modernas de Lima, este proyecto ha sido creado para quienes valoran...",https://www.laencontre.com.pe/inmueble/356e-940e-1982bcb-b692e80dbe2d-724f,laencontre
16977,0,360000,0,"Departamento en Calle Los Castaños 120, Urbanización El Remanso Etapa Ii, La Molina, Lima, 15024, Per","La Molina, Lima",142,3,3,0,"En venta espectacular departamento ubicado en el piso 14 de un moderno edificio en la calle Los Castaños, en pleno corazón...",https://www.laencontre.com.pe/inmueble/f0a5-9671-52733eba-f34b22ac7793-4a00,laencontre
16978,0,93200,0,"Departamento en Santiago De Surco, Lima","Santiago de Surco, Lima",53,2,2,0,"¡Descubre una oportunidad excepcional departamento en Surco con cochera!! Este departamento, de 52.70 m² piso 10, de un edificio...",https://www.laencontre.com.pe/inmueble/7957-b281-19accb4-6b51933e1fcb-7e35,laencontre
17022,0,180000,0,"Departamento en Jirón Cosmos, Santiago De Surco, Perú","Santiago de Surco, Lima",95,3,3,0,"DEPARTAMENTO EN VENTA EN SANTIAGO DE SURCO PRIMER PISO ELEVADO con ascensor y TERRAZA • Jr. Cosmos, Santiago De Surco, ...",https://www.laencontre.com.pe/inmueble/b2c7-a2a5-19c1f66-fcd1ae50d9db-76b4,laencontre
16979,0,165000,0,"Departamento en Calle Jhon Nepper 104, San Borja, Lima, 15036, Per","San Borja, Lima",76,2,3,0,🏡 Departamento en venta con vista al parque con deposito y cochera – San Borja Vive en una de las zonas más tranquilas...,https://www.laencontre.com.pe/inmueble/f21-b426-af1cc936-42bcd748103-411e,laencontre
16980,0,129310,0,"Departamento en Avenida Del Río 201, Magdalena Vieja, Lima, 15084, Per","Pueblo Libre, Lima",81,3,2,0,"Vive donde todo te conecta — Pueblo Libre estratégico 🚀 Si estás buscando ubicación, funcionalidad y proyección de valorización...",https://www.laencontre.com.pe/inmueble/fa75-83e3-8bc5cfce-490325ccb2db-4b7e,laencontre
16981,0,88000,0,"Departamento en Jirón Víctor Navarro Del Águila, San Martín De Porres, Lima, 15107, Per","San Martin de Porres, Lima",115,3,2,0,"¡Oportunidad de vivir en un departamento cómodo, iluminado y con excelente ubicación! Se vende hermoso departamento tipo...",https://www.laencontre.com.pe/inmueble/3987-b3cc-6add25c2-7c7d38fc925c-42ba,laencontre
16982,0,125000,0,"Departamento en Calle Los Canarios 81-181, Surquillo, Lima, 15047, Per","Surquillo, Lima",51.74,2,2,0,"Vive o invierte en una de las zonas con mayor demanda de Lima, a pasos de San Isidro y Miraflores. Este moderno departamento...",https://www.laencontre.com.pe/inmueble/71e1-af29-68ece69e-79a8ade7885e-4563,laencontre
16983,0,148000,0,"Departamento en Avenida Arequipa 2399, Lince, Lima, 15046, Per","Lobatón, Lince, Lima",58.3,2,2,0,✨ SE VENDE DEPARTAMENTO EN LINCE - VISTA EXTERNA✨ ✔️ Departamento Funcional 58.30 m2 ✔️Sala - comedor Intregada con...,https://www.laencontre.com.pe/inmueble/8700-ab94-5762819c-42590194e89c-4e8f,laencontre
16984,0,300000,0,"Departamento en Avenida Teniente Alejandro Velasco Astete 283, San Borja, Lima, 15037, Per","San Borja, Lima",260,4,3,0,🌟 ¡Exclusivo Departamento Duplex en Venta! 🌟 Si estás buscando un hogar espacioso y confortable en una ubicación privilegiada...,https://www.laencontre.com.pe/inmueble/a641-b829-47a4aa51-12064a8d884f-4cc9,laencontre
16985,0,79000,0,"Departamento en Jirón Maximiliano Velarde, Urbanización Los Portales, Santiago De Surco, Lima, 15054, Per","Cercado de Lima, Lima",64,3,2,0,"✨ INVERSIÓN INTELIGENTE EN SURCO – Terrazas de Surco ✨ 💰 Precio de ocasión: USD 84,000 Si buscas un departamento que...",https://www.laencontre.com.pe/inmueble/12d2-a0c2-257dd872-9c77866b1036-4863,laencontre
16986,0,300000,0,"Departamento en Avenida Teniente Alejandro Velasco Astete 283, San Borja, Lima, 15037, Per","San Borja, Lima",260,4,3,0,🌟 ¡Exclusivo Departamento Duplex en Venta! 🌟 Si estás buscando un hogar espacioso y confortable en una ubicación privilegiada...,https://www.laencontre.com.pe/inmueble/a641-b829-47a4aa51-12064a8d884f-4cc9,laencontre
16987,0,79000,0,"Departamento en Jirón Maximiliano Velarde, Urbanización Los Portales, Santiago De Surco, Lima, 15054, Per","Cercado de Lima, Lima",64,3,2,0,"✨ INVERSIÓN INTELIGENTE EN SURCO – Terrazas de Surco ✨ 💰 Precio de ocasión: USD 84,000 Si buscas un departamento que...",https://www.laencontre.com.pe/inmueble/12d2-a0c2-257dd872-9c77866b1036-4863,laencontre
16988,0,82000,0,"Departamento en Maranga, Lima","Maranga, San Miguel, Lima",0,0,0,0,VIVE E INVIERTE FRENTE AL MAR EN SAN MIGUEL Descubre una oportunidad única para asegurar tu futuro en una de las zonas con...,https://www.laencontre.com.pe/inmueble/4d2d-8eb0-19d8acd-21cec1ed65e6-7323,laencontre
16989,0,133000,0,"Departamento en La Calera, Surquillo, Perú","Surquillo, Lima",72,2,2,0,VENTA DE DPTOS. DE ESTERNO EN EDIFICIO MULTIFAMILIAR EN LA MEJOR ZONA DE SURQUILLO ESTRENO Libre alcabala- Entrega inmediata...,https://www.laencontre.com.pe/inmueble/ba82-863f-19b0e4e-66eee816b6f2-7530,laencontre
16990,0,495000,0,"Departamento en Alameda Picaflores 161, San Borja, Perú","San Borja, Lima",283.23,3,3,0,"Departamento en primer piso con amplias terrazas – Chacarilla del Estanque, San Borja Exclusivo departamento en primer piso...",https://www.laencontre.com.pe/inmueble/a439-80ce-19bebc6-5e93fa325eae-7705,laencontre
16991,0,88974,0,"Departamento en Calle 20a, San Miguel, Perú","Maranga, San Miguel, Lima",70,3,2,0,𝐄𝐍 𝐕𝐄𝐍𝐓𝐀 𝐃𝐄𝐏𝐀𝐑𝐓𝐀𝐌𝐄𝐍𝐓𝐎 𝐄𝐍 𝐒𝐀𝐍 𝐌𝐈𝐆𝐔𝐄𝐋 Av. La Paz cdra. 20 | Urb. Miramar 𝐏𝐫𝐞𝐜𝐢𝐨: 𝐒/ ...,https://www.laencontre.com.pe/inmueble/37c-a350-197394e-ebb60c50b805-790b,laencontre
16992,0,220000,0,"Departamento en Av. San Borja Sur, San Borja, Perú","San Borja, Lima",106,3,2,0,"𝐕𝐄𝐍𝐃𝐎 𝐇𝐄𝐑𝐌𝐎𝐒𝐎 𝐃𝐄𝐏𝐀𝐑𝐓𝐀𝐌𝐄𝐍𝐓𝐎 𝐄𝐍 𝐒𝐀𝐍 𝐁𝐎𝐑𝐉𝐀 𝗨𝗕𝗜𝗖𝗔𝗖𝗜𝐎𝗡: Av. San Borja Sur xxx, Cerca...",https://www.laencontre.com.pe/inmueble/9415-84d5-19c83e7-870515cc46bd-7573,laencontre
16993,0,132000,0,"Departamento en Maranga, Lima","Maranga, San Miguel, Lima",120,3,2,0,Vendo amplio departamento remodelado en San Miguel frente a parque. Ubicado frente al parque Paul Harris Cerca a las avenidas...,https://www.laencontre.com.pe/inmueble/e354-87fd-19d7632-32f206f6e2b3-7311,laencontre
16994,0,639000,0,"Departamento en Av. Alejandro Velasco Astete 1160, Lima, Perú","Santiago de Surco, Lima",512.61,3,3,0,"Se vende moderno y amplio departamento dúplex ubicado en Av. Velasco Astete – Santiago de Surco, en una zona residencial ...",https://www.laencontre.com.pe/inmueble/6ed2-9ef5-19ce38d-1f5365acacf5-72cf,laencontre
16995,0,278000,0,"Departamento en Santa Cruz, Lima","Santa Cruz, Miraflores, Lima",155.65,2,3,0,"- SE VENDE DUPLEX DE ESTRENO - EN PLENO CORAZÓN DE MIRAFLORES Muy bien ubicado y centrico en el distrito de Miraflores,...",https://www.laencontre.com.pe/inmueble/2d14-8b3c-1919313-649b45783770-7979,laencontre
16996,0,108000,0,"Departamento en Jirón Cápac Yupanqui 2040, Lince, Perú","Risso, Lince, Lima",71.63,2,1,0,💥 VENTA DE DEPARTAMENTO EN LINCE – ZONA TOP Y CONECTADA 💥 🏠 Características del depa: 2 dormitorios | 1 baño completo...,https://www.laencontre.com.pe/inmueble/d6bc-86a3-19c548c-e3a500a0a42b-7243,laencontre
16997,0,165000,0,"Departamento en Magdalena Del Mar, Lima","Magdalena del Mar, Lima",195,8,3,0,SE VENDE EN REMATE UN AMPLIO DEPARTAMENTO CON VISTA EXTERIOR CERCA A PARQUE TUPAC AMARU EN MAGDALENA DEL MAR ...,https://www.laencontre.com.pe/inmueble/700a-bef9-19d273d-979d3b3ed3bf-7217,laencontre
16998,0,394000,0,"Departamento en Orrantia, Lima","Orrantia, San Isidro, Lima",130.65,3,2,0,Vive el estilo de vida que mereces en este Edificio BOUTIQUE en San Isidro de 4 pisos y 14 exclusivos departamentos diseñados...,https://www.laencontre.com.pe/inmueble/4ffd-8a71-19d318c-350ded52542f-7ba2,laencontre
16999,0,120000,0,"Departamento en San Martin De Porres, Lima","San Martin de Porres, Lima",160,4,3,0,"Departamento con local comercial, estratégicamente ubicado cerca de comercios en general, en Av. Los Próceres de Huandoy ...",https://www.laencontre.com.pe/inmueble/69c4-ade8-192a271-2f36f9fc6eba-76e7,laencontre
17000,0,215000,0,"Departamento en Hospital Neoplasicas Inen, Av. Angamos Este, Surquillo, Perú","Surquillo, Lima",129,4,3,0,Duplex de estreno con terraza de 3 hab + cuarto de estudio 2 baños deposito ( alacena ) Walking closet cocina equipada tablero...,https://www.laencontre.com.pe/inmueble/4a65-b50b-19d13a3-a3770963d52-751e,laencontre
17001,0,155706,0,"Departamento en Cristóbal De Peralta Sur 1, Santiago De Surco, Perú","Santiago de Surco, Lima",121,3,2,0,VENDO LINDO DEPARTAMENTO EN SURCO Av. Cristóbal de Peralta Norte CUADRA 1 Surco (cruce de primavera con evitamiento) Características...,https://www.laencontre.com.pe/inmueble/3039-8c7e-197ce54-168ddf5bca0b-7acb,laencontre
17002,0,195000,0,"Departamento en Santiago De Surco, Lima","Santiago de Surco, Lima",104,3,2,0,Departamento Dúplex Invertido | 104 m² | 3 Dorm. | A 1 cuadra de Velasco Astete | No Paga Alcabala Disfruta de la comodidad...,https://www.laencontre.com.pe/inmueble/ad06-8460-1965fbd-9b87bd79771-7f67,laencontre
17003,0,163000,0,"Departamento en Risso, Lima","Risso, Lince, Lima",60.15,2,2,0,"Edificio ubicado frente al emblemático Parque Castilla, es un proyecto diseñado para quienes desean equilibrio entre la ciudad...",https://www.laencontre.com.pe/inmueble/9807-a24d-1982a13-ff2e05453ff1-7242,laencontre
17004,0,85000,0,"Departamento en Madrid, Pueblo Libre, Perú","Pueblo Libre, Lima",43,1,2,0,!EL ESPACIO QUE BUSCAS SIN MULTITUDES! Edificio multifamiliar de solo 17 departamentos en calle Augusto Bedoya (Ex calle...,https://www.laencontre.com.pe/inmueble/55ba-8439-19cc582-2df010e36962-75d4,laencontre
17005,0,829000,0,"Departamento en Santiago De Surco, Lima","Santiago de Surco, Lima",597,4,5,0,"Dúplex en venta – 597 m² en Cerros de Camacho, Surco  Contáctame directamente: Melisa Arévalo – 9- 5 -1 - 9 - 0 - 5 - 5 ...",https://www.laencontre.com.pe/inmueble/10ab-9bb4-199a2e0-474cf16b132-7677,laencontre
17006,0,345000,0,"Departamento en Jirón Veinticuatro 14, San Borja, Lima, 15037, Per","Cercado de Lima, Lima",252.87,4,3,0,"🏡 Casa Familiar en Venta – San Borja, Urb. Ramón Castilla 🌳 ¡Vive en una de las zonas más exclusivas y tranquilas de San...",https://www.laencontre.com.pe/inmueble/a734-b720-59cdf9ec-91a32d1747a6-419b,laencontre
17007,0,122000,0,"Departamento en Jirón Río Huaura 319, Magdalena Vieja, Lima, 15084, Per","Pueblo Libre, Lima",71.4,2,1,0,"""Imagina despertar cada día con la serenidad de un parque frente a ti, en un hogar lleno de espacio y recuerdos. Un departamento...",https://www.laencontre.com.pe/inmueble/66bd-84cf-5b4e877-27c3fa2deaa-4e97,laencontre
17008,0,88000,0,"Departamento en Jirón Larrabure Y Unanue 317-417, Jesús María, Lima, 15072, Per","Oyague, Jesus Maria, Lima",60,1,1,0,VENTA – DEPARTAMENTO U OFICINA EN JESÚS MARÍA 1 dormitorio + 1 estudio Oportunidad de adquirir un espacio ideal para oficina...,https://www.laencontre.com.pe/inmueble/207f-b2fd-19ce9d3-47edc42ab901-7255,laencontre
17009,0,640000,0,"Departamento en Calle Los Gladiolos, Miraflores, Perú","Miraflores, Lima",514,3,4,0,"Excelente zona de Aurora Vendo Pent-house Moderno Vendo lindo penthouse de 4 años de antigüedad, prácticamente nuevo, moderno...",https://www.laencontre.com.pe/inmueble/c7e2-beb5-98706aa5-9f318c8c63d3-4c1a,laencontre
17010,0,98000,0,"Departamento en Condominio Alameda Buganvillas, Calle 9, Comas, Perú","Puente Piedra, Lima",85,3,2,0,"🚩𝐃𝐄 𝐄𝐒𝐓𝐑𝐄𝐍𝐎 🚩 ✨✨ 𝙎𝙀 𝙑𝙀𝗡𝐃𝐄 𝐃𝐄𝐏𝐀𝐑𝐓𝐀𝐌𝐄𝐍𝐓𝐎 𝐃𝐄 𝟖𝟓.𝟬𝟬 𝗠𝟮 𝗖𝗢𝗡 𝗖𝗢𝗖𝗛𝗘𝗥𝗔 🚗, 𝘾𝙊𝙉...",https://www.laencontre.com.pe/inmueble/944f-b9cb-19c3ed1-1125ca990a80-712c,laencontre
17011,0,155706,0,"Departamento en Calle El Solitario De Sayán 783, San Miguel, Lima, 15087, Per","Maranga, San Miguel, Lima",79.45,3,2,0,✨ ¡Descubre la oportunidad de vivir frente al parque en el corazón de San Miguel! ✨ Te presento un moderno departamento...,https://www.laencontre.com.pe/inmueble/d0f2-8f56-6058b071-4b42e5f44336-4e71,laencontre
17012,0,230000,0,"Departamento en Santiago De Surco, Lima","Santiago de Surco, Lima",127,3,2,0,CONTACTAR CON LA ASESORA MIRTHA VELIZ  1.1.5.8.2.2.8 ACOGEDOR DEPARTAMENTO FLAT EN MONTERRICO CHICO – VISTA PANORÁMICA IMPRESIONANTE...,https://www.laencontre.com.pe/inmueble/e847-984a-199ca5b-fc8a81a06008-7573,laencontre
17013,0,160000,0,"Departamento en Av. Ernesto Diez Canseco 4, Lima, Perú","Miraflores, Lima",70.14,1,1,0,COP042665 ✨ VENTA DEPARTAMENTO FULL AMOBLADO EN MIRAFLORES ✨ 📍 Av. Ernesto Diez Canseco Cuadra 4. Piso 9. Miraflores ...,https://www.laencontre.com.pe/inmueble/775b-9863-19d895a-cc0c6c5b7ea7-7393,laencontre
17014,0,150000,0,"Departamento en San Martin De Porres, Lima","San Martin de Porres, Lima",60,1,2,0,"𝗩𝗘𝗡𝗧𝗔 𝗗𝗘𝗣𝗔 𝗡𝗔𝗥𝗖𝗜𝗦𝗢 - 𝗠𝗜𝗥𝗔𝗙𝗟𝗢𝗥𝗘𝗦 📍Ubicación: Calle los Narcisos de la Colina, muy cerca de la ...",https://www.laencontre.com.pe/inmueble/cc9-865f-198c9e6-d1d5c2baa6e3-76a0,laencontre
17015,0,239000,0,"Departamento en Jirón Nicaragua 196, Jesús María, Perú","Jesus Maria, Lima",125,3,3,0,"Departamento ubicado en Jesús María, frente a la Residencia San Felipe, en una zona residencial tranquila y de fácil acceso...",https://www.laencontre.com.pe/inmueble/97ae-97fa-19c01b1-2a919f7506b8-7454,laencontre
17016,0,570000,0,"Departamento en Miraflores, Lima","Miraflores, Lima",326,4,4,0,"Exclusivo departamento en Miraflores — C. Miguel Aljovín 238 Descripción breve: Espacio amplio y moderno de 267,29 m² en...",https://www.laencontre.com.pe/inmueble/9f54-bbc9-19a511c-d07010b06978-7531,laencontre
17017,0,185000,0,"Departamento en Av. Sergio Bernales 377, Surquillo, Perú","Surquillo, Lima",180.21,3,3,0,"📍 Ubicación estratégica y residencial 📌 Av. Sergio Bernales 377, Dpto. 1404 – Surquillo (Barrio Médico) 🌳 Vista directa...",https://www.laencontre.com.pe/inmueble/8af-8cd7-19c2a2d-7fe9576b095f-75f9,laencontre
17018,0,68000,0,"Departamento en San Juan De Miraflores, Lima","San Juan de Miraflores, Lima",97.45,3,1,0,"Ubicado en el segundo piso de un edificio bien conservado, este encantador departamento de 97.45 m² ofrece una excelente ...",https://www.laencontre.com.pe/inmueble/6d6e-8f94-1999bd6-6ed67cb148f7-76a6,laencontre
17019,0,235000,0,"Departamento en Punta Hermosa, Punta Hermosa, Perú","Punta Hermosa, Lima",95,3,3,0,VENDO DPTO PUNTA HERMOSA AL COSTADO DE LA ROTONDA 03 DORM 01 ESTAC. DPTO . MODERNO! EN EL LUGAR MÁS ATRACTIVO CON ACTIVIDADES...,https://www.laencontre.com.pe/inmueble/9dbb-8bf8-196e989-b1433b040376-77f6,laencontre
17020,0,150000,0,"Departamento en Av. Sangarara 431, Comas, Perú","Comas, Lima",145,4,4,0,"Este edificio cuenta con 4 unidades rentables. Un departamento por piso, listo para generar ingresos múltiples con un solo...",https://www.laencontre.com.pe/inmueble/16a3-9363-19cbcee-f10606b8cc0c-76d0,laencontre
17021,0,392000,0,"Departamento en Santiago De Surco, Lima","Santiago de Surco, Lima",180.2,3,3,0,"¡Vive la Exclusividad en Surco con tu Nuevo Dúplex de Ensueño!  Te presentamos este duplex ubicado en Surco, URB. HIGUERETA...",https://www.laencontre.com.pe/inmueble/1d56-b9d7-19d6953-98b62e954f85-796f,laencontre
17023,0,70883,0,"Departamento en Av. El Sol Este, Barranco, Perú","Barranco, Lima",39.31,1,1,0,ATENCION INVERSIONISTAS - VENTA DE LOFTS Y DPTOS DESDE 24 M2 UBICADOS EN EL DISTRITO DE MAYOR DEMANDA POR EL TURISMO BARRANCO...,https://www.laencontre.com.pe/inmueble/8a98-ad08-19af4c5-fa1cc0b63065-719a,laencontre
17024,0,175000,0,"Departamento en Avenida Ayacucho, Santiago De Surco, Perú","Santiago de Surco, Lima",179,5,4,0,"Se vende solo 2do y 3er piso los cuales fueron implementados tipo DUPLEX, con un area total de 179m2- 1er nivel - 5 dormitorios...",https://www.laencontre.com.pe/inmueble/8cd8-821b-19d4ae0-f3ab89e2c2bc-76c0,laencontre
17025,0,190020,0,"Departamento en Jr. Bodegones 485, Lima 15039, Perú","Santiago de Surco, Lima",64.91,3,2,0,"DEPARTAMENTO EXCLUSIVO EN SURCO | MODERNIDAD, ESTILO Y CALIDAD DE VIDA | PREVENTA ¡Haz de este espacio tu nuevo hogar! 🏡...",https://www.laencontre.com.pe/inmueble/98d3-ae54-19c1181-c8bd9eb68390-7243,laencontre
17026,0,158523,0,"Departamento en Maranga, Lima","Maranga, San Miguel, Lima",78.55,3,2,0,VENDO DEPARTAMENTOS DE ESTRENO CON VISTA INTERIOR CERCA A PARQUES- San Miguel ¡No paga alcabala! Entrega Mayo 2025 Banco...,https://www.laencontre.com.pe/inmueble/626-ba92-19aeb37-ec9c5139a512-7385,laencontre
17027,0,275000,0,"Departamento en Calle Coronel Inclán, Miraflores, Perú","Miraflores, Lima",138,2,3,0,🏡🌺𝙑𝙀𝙉𝘿𝙊 𝘿𝙀𝙋𝘼𝙍𝙏𝘼𝙈𝙀𝙉𝙏𝙊 𝙀𝙉 𝙋𝙍𝙄𝙈𝙀𝙍 𝙋𝙄𝙎𝙊 + 𝘾𝙊𝘾𝙃𝙀𝙍𝘼 𝘾𝙊𝙉 𝙑𝙄𝙎𝙏𝘼 𝘼 𝙇𝘼 𝘾𝘼𝙇𝙇𝙀 ...,https://www.laencontre.com.pe/inmueble/d9b4-a39e-19cf2de-ac330ba24b-775f,laencontre
17028,0,145000,0,"Departamento en Avenida Alfredo Mendiola, San Martín De Porres, Lima, 15102, Per","San Martin de Porres, Lima",179.75,6,4,0,"¡Inversión Inteligente en un Solo Piso! ""Atención inversionistas y familias visionarias: ¡les presento una oportunidad sin...",https://www.laencontre.com.pe/inmueble/a0b9-bb7e-d072f190-a17ea3bb1a44-4c83,laencontre
17029,0,145000,0,"Departamento en Jirón Huamánga 448, Magdalena Del Mar, Lima, 15086, Per","Magdalena del Mar, Lima",70.5,3,2,0,"📍 ¡Estrena Departamento con Vista Externa en Magdalena del Mar! ¿Buscas comodidad, conectividad y una vista espectacular...",https://www.laencontre.com.pe/inmueble/b8ba-baa7-b9673598-c777f8d8eb38-464d,laencontre
17030,0,95000,0,"Departamento en Calle Catorce, Pueblo Joven Vírgen De Cocharcas, Villa El Salvador, Lima, 15842, Per","Villa El Salvador, Lima",139,5,2,0,🎯🎯VENTA DEPARTAMENTO EN VILLA EL SALVADOR🌳🌞 ASOC. VIV. VILLA DE JESUS a 7 minutos de Panamericana Sur) Se vende amplio...,https://www.laencontre.com.pe/inmueble/72b0-a6c0-19cfe46-95ce08f2731-70c9,laencontre
17031,0,45000,0,"Departamento en Puente Piedra, Lima","Puente Piedra, Lima",52,3,1,0,"🏡 ¡OPORTUNIDAD ÚNICA! DEPARTAMENTO EN VENTA – VALLE VERDE, PUENTE PIEDRA 🏡 💰 Precio: US$ 45,000 📐 Área: 52.86 m² 📍 ...",https://www.laencontre.com.pe/inmueble/1cf4-98f1-19c4f47-a475f6b37780-765e,laencontre
17032,0,70299,0,"Departamento en Avenida Costanera & Calle San Martín, San Miguel, Perú","Maranga, San Miguel, Lima",40,1,1,0,"Precio en Soles: S/ 237,033.00 - ¡No pierdas la oportunidad de ser parte de Carolina del Mar, ofrecemos un departamento en...",https://www.laencontre.com.pe/inmueble/7e5a-b7eb-19d7e5b-e761ed5ecbbf-7412,laencontre
17033,0,95452,0,"Departamento en Av. Costanera & Calle San Martín, San Miguel, Perú","Maranga, San Miguel, Lima",63,2,2,0,"¡No pierdas la oportunidad de ser parte de Carolina del Mar, ofrecemos un departamento en venta *(ENTREGA: Setiembre del ...",https://www.laencontre.com.pe/inmueble/3bbd-9d66-19d7423-d5f295b4fb6c-72ae,laencontre
17034,0,162500,0,"Departamento en Av. Pedro De Osma, Barranco, Perú","Barranco, Lima",44,1,1,0,"SFM052502 VENTA DEPARTAMENTO AMOBLADO PARA INVERSION 💯 Ubicado en zona céntrica de Barranco, ideal para inversión, cerca...",https://www.laencontre.com.pe/inmueble/54fa-aa0f-197141e-f3dce5989a02-76e7,laencontre
17035,0,126389,0,"Departamento en San Borja, Lima","San Borja, Lima",56.6,2,2,0,Vive en el corazón de San Isidro Descube un nuevo estilo de vida en un moderno proyecto ubicado en la emblemática Av. Javier...,https://www.laencontre.com.pe/inmueble/82bf-8e6a-198abae-993d86d9fe11-7472,laencontre
17036,0,205000,0,"Departamento en Villa Maria Del Triunfo, Lima","Villa Maria del Triunfo, Lima",160,3,3,0,VENDO DEPARTAMENTO S-MART CON COCHERA PISO 02 – VILLA MARIA DEL TRIUNFO 160M2 (AMOBLADO O SIN AMOBLAR) Se encuentra en una...,https://www.laencontre.com.pe/inmueble/d537-bfd0-19ccd1c-64123a6f6d8d-7d69,laencontre
17037,0,495000,0,"Departamento en El Olivar, Lima","El Olivar, San Isidro, Lima",240,3,0,0,🏡 VENTA DE DÚPLEX EN SAN ISIDRO – EXCLUSIVA OPORTUNIDAD Se vende amplio dúplex de 240 m² en una de las zonas más exclusivas...,https://www.laencontre.com.pe/inmueble/c786-b340-1976b2e-3cae31da6c15-7a1e,laencontre
17038,0,84000,0,"Departamento en Calle Daniel Cruz 107-185, Surquillo, Lima, 15038, Per","Surquillo, Lima",41.15,1,1,0,PROYECTO RESIDENCIAL – LA CALERA SURQUILLO - ENTREGA MAYO 2027 Te presentamos nuestro nuevo proyecto diseñado para ustedes...,https://www.laencontre.com.pe/inmueble/e883-8d2d-1929b34-258ce930da47-74ce,laencontre
17039,0,280000,0,"Departamento en Risso, Lima","Risso, Lince, Lima",111,3,2,0,🏡🌺𝙎𝙀 𝙑𝙀𝙉𝘿𝙀 𝘿𝙀𝙋𝘼𝙍𝙏𝘼𝙈𝙀𝙉𝙏𝙊 𝙀𝙉 𝙇𝙄𝙉𝘾𝙀 𝙇𝙄𝙈𝙄𝙏𝙀 𝘾𝙊𝙉 𝙎𝘼𝙉 𝙄𝙎𝙄𝘿𝙍𝙊 𝘾𝙊𝙉 𝟬𝟮 𝘾𝙊𝘾𝙃...,https://www.laencontre.com.pe/inmueble/7ac5-8def-19d5b26-e51d341a156d-7783,laencontre
17040,0,123000,0,"Departamento en Calle Los Canarios 103, Surquillo, Perú","Surquillo, Lima",51.74,2,2,0,"Vive o invierte en una de las zonas con mayor demanda de Lima, a pasos de San Isidro y Miraflores. Este moderno departamento...",https://www.laencontre.com.pe/inmueble/20b-ac50-19d3137-422fcfd3aa60-72d2,laencontre
17041,0,143938,0,"Departamento en Maranga, Lima","Maranga, San Miguel, Lima",73,3,2,0,"PROYECTO RESIDENCIAL – ENTREGA SET 2025 Moderno & Minimalista Ubicado en San Miguel, entre la intersección de C. Juan Enrique...",https://www.laencontre.com.pe/inmueble/75c-b2e4-191e770-748ccfab6588-7090,laencontre
17042,0,66000,0,"Departamento en Avenida Veintiséis De Mayo, Ate, Lima, 15498, Per","Salamanca De Monterrico, Ate, Lima",78,2,1,0,𝗦𝗘 𝗩𝗘𝗡𝗗𝗘 𝗗𝗘𝗣𝗔𝗥𝗧𝗔𝗠𝗘𝗡𝗧𝗢 𝗗𝗨𝗣𝗟𝗘𝗫 𝗘𝗡 𝗔𝗧𝗘 𝗔 𝟱 𝗠𝗜𝗡. 𝗗𝗘 𝗦𝗔𝗡𝗧𝗔 𝗔𝗡𝗜𝗧𝗔. 📍 Ubicación...,https://www.laencontre.com.pe/inmueble/811a-aef9-19d1cc8-c96e14e6796-7fff,laencontre
17043,0,182306,0,"Departamento en Av. Del Parque Sur, San Borja, Perú","San Borja, Lima",72,2,2,0,"PROYECTO INMOBILIARIO DPTOS. DE 1, 2 Y 3 D. AV. PARQUE SUR – SAN BORJA ENTREGA INMEDIATA Vive rodeado de áreas verdes. ...",https://www.laencontre.com.pe/inmueble/34af-9312-198cdef-85c893d6714b-76c8,laencontre
17045,0,198007,0,"Departamento en Santa Cruz, Lima","Santa Cruz, Miraflores, Lima",86.16,3,2,0,DEPARTAMENTO DE ESTRENO EN MENDIBURU - MIRAFLORES. - AT. 86.16 M2. VISTA INTERNA EN PISO 5 - 3 DORMITORIOS. - EL PRINCIPAL...,https://www.laencontre.com.pe/inmueble/5d79-95e3-195f80e-66e24a3c3966-7f72,laencontre
17046,0,205405,0,"Departamento en Franklin, Surquillo, Perú","Surquillo, Lima",129,3,3,0,"HERMOSOS DEPAS AL COSTADO DEL PARQUE HÉROES DE LA PAZ ,EDIFICIO EN CONSTRUCCIÓN ENTREGA FEBRERO 2027 CON ACABADOS QUE...",https://www.laencontre.com.pe/inmueble/f732-9614-19d0f20-528789897917-7ebb,laencontre
17047,0,95000,0,"Departamento en Comas, Lima","Comas, Lima",147,4,2,0,Alameda del Pinar – Comas | Av. Tamborillo (Dpto. 301) Se vende amplio departamento en 3er piso ubicado en una de las zonas...,https://www.laencontre.com.pe/inmueble/6913-b03e-19c4516-d92a336c60e4-7488,laencontre
17048,0,487000,0,"Departamento en Orrantia, Lima","Orrantia, San Isidro, Lima",258,0,0,0,"???? Amplio Departamento con Terraza Privada y Zona de Parrilla – San Isidro Exclusivo flat de 258 m², ubicado en el primer...",https://www.laencontre.com.pe/inmueble/cf6f-addd-19d0330-80cc0fce97c6-764f,laencontre
17049,0,100000,0,"Departamento en Calle Los Algarrobos, Conjunto Residencial Los Parques De Villa El Salvador Etapa I, Villa El Salvador, Lima, 15842, Per","Villa El Salvador, Lima",62,3,1,0,"Departamento modificado y mejorado por el propietario, ideal para quienes buscan un inmueble listo para mudarse, con acabados...",https://www.laencontre.com.pe/inmueble/69f4-84ad-19d08bb-e368e15d9a52-787f,laencontre
17050,0,86500,0,"Departamento en Doña Nelly 304, Santiago De Surco, Perú","Santiago de Surco, Lima",74.05,3,2,0,"Si estás buscando tu próximo hogar en una zona tranquila y bien ubicada, este departamento en Urb. Santa Rosa de Surco puede...",https://www.laencontre.com.pe/inmueble/f22b-9f4e-19ce44c-c1cc36b11f44-721a,laencontre
17051,0,750000,0,"Departamento en Punta Hermosa, Lima","Punta Hermosa, Lima",315,5,7,0,"¡Tu oasis frente al mar en Playa Caballeros, Punta Hermosa – 315 m² de lujo, diseño y privacidad! Ponemos en venta este ...",https://www.laencontre.com.pe/inmueble/de3a-9caa-199a3bb-b872f6e7d2cd-70a5,laencontre
17052,0,140579,0,"Departamento en Avenida De Los Patriotas 319, San Miguel, Lima, 15087, Per","Maranga, San Miguel, Lima",73.65,3,2,0,"Haz de este espacio tu nuevo hogar en San Miguel, donde la modernidad y la comodidad se encuentran para ofrecerte un estilo...",https://www.laencontre.com.pe/inmueble/5e06-af36-1bece818-4c5b93f426a7-4afb,laencontre
17053,0,170906,0,"Departamento en Av. Javier Prado Este 100, Lima, Perú","Corpac, San Isidro, Lima",71,2,2,0,"Ubicado en el límite con San Isidro, rodeado de comercios, servicios y con excelente conexión a las principales vías 🚗✨ ...",https://www.laencontre.com.pe/inmueble/68e7-880f-19ba433-2e9093ebdc30-7763,laencontre